{"type":"FeatureCollection","features":[{"type":"Feature","id":"190,100,80","properties":{"kind":"area","colour":"190,100,80","biome":"Leviathan Coast","biomeId":"48745-rebirth.mod","profile":"coast","iron":0.333333,"copper":0.183333,"ironMultiplier":1.0,"copperMultiplier":0.550000011920929,"stone":0.5,"stoneMultiplier":1.0,"water":0.3,"waterMultiplier":0.6000000238418579,"waterMin":0.20000000298023224,"waterAltitudeMin":0.0,"waterAltitudeMax":700.0,"waterAltitudeFade":200.0,"fertility":0.625,"fertilityMultiplier":0.75,"fertilityMin":0.0,"fertilityAltitudeMin":0.0,"fertilityAltitudeMax":800.0,"fertilityAltitudeFade":500.0,"arid":0.5,"aridValue":0.5,"green":1.0,"greenValue":1.0,"swamp":0.0,"swampValue":0.0,"wind":0.7,"windMin":0.0,"windMax":70.0,"weatherProfileId":"wp-93dd755d8054","weatherStrengthMin":1.0,"weatherStrengthMax":1.0,"specialWeather":["酸性雨"],"acidicGround":0.0,"acidicWater":0.0},"geometry":{"type":"MultiPolygon","coordinates":[[[[62,-33],[62,-31],[63,-31],[63,-30],[66,-30],[66,-27],[67,-27],[67,-26],[69,-26],[69,-25],[70,-25],[70,-23],[71,-23],[71,-22],[73,-22],[73,-21],[76,-21],[76,-20],[77,-20],[77,-19],[78,-19],[78,-18],[79,-18],[79,-17],[80,-17],[80,-16],[86,-16],[86,-15],[85,-15],[85,-14],[84,-14],[84,-12],[83,-12],[83,-11],[82,-11],[82,-9],[79,-9],[79,-7],[78,-7],[78,-6],[77,-6],[77,-5],[76,-5],[76,-3],[75,-3],[75,-2],[74,-2],[74,-3],[72,-3],[72,-1],[71,-1],[71,0],[57,0],[57,-1],[51,-1],[51,-2],[48,-2],[48,-3],[45,-3],[45,-4],[44,-4],[44,-5],[43,-5],[43,-7],[42,-7],[42,-8],[41,-8],[41,-9],[40,-9],[40,-11],[35,-11],[35,-12],[34,-12],[34,-11],[32,-11],[32,-12],[31,-12],[31,-13],[32,-13],[32,-14],[34,-14],[34,-17],[36,-17],[36,-18],[38,-18],[38,-19],[40,-19],[40,-22],[44,-22],[44,-23],[45,-23],[45,-24],[47,-24],[47,-25],[48,-25],[48,-26],[49,-26],[49,-27],[50,-27],[50,-28],[51,-28],[51,-29],[52,-29],[52,-31],[55,-31],[55,-32],[57,-32],[57,-33],[59,-33],[59,-34],[61,-34],[61,-33],[62,-33]]]]}},{"type":"Feature","id":"101,133,255","properties":{"kind":"area","colour":"101,133,255","biome":"Darkfinger","biomeId":"55659-rebirth.mod","profile":"rich arid","iron":0.5,"copper":0.333333,"ironMultiplier":1.5,"copperMultiplier":1.0,"stone":0.6,"stoneMultiplier":1.2000000476837158,"water":0.5,"waterMultiplier":1.0,"waterMin":0.20000000298023224,"waterAltitudeMin":300.0,"waterAltitudeMax":1300.0,"waterAltitudeFade":1000.0,"fertility":0.833333,"fertilityMultiplier":1.0,"fertilityMin":0.0,"fertilityAltitudeMin":0.0,"fertilityAltitudeMax":1300.0,"fertilityAltitudeFade":1100.0,"arid":1.0,"aridValue":1.0,"green":0.5,"greenValue":0.5,"swamp":0.0,"swampValue":0.0,"wind":0.7,"windMin":0.0,"windMax":70.0,"weatherProfileId":"wp-93dd755d8054","weatherStrengthMin":1.0,"weatherStrengthMax":1.0,"specialWeather":["酸性雨"],"acidicGround":0.0,"acidicWater":0.0},"geometry":{"type":"MultiPolygon","coordinates":[[[[135,-26],[135,-14],[133,-14],[133,-13],[130,-13],[130,-12],[129,-12],[129,-11],[128,-11],[128,-9],[127,-9],[127,-8],[125,-8],[125,-7],[124,-7],[124,-5],[123,-5],[123,-3],[121,-3],[121,-2],[119,-2],[119,-1],[112,-1],[112,-2],[113,-2],[113,-3],[112,-3],[112,-4],[111,-4],[111,-5],[108,-5],[108,-6],[107,-6],[107,-7],[106,-7],[106,-10],[105,-10],[105,-14],[106,-14],[106,-17],[105,-17],[105,-18],[106,-18],[106,-20],[108,-20],[108,-21],[109,-21],[109,-22],[110,-22],[110,-28],[111,-28],[111,-29],[112,-29],[112,-30],[113,-30],[113,-31],[114,-31],[114,-32],[115,-32],[115,-33],[116,-33],[116,-34],[118,-34],[118,-35],[119,-35],[119,-36],[120,-36],[120,-35],[121,-35],[121,-34],[126,-34],[126,-33],[131,-33],[131,-32],[132,-32],[132,-31],[133,-31],[133,-28],[134,-28],[134,-26],[135,-26]]]]}},{"type":"Feature","id":"255,32,128","properties":{"kind":"area","colour":"255,32,128","biome":"Sinkuun","biomeId":"62834-rebirth.mod","profile":"dry arid borderlands","iron":0.333333,"copper":0.2,"ironMultiplier":1.0,"copperMultiplier":0.6000000238418579,"stone":0.5,"stoneMultiplier":1.0,"water":0.25,"waterMultiplier":0.5,"waterMin":0.10000000149011612,"waterAltitudeMin":0.0,"waterAltitudeMax":500.0,"waterAltitudeFade":900.0,"fertility":0.5,"fertilityMultiplier":0.6000000238418579,"fertilityMin":0.0,"fertilityAltitudeMin":0.0,"fertilityAltitudeMax":800.0,"fertilityAltitudeFade":800.0,"arid":1.0,"aridValue":1.0,"green":0.1,"greenValue":0.10000000149011612,"swamp":0.0,"swampValue":0.0,"wind":0.7,"windMin":0.0,"windMax":70.0,"weatherProfileId":"wp-ffaa9b07eb55","weatherStrengthMin":1.0,"weatherStrengthMax":1.0,"specialWeather":[],"acidicGround":0.0,"acidicWater":0.0},"geometry":{"type":"MultiPolygon","coordinates":[[[[133,-31],[132,-31],[132,-32],[131,-32],[131,-33],[128,-33],[128,-40],[127,-40],[127,-41],[130,-41],[130,-40],[132,-40],[132,-39],[134,-39],[134,-38],[146,-38],[146,-39],[149,-39],[149,-40],[151,-40],[151,-41],[154,-41],[154,-40],[155,-40],[155,-36],[160,-36],[160,-35],[161,-35],[161,-25],[160,-25],[160,-24],[159,-24],[159,-21],[158,-21],[158,-18],[157,-18],[157,-17],[156,-17],[156,-15],[157,-15],[157,-14],[158,-14],[158,-13],[159,-13],[159,-12],[160,-12],[160,-9],[159,-9],[159,-8],[158,-8],[158,-7],[157,-7],[157,-5],[156,-5],[156,-4],[155,-4],[155,-2],[154,-2],[154,-1],[144,-1],[144,-2],[143,-2],[143,-3],[142,-3],[142,-6],[141,-6],[141,-8],[140,-8],[140,-10],[139,-10],[139,-12],[138,-12],[138,-13],[137,-13],[137,-14],[135,-14],[135,-26],[134,-26],[134,-28],[133,-28],[133,-31]]]]}},{"type":"Feature","id":"200,100,0","properties":{"kind":"area","colour":"200,100,0","biome":"The Great Desert","biomeId":"55621-rebirth.mod","profile":"Desert","iron":0.333333,"copper":0.233333,"ironMultiplier":1.0,"copperMultiplier":0.699999988079071,"stone":0.55,"stoneMultiplier":1.100000023841858,"water":0.1,"waterMultiplier":0.20000000298023224,"waterMin":0.10000000149011612,"waterAltitudeMin":0.0,"waterAltitudeMax":500.0,"waterAltitudeFade":200.0,"fertility":0.625,"fertilityMultiplier":0.75,"fertilityMin":0.0,"fertilityAltitudeMin":0.0,"fertilityAltitudeMax":800.0,"fertilityAltitudeFade":300.0,"arid":1.0,"aridValue":1.0,"green":0.0,"greenValue":0.0,"swamp":0.0,"swampValue":0.0,"wind":0.7,"windMin":0.0,"windMax":70.0,"weatherProfileId":"wp-793ff536296f","weatherStrengthMin":1.0,"weatherStrengthMax":1.0,"specialWeather":["砂嵐"],"acidicGround":0.0,"acidicWater":0.0},"geometry":{"type":"MultiPolygon","coordinates":[[[[150,-82],[155,-82],[155,-83],[156,-83],[156,-84],[158,-84],[158,-85],[159,-85],[159,-86],[163,-86],[163,-85],[164,-85],[164,-82],[165,-82],[165,-81],[166,-81],[166,-78],[167,-78],[167,-76],[168,-76],[168,-74],[169,-74],[169,-73],[171,-73],[171,-72],[173,-72],[173,-71],[188,-71],[188,-72],[192,-72],[192,-71],[199,-71],[199,-70],[200,-70],[200,-68],[201,-68],[201,-66],[203,-66],[203,-65],[204,-65],[204,-64],[207,-64],[207,-63],[206,-63],[206,-61],[205,-61],[205,-59],[204,-59],[204,-53],[205,-53],[205,-51],[206,-51],[206,-48],[207,-48],[207,-42],[208,-42],[208,-39],[207,-39],[207,-33],[206,-33],[206,-31],[204,-31],[204,-29],[203,-29],[203,-28],[199,-28],[199,-27],[194,-27],[194,-26],[191,-26],[191,-25],[187,-25],[187,-26],[186,-26],[186,-25],[185,-25],[185,-26],[184,-26],[184,-25],[182,-25],[182,-24],[179,-24],[179,-23],[177,-23],[177,-22],[176,-22],[176,-20],[175,-20],[175,-19],[168,-19],[168,-20],[164,-20],[164,-19],[163,-19],[163,-18],[161,-18],[161,-16],[160,-16],[160,-15],[161,-15],[161,-12],[159,-12],[159,-13],[158,-13],[158,-14],[157,-14],[157,-15],[156,-15],[156,-17],[157,-17],[157,-18],[158,-18],[158,-21],[159,-21],[159,-24],[160,-24],[160,-25],[161,-25],[161,-35],[160,-35],[160,-36],[155,-36],[155,-40],[154,-40],[154,-46],[153,-46],[153,-47],[152,-47],[152,-52],[151,-52],[151,-53],[150,-53],[150,-54],[148,-54],[148,-55],[147,-55],[147,-56],[146,-56],[146,-57],[145,-57],[145,-59],[144,-59],[144,-60],[142,-60],[142,-61],[135,-61],[135,-62],[132,-62],[132,-63],[133,-63],[133,-64],[134,-64],[134,-65],[135,-65],[135,-66],[137,-66],[137,-67],[138,-67],[138,-68],[139,-68],[139,-69],[140,-69],[140,-70],[142,-70],[142,-71],[144,-71],[144,-72],[145,-72],[145,-73],[146,-73],[146,-74],[148,-74],[148,-75],[149,-75],[149,-81],[150,-81],[150,-82]]],[[[206,-30],[207,-30],[207,-29],[206,-29],[206,-30]]]]}},{"type":"Feature","id":"195,195,195","properties":{"kind":"area","colour":"195,195,195","biome":"Cannibal Plains","biomeId":"42254-rebirth.mod","profile":"coast","iron":0.333333,"copper":0.183333,"ironMultiplier":1.0,"copperMultiplier":0.550000011920929,"stone":0.5,"stoneMultiplier":1.0,"water":0.3,"waterMultiplier":0.6000000238418579,"waterMin":0.20000000298023224,"waterAltitudeMin":0.0,"waterAltitudeMax":700.0,"waterAltitudeFade":200.0,"fertility":0.625,"fertilityMultiplier":0.75,"fertilityMin":0.0,"fertilityAltitudeMin":0.0,"fertilityAltitudeMax":800.0,"fertilityAltitudeFade":500.0,"arid":0.5,"aridValue":0.5,"green":1.0,"greenValue":1.0,"swamp":0.0,"swampValue":0.0,"wind":0.7,"windMin":0.0,"windMax":70.0,"weatherProfileId":"wp-91a6e2c11f00","weatherStrengthMin":1.0,"weatherStrengthMax":1.0,"specialWeather":["酸性雨"],"acidicGround":0.0,"acidicWater":0.0},"geometry":{"type":"MultiPolygon","coordinates":[[[[79,-18],[78,-18],[78,-19],[77,-19],[77,-20],[76,-20],[76,-21],[73,-21],[73,-22],[71,-22],[71,-23],[70,-23],[70,-25],[69,-25],[69,-26],[67,-26],[67,-27],[66,-27],[66,-30],[63,-30],[63,-31],[62,-31],[62,-33],[61,-33],[61,-35],[63,-35],[63,-36],[64,-36],[64,-37],[65,-37],[65,-43],[64,-43],[64,-48],[65,-48],[65,-51],[67,-51],[67,-50],[70,-50],[70,-49],[76,-49],[76,-44],[77,-44],[77,-43],[85,-43],[85,-47],[86,-47],[86,-49],[89,-49],[89,-47],[90,-47],[90,-46],[91,-46],[91,-45],[92,-45],[92,-44],[93,-44],[93,-43],[94,-43],[94,-41],[95,-41],[95,-38],[96,-38],[96,-35],[95,-35],[95,-34],[94,-34],[94,-28],[95,-28],[95,-27],[94,-27],[94,-26],[93,-26],[93,-25],[92,-25],[92,-24],[91,-24],[91,-23],[90,-23],[90,-22],[89,-22],[89,-21],[88,-21],[88,-20],[87,-20],[87,-16],[80,-16],[80,-17],[79,-17],[79,-18]]]]}},{"type":"Feature","id":"50,50,100","properties":{"kind":"area","colour":"50,50,100","biome":"The Iron Trail","biomeId":"42255-rebirth.mod","profile":"coast","iron":0.333333,"copper":0.183333,"ironMultiplier":1.0,"copperMultiplier":0.550000011920929,"stone":0.5,"stoneMultiplier":1.0,"water":0.3,"waterMultiplier":0.6000000238418579,"waterMin":0.20000000298023224,"waterAltitudeMin":0.0,"waterAltitudeMax":700.0,"waterAltitudeFade":200.0,"fertility":0.625,"fertilityMultiplier":0.75,"fertilityMin":0.0,"fertilityAltitudeMin":0.0,"fertilityAltitudeMax":800.0,"fertilityAltitudeFade":500.0,"arid":0.5,"aridValue":0.5,"green":1.0,"greenValue":1.0,"swamp":0.0,"swampValue":0.0,"wind":0.7,"windMin":0.0,"windMax":70.0,"weatherProfileId":"wp-93dd755d8054","weatherStrengthMin":1.0,"weatherStrengthMax":1.0,"specialWeather":["酸性雨"],"acidicGround":0.0,"acidicWater":0.0},"geometry":{"type":"MultiPolygon","coordinates":[[[[16,-25],[18,-25],[18,-24],[17,-24],[17,-22],[16,-22],[16,-19],[14,-19],[14,-18],[12,-18],[12,-19],[11,-19],[11,-20],[10,-20],[10,-21],[11,-21],[11,-22],[13,-22],[13,-25],[15,-25],[15,-24],[16,-24],[16,-25]]],[[[55,-32],[55,-31],[52,-31],[52,-29],[51,-29],[51,-28],[50,-28],[50,-27],[49,-27],[49,-26],[48,-26],[48,-25],[47,-25],[47,-24],[45,-24],[45,-23],[44,-23],[44,-22],[40,-22],[40,-23],[35,-23],[35,-22],[33,-22],[33,-21],[32,-21],[32,-20],[21,-20],[21,-22],[20,-22],[20,-25],[21,-25],[21,-26],[22,-26],[22,-28],[25,-28],[25,-30],[26,-30],[26,-31],[28,-31],[28,-32],[33,-32],[33,-31],[34,-31],[34,-30],[35,-30],[35,-31],[37,-31],[37,-29],[39,-29],[39,-31],[40,-31],[40,-32],[41,-32],[41,-33],[44,-33],[44,-34],[46,-34],[46,-37],[52,-37],[52,-38],[54,-38],[54,-39],[56,-39],[56,-40],[57,-40],[57,-41],[58,-41],[58,-42],[60,-42],[60,-43],[61,-43],[61,-44],[62,-44],[62,-45],[64,-45],[64,-43],[65,-43],[65,-37],[64,-37],[64,-36],[63,-36],[63,-35],[61,-35],[61,-34],[59,-34],[59,-33],[57,-33],[57,-32],[55,-32]]],[[[9,-34],[9,-33],[8,-33],[8,-34],[9,-34]]],[[[10,-40],[10,-36],[9,-36],[9,-35],[8,-35],[8,-37],[7,-37],[7,-38],[8,-38],[8,-40],[9,-40],[9,-42],[10,-42],[10,-45],[11,-45],[11,-46],[10,-46],[10,-47],[11,-47],[11,-49],[12,-49],[12,-51],[13,-51],[13,-54],[14,-54],[14,-50],[13,-50],[13,-48],[12,-48],[12,-44],[11,-44],[11,-40],[10,-40]]]]}},{"type":"Feature","id":"128,0,255","properties":{"kind":"area","colour":"128,0,255","biome":"Northern Coast","biomeId":"48746-rebirth.mod","profile":"coast","iron":0.333333,"copper":0.183333,"ironMultiplier":1.0,"copperMultiplier":0.550000011920929,"stone":0.5,"stoneMultiplier":1.0,"water":0.3,"waterMultiplier":0.6000000238418579,"waterMin":0.20000000298023224,"waterAltitudeMin":0.0,"waterAltitudeMax":700.0,"waterAltitudeFade":200.0,"fertility":0.625,"fertilityMultiplier":0.75,"fertilityMin":0.0,"fertilityAltitudeMin":0.0,"fertilityAltitudeMax":800.0,"fertilityAltitudeFade":500.0,"arid":0.5,"aridValue":0.5,"green":1.0,"greenValue":1.0,"swamp":0.0,"swampValue":0.0,"wind":0.7,"windMin":0.0,"windMax":70.0,"weatherProfileId":"wp-93dd755d8054","weatherStrengthMin":1.0,"weatherStrengthMax":1.0,"specialWeather":["酸性雨"],"acidicGround":0.0,"acidicWater":0.0},"geometry":{"type":"MultiPolygon","coordinates":[[[[103,-43],[103,-44],[104,-44],[104,-47],[113,-47],[113,-48],[121,-48],[121,-47],[122,-47],[122,-45],[123,-45],[123,-44],[125,-44],[125,-43],[126,-43],[126,-42],[127,-42],[127,-40],[128,-40],[128,-33],[126,-33],[126,-34],[121,-34],[121,-35],[120,-35],[120,-36],[115,-36],[115,-37],[112,-37],[112,-36],[109,-36],[109,-35],[107,-35],[107,-34],[101,-34],[101,-33],[100,-33],[100,-29],[99,-29],[99,-28],[98,-28],[98,-27],[95,-27],[95,-28],[94,-28],[94,-34],[95,-34],[95,-35],[96,-35],[96,-38],[99,-38],[99,-40],[102,-40],[102,-43],[103,-43]]]]}},{"type":"Feature","id":"85,100,30","properties":{"kind":"area","colour":"85,100,30","biome":"Purple Sands","biomeId":"48744-rebirth.mod","profile":"None","iron":0.033333,"copper":0.033333,"ironMultiplier":0.10000000149011612,"copperMultiplier":0.10000000149011612,"stone":0.0,"stoneMultiplier":0.0,"water":0.0,"waterMultiplier":0.0,"waterMin":0.0,"waterAltitudeMin":0.0,"waterAltitudeMax":12000.0,"waterAltitudeFade":5000.0,"fertility":0.0,"fertilityMultiplier":0.0,"fertilityMin":0.0,"fertilityAltitudeMin":0.0,"fertilityAltitudeMax":12000.0,"fertilityAltitudeFade":5000.0,"arid":1.0,"aridValue":1.0,"green":0.0,"greenValue":0.0,"swamp":0.0,"swampValue":0.0,"wind":0.8,"windMin":30.0,"windMax":80.0,"weatherProfileId":"wp-0e79aa54977d","weatherStrengthMin":1.0,"weatherStrengthMax":1.0,"specialWeather":["砂嵐"],"acidicGround":0.0,"acidicWater":0.0},"geometry":{"type":"MultiPolygon","coordinates":[[[[61,-44],[61,-43],[60,-43],[60,-42],[58,-42],[58,-41],[57,-41],[57,-40],[56,-40],[56,-39],[54,-39],[54,-38],[52,-38],[52,-37],[46,-37],[46,-40],[47,-40],[47,-42],[46,-42],[46,-58],[51,-58],[51,-57],[57,-57],[57,-56],[58,-56],[58,-55],[64,-55],[64,-53],[65,-53],[65,-48],[64,-48],[64,-45],[62,-45],[62,-44],[61,-44]]]]}},{"type":"Feature","id":"125,100,125","properties":{"kind":"area","colour":"125,100,125","biome":"Hidden Forest","biomeId":"48748-rebirth.mod","profile":"fertile holy","iron":0.333333,"copper":0.066667,"ironMultiplier":1.0,"copperMultiplier":0.20000000298023224,"stone":0.5,"stoneMultiplier":1.0,"water":0.75,"waterMultiplier":1.5,"waterMin":0.10000000149011612,"waterAltitudeMin":0.0,"waterAltitudeMax":800.0,"waterAltitudeFade":600.0,"fertility":0.833333,"fertilityMultiplier":1.0,"fertilityMin":0.0,"fertilityAltitudeMin":0.0,"fertilityAltitudeMax":400.0,"fertilityAltitudeFade":600.0,"arid":0.0,"aridValue":0.0,"green":1.0,"greenValue":1.0,"swamp":0.0,"swampValue":0.0,"wind":0.3,"windMin":0.0,"windMax":30.0,"weatherProfileId":"wp-b744c8a71d86","weatherStrengthMin":1.0,"weatherStrengthMax":1.0,"specialWeather":[],"acidicGround":0.0,"acidicWater":0.0},"geometry":{"type":"MultiPolygon","coordinates":[[[[89,-58],[89,-63],[90,-63],[90,-68],[94,-68],[94,-69],[97,-69],[97,-65],[98,-65],[98,-62],[99,-62],[99,-61],[100,-61],[100,-59],[101,-59],[101,-55],[100,-55],[100,-49],[101,-49],[101,-48],[102,-48],[102,-47],[104,-47],[104,-44],[103,-44],[103,-43],[102,-43],[102,-40],[99,-40],[99,-38],[95,-38],[95,-41],[94,-41],[94,-43],[93,-43],[93,-44],[92,-44],[92,-45],[91,-45],[91,-46],[90,-46],[90,-47],[89,-47],[89,-49],[88,-49],[88,-51],[89,-51],[89,-53],[88,-53],[88,-58],[89,-58]]]]}},{"type":"Feature","id":"0,30,140","properties":{"kind":"area","colour":"0,30,140","biome":"Bast","biomeId":"55664-rebirth.mod","profile":"arid- borderlands, high canyons","iron":0.333333,"copper":0.266667,"ironMultiplier":1.0,"copperMultiplier":0.800000011920929,"stone":0.5,"stoneMultiplier":1.0,"water":0.25,"waterMultiplier":0.5,"waterMin":0.10000000149011612,"waterAltitudeMin":300.0,"waterAltitudeMax":1300.0,"waterAltitudeFade":1000.0,"fertility":0.833333,"fertilityMultiplier":1.0,"fertilityMin":0.0,"fertilityAltitudeMin":0.0,"fertilityAltitudeMax":1300.0,"fertilityAltitudeFade":1100.0,"arid":1.0,"aridValue":1.0,"green":0.1,"greenValue":0.10000000149011612,"swamp":0.0,"swampValue":0.0,"wind":0.7,"windMin":0.0,"windMax":70.0,"weatherProfileId":"wp-229a963bdd82","weatherStrengthMin":1.0,"weatherStrengthMax":1.0,"specialWeather":["砂嵐"],"acidicGround":0.0,"acidicWater":0.0},"geometry":{"type":"MultiPolygon","coordinates":[[[[128,-57],[128,-61],[129,-61],[129,-63],[130,-63],[130,-64],[133,-64],[133,-63],[132,-63],[132,-62],[135,-62],[135,-61],[142,-61],[142,-60],[144,-60],[144,-59],[145,-59],[145,-57],[146,-57],[146,-56],[147,-56],[147,-55],[148,-55],[148,-54],[150,-54],[150,-53],[151,-53],[151,-52],[152,-52],[152,-47],[153,-47],[153,-46],[154,-46],[154,-41],[151,-41],[151,-40],[149,-40],[149,-39],[146,-39],[146,-38],[134,-38],[134,-39],[132,-39],[132,-40],[130,-40],[130,-41],[127,-41],[127,-42],[126,-42],[126,-43],[125,-43],[125,-44],[123,-44],[123,-45],[122,-45],[122,-50],[123,-50],[123,-51],[124,-51],[124,-52],[125,-52],[125,-53],[126,-53],[126,-54],[127,-54],[127,-57],[128,-57]]]]}},{"type":"Feature","id":"0,152,255","properties":{"kind":"area","colour":"0,152,255","biome":"Berserker Country","biomeId":"42256-rebirth.mod","profile":null,"iron":0.0,"copper":0.0,"ironMultiplier":0,"copperMultiplier":0,"stone":0.0,"stoneMultiplier":0,"water":0.0,"waterMultiplier":0,"waterMin":0,"waterAltitudeMin":0,"waterAltitudeMax":0,"waterAltitudeFade":0,"fertility":0.0,"fertilityMultiplier":0,"fertilityMin":0,"fertilityAltitudeMin":0,"fertilityAltitudeMax":0,"fertilityAltitudeFade":0,"arid":0.0,"aridValue":0,"green":0.0,"greenValue":0,"swamp":0.0,"swampValue":0,"wind":0.0,"windMin":0,"windMax":0,"weatherProfileId":"wp-97d170e1550e","weatherStrengthMin":1.0,"weatherStrengthMax":1.0,"specialWeather":[],"acidicGround":0.0,"acidicWater":0.0},"geometry":{"type":"MultiPolygon","coordinates":[[[[36,-47],[36,-52],[35,-52],[35,-58],[36,-58],[36,-60],[37,-60],[37,-61],[39,-61],[39,-62],[44,-62],[44,-63],[47,-63],[47,-62],[48,-62],[48,-58],[46,-58],[46,-43],[43,-43],[43,-44],[39,-44],[39,-45],[38,-45],[38,-46],[37,-46],[37,-47],[36,-47]]]]}},{"type":"Feature","id":"90,180,255","properties":{"kind":"area","colour":"90,180,255","biome":"Floodlands","biomeId":"42084-rebirth.mod","profile":"polluted","iron":0.333333,"copper":0.333333,"ironMultiplier":1.0,"copperMultiplier":1.0,"stone":0.35,"stoneMultiplier":0.699999988079071,"water":0.0,"waterMultiplier":0.0,"waterMin":0.0,"waterAltitudeMin":0.0,"waterAltitudeMax":1200.0,"waterAltitudeFade":500.0,"fertility":0.0,"fertilityMultiplier":0.0,"fertilityMin":0.0,"fertilityAltitudeMin":0.0,"fertilityAltitudeMax":0.0,"fertilityAltitudeFade":0.0,"arid":0.0,"aridValue":0.0,"green":0.0,"greenValue":0.0,"swamp":0.0,"swampValue":0.0,"wind":0.3,"windMin":0.0,"windMax":30.0,"weatherProfileId":"wp-abf2c34200cf","weatherStrengthMin":1.0,"weatherStrengthMax":1.0,"specialWeather":[],"acidicGround":0.0,"acidicWater":0.0},"geometry":{"type":"MultiPolygon","coordinates":[[[[89,-63],[89,-58],[88,-58],[88,-53],[89,-53],[89,-51],[88,-51],[88,-49],[86,-49],[86,-47],[85,-47],[85,-43],[77,-43],[77,-44],[76,-44],[76,-49],[70,-49],[70,-50],[67,-50],[67,-51],[65,-51],[65,-53],[64,-53],[64,-69],[69,-69],[69,-70],[70,-70],[70,-71],[71,-71],[71,-72],[72,-72],[72,-74],[73,-74],[73,-75],[75,-75],[75,-74],[77,-74],[77,-75],[79,-75],[79,-74],[82,-74],[82,-73],[83,-73],[83,-72],[84,-72],[84,-71],[87,-71],[87,-70],[89,-70],[89,-68],[90,-68],[90,-63],[89,-63]]]]}},{"type":"Feature","id":"0,210,140","properties":{"kind":"area","colour":"0,210,140","biome":"Arm of Okran","biomeId":"50248-rebirth.mod","profile":"fertile holy","iron":0.333333,"copper":0.066667,"ironMultiplier":1.0,"copperMultiplier":0.20000000298023224,"stone":0.5,"stoneMultiplier":1.0,"water":0.75,"waterMultiplier":1.5,"waterMin":0.10000000149011612,"waterAltitudeMin":0.0,"waterAltitudeMax":800.0,"waterAltitudeFade":600.0,"fertility":0.833333,"fertilityMultiplier":1.0,"fertilityMin":0.0,"fertilityAltitudeMin":0.0,"fertilityAltitudeMax":400.0,"fertilityAltitudeFade":600.0,"arid":0.0,"aridValue":0.0,"green":1.0,"greenValue":1.0,"swamp":0.0,"swampValue":0.0,"wind":0.0,"windMin":0,"windMax":0,"weatherProfileId":"wp-97d170e1550e","weatherStrengthMin":1.0,"weatherStrengthMax":1.0,"specialWeather":[],"acidicGround":0.0,"acidicWater":0.0},"geometry":{"type":"MultiPolygon","coordinates":[[[[112,-53],[112,-52],[114,-52],[114,-51],[115,-51],[115,-49],[114,-49],[114,-48],[113,-48],[113,-47],[102,-47],[102,-48],[101,-48],[101,-49],[100,-49],[100,-55],[101,-55],[101,-59],[100,-59],[100,-61],[99,-61],[99,-62],[98,-62],[98,-65],[97,-65],[97,-70],[98,-70],[98,-71],[99,-71],[99,-72],[100,-72],[100,-73],[101,-73],[101,-76],[102,-76],[102,-78],[103,-78],[103,-65],[104,-65],[104,-62],[105,-62],[105,-61],[106,-61],[106,-59],[107,-59],[107,-58],[108,-58],[108,-56],[109,-56],[109,-55],[110,-55],[110,-54],[111,-54],[111,-53],[112,-53]]],[[[113,-84],[115,-84],[115,-86],[120,-86],[120,-85],[121,-85],[121,-77],[120,-77],[120,-74],[119,-74],[119,-73],[118,-73],[118,-68],[119,-68],[119,-66],[120,-66],[120,-65],[122,-65],[122,-64],[123,-64],[123,-62],[128,-62],[128,-59],[124,-59],[124,-58],[122,-58],[122,-57],[120,-57],[120,-59],[119,-59],[119,-60],[118,-60],[118,-62],[117,-62],[117,-63],[116,-63],[116,-64],[115,-64],[115,-66],[114,-66],[114,-67],[113,-67],[113,-73],[114,-73],[114,-76],[113,-76],[113,-79],[112,-79],[112,-83],[113,-83],[113,-84]]]]}},{"type":"Feature","id":"230,250,190","properties":{"kind":"area","colour":"230,250,190","biome":"Okran's Valley","biomeId":"43922-rebirth.mod","profile":"Desert","iron":0.333333,"copper":0.233333,"ironMultiplier":1.0,"copperMultiplier":0.699999988079071,"stone":0.55,"stoneMultiplier":1.100000023841858,"water":0.1,"waterMultiplier":0.20000000298023224,"waterMin":0.10000000149011612,"waterAltitudeMin":0.0,"waterAltitudeMax":500.0,"waterAltitudeFade":200.0,"fertility":0.625,"fertilityMultiplier":0.75,"fertilityMin":0.0,"fertilityAltitudeMin":0.0,"fertilityAltitudeMax":800.0,"fertilityAltitudeFade":300.0,"arid":1.0,"aridValue":1.0,"green":0.0,"greenValue":0.0,"swamp":0.0,"swampValue":0.0,"wind":0.7,"windMin":0.0,"windMax":70.0,"weatherProfileId":"wp-ffaa9b07eb55","weatherStrengthMin":1.0,"weatherStrengthMax":1.0,"specialWeather":[],"acidicGround":0.0,"acidicWater":0.0},"geometry":{"type":"MultiPolygon","coordinates":[[[[103,-65],[103,-79],[104,-79],[104,-83],[112,-83],[112,-79],[113,-79],[113,-76],[114,-76],[114,-73],[113,-73],[113,-67],[114,-67],[114,-66],[115,-66],[115,-64],[116,-64],[116,-63],[117,-63],[117,-62],[118,-62],[118,-60],[119,-60],[119,-59],[120,-59],[120,-57],[122,-57],[122,-58],[124,-58],[124,-59],[128,-59],[128,-57],[127,-57],[127,-54],[126,-54],[126,-53],[125,-53],[125,-52],[124,-52],[124,-51],[123,-51],[123,-50],[122,-50],[122,-47],[121,-47],[121,-48],[114,-48],[114,-49],[115,-49],[115,-51],[114,-51],[114,-52],[112,-52],[112,-53],[111,-53],[111,-54],[110,-54],[110,-55],[109,-55],[109,-56],[108,-56],[108,-58],[107,-58],[107,-59],[106,-59],[106,-61],[105,-61],[105,-62],[104,-62],[104,-65],[103,-65]]]]}},{"type":"Feature","id":"130,160,100","properties":{"kind":"area","colour":"130,160,100","biome":"The Shrieking Forest","biomeId":"42252-rebirth.mod","profile":"fertile holy","iron":0.333333,"copper":0.066667,"ironMultiplier":1.0,"copperMultiplier":0.20000000298023224,"stone":0.5,"stoneMultiplier":1.0,"water":0.75,"waterMultiplier":1.5,"waterMin":0.10000000149011612,"waterAltitudeMin":0.0,"waterAltitudeMax":800.0,"waterAltitudeFade":600.0,"fertility":0.833333,"fertilityMultiplier":1.0,"fertilityMin":0.0,"fertilityAltitudeMin":0.0,"fertilityAltitudeMax":400.0,"fertilityAltitudeFade":600.0,"arid":0.0,"aridValue":0.0,"green":1.0,"greenValue":1.0,"swamp":0.0,"swampValue":0.0,"wind":1.0,"windMin":0.0,"windMax":100.0,"weatherProfileId":"wp-4deff2644a64","weatherStrengthMin":1.0,"weatherStrengthMax":1.0,"specialWeather":["砂嵐"],"acidicGround":0.0,"acidicWater":0.0},"geometry":{"type":"MultiPolygon","coordinates":[[[[50,-65],[50,-69],[51,-69],[51,-71],[52,-71],[52,-72],[53,-72],[53,-73],[55,-73],[55,-74],[56,-74],[56,-72],[57,-72],[57,-70],[58,-70],[58,-69],[64,-69],[64,-55],[58,-55],[58,-56],[57,-56],[57,-57],[51,-57],[51,-58],[48,-58],[48,-62],[47,-62],[47,-64],[48,-64],[48,-65],[50,-65]]]]}},{"type":"Feature","id":"0,100,50","properties":{"kind":"area","colour":"0,100,50","biome":"Skimsands","biomeId":"56111-rebirth.mod","profile":"Desert","iron":0.333333,"copper":0.233333,"ironMultiplier":1.0,"copperMultiplier":0.699999988079071,"stone":0.55,"stoneMultiplier":1.100000023841858,"water":0.1,"waterMultiplier":0.20000000298023224,"waterMin":0.10000000149011612,"waterAltitudeMin":0.0,"waterAltitudeMax":500.0,"waterAltitudeFade":200.0,"fertility":0.625,"fertilityMultiplier":0.75,"fertilityMin":0.0,"fertilityAltitudeMin":0.0,"fertilityAltitudeMax":800.0,"fertilityAltitudeFade":300.0,"arid":1.0,"aridValue":1.0,"green":0.0,"greenValue":0.0,"swamp":0.0,"swampValue":0.0,"wind":0.7,"windMin":0.0,"windMax":70.0,"weatherProfileId":"wp-c4ca05fe387d","weatherStrengthMin":1.0,"weatherStrengthMax":1.0,"specialWeather":["砂嵐"],"acidicGround":0.0,"acidicWater":0.0},"geometry":{"type":"MultiPolygon","coordinates":[[[[137,-72],[137,-71],[136,-71],[136,-70],[135,-70],[135,-69],[133,-69],[133,-68],[132,-68],[132,-64],[130,-64],[130,-63],[129,-63],[129,-61],[128,-61],[128,-62],[123,-62],[123,-64],[122,-64],[122,-65],[120,-65],[120,-66],[119,-66],[119,-68],[118,-68],[118,-73],[119,-73],[119,-74],[120,-74],[120,-77],[121,-77],[121,-84],[127,-84],[127,-85],[128,-85],[128,-86],[130,-86],[130,-87],[131,-87],[131,-88],[132,-88],[132,-89],[133,-89],[133,-90],[134,-90],[134,-93],[135,-93],[135,-94],[136,-94],[136,-95],[138,-95],[138,-96],[146,-96],[146,-97],[147,-97],[147,-98],[148,-98],[148,-99],[149,-99],[149,-101],[150,-101],[150,-102],[151,-102],[151,-105],[155,-105],[155,-104],[156,-104],[156,-103],[157,-103],[157,-101],[158,-101],[158,-100],[159,-100],[159,-98],[160,-98],[160,-97],[161,-97],[161,-93],[162,-93],[162,-91],[161,-91],[161,-86],[159,-86],[159,-85],[158,-85],[158,-84],[156,-84],[156,-83],[155,-83],[155,-82],[151,-82],[151,-83],[152,-83],[152,-85],[151,-85],[151,-88],[148,-88],[148,-87],[147,-87],[147,-86],[146,-86],[146,-84],[145,-84],[145,-82],[144,-82],[144,-80],[143,-80],[143,-78],[142,-78],[142,-77],[141,-77],[141,-76],[140,-76],[140,-75],[139,-75],[139,-73],[138,-73],[138,-72],[137,-72]]]]}},{"type":"Feature","id":"100,50,100","properties":{"kind":"area","colour":"100,50,100","biome":"Dreg","biomeId":"42094-rebirth.mod","profile":"shitty water nofarm","iron":0.166667,"copper":0.033333,"ironMultiplier":0.5,"copperMultiplier":0.10000000149011612,"stone":0.35,"stoneMultiplier":0.699999988079071,"water":0.2,"waterMultiplier":0.4000000059604645,"waterMin":0.10000000149011612,"waterAltitudeMin":0.0,"waterAltitudeMax":100.0,"waterAltitudeFade":500.0,"fertility":0.0,"fertilityMultiplier":0.0,"fertilityMin":0.0,"fertilityAltitudeMin":0.0,"fertilityAltitudeMax":0.0,"fertilityAltitudeFade":0.0,"arid":0.0,"aridValue":0.0,"green":0.0,"greenValue":0.0,"swamp":0.0,"swampValue":0.0,"wind":0.7,"windMin":0.0,"windMax":70.0,"weatherProfileId":"wp-93dd755d8054","weatherStrengthMin":1.0,"weatherStrengthMax":1.0,"specialWeather":["酸性雨"],"acidicGround":0.0,"acidicWater":0.0},"geometry":{"type":"MultiPolygon","coordinates":[[[[59,-107],[54,-107],[54,-106],[52,-106],[52,-105],[51,-105],[51,-104],[46,-104],[46,-103],[45,-103],[45,-99],[46,-99],[46,-97],[47,-97],[47,-86],[48,-86],[48,-84],[49,-84],[49,-83],[50,-83],[50,-82],[51,-82],[51,-80],[52,-80],[52,-79],[53,-79],[53,-78],[55,-78],[55,-75],[56,-75],[56,-74],[55,-74],[55,-73],[53,-73],[53,-72],[52,-72],[52,-71],[51,-71],[51,-69],[50,-69],[50,-65],[48,-65],[48,-64],[45,-64],[45,-65],[44,-65],[44,-66],[45,-66],[45,-67],[48,-67],[48,-68],[46,-68],[46,-69],[43,-69],[43,-70],[42,-70],[42,-71],[38,-71],[38,-72],[37,-72],[37,-73],[34,-73],[34,-76],[33,-76],[33,-77],[32,-77],[32,-78],[33,-78],[33,-79],[32,-79],[32,-80],[29,-80],[29,-79],[26,-79],[26,-80],[24,-80],[24,-81],[23,-81],[23,-82],[24,-82],[24,-85],[23,-85],[23,-87],[22,-87],[22,-88],[21,-88],[21,-93],[22,-93],[22,-94],[23,-94],[23,-95],[25,-95],[25,-96],[30,-96],[30,-97],[33,-97],[33,-98],[36,-98],[36,-97],[37,-97],[37,-98],[38,-98],[38,-99],[39,-99],[39,-101],[36,-101],[36,-102],[35,-102],[35,-103],[34,-103],[34,-104],[32,-104],[32,-106],[34,-106],[34,-107],[36,-107],[36,-108],[39,-108],[39,-112],[40,-112],[40,-114],[41,-114],[41,-115],[42,-115],[42,-116],[44,-116],[44,-117],[46,-117],[46,-118],[47,-118],[47,-119],[48,-119],[48,-121],[49,-121],[49,-123],[50,-123],[50,-124],[51,-124],[51,-125],[52,-125],[52,-126],[54,-126],[54,-127],[59,-127],[59,-126],[60,-126],[60,-125],[61,-125],[61,-124],[63,-124],[63,-122],[64,-122],[64,-121],[65,-121],[65,-119],[72,-119],[72,-120],[73,-120],[73,-116],[72,-116],[72,-115],[71,-115],[71,-114],[70,-114],[70,-112],[69,-112],[69,-111],[65,-111],[65,-110],[63,-110],[63,-109],[60,-109],[60,-108],[59,-108],[59,-107]]]]}},{"type":"Feature","id":"130,20,0","properties":{"kind":"area","colour":"130,20,0","biome":"Spine Canyon","biomeId":"63748-rebirth.mod","profile":"dry arid borderlands","iron":0.333333,"copper":0.2,"ironMultiplier":1.0,"copperMultiplier":0.6000000238418579,"stone":0.5,"stoneMultiplier":1.0,"water":0.25,"waterMultiplier":0.5,"waterMin":0.10000000149011612,"waterAltitudeMin":0.0,"waterAltitudeMax":500.0,"waterAltitudeFade":900.0,"fertility":0.5,"fertilityMultiplier":0.6000000238418579,"fertilityMin":0.0,"fertilityAltitudeMin":0.0,"fertilityAltitudeMax":800.0,"fertilityAltitudeFade":800.0,"arid":1.0,"aridValue":1.0,"green":0.1,"greenValue":0.10000000149011612,"swamp":0.0,"swampValue":0.0,"wind":0.7,"windMin":0.0,"windMax":70.0,"weatherProfileId":"wp-c4ca05fe387d","weatherStrengthMin":1.0,"weatherStrengthMax":1.0,"specialWeather":["砂嵐"],"acidicGround":0.0,"acidicWater":0.0},"geometry":{"type":"MultiPolygon","coordinates":[[[[133,-69],[135,-69],[135,-70],[136,-70],[136,-71],[137,-71],[137,-72],[138,-72],[138,-73],[139,-73],[139,-75],[140,-75],[140,-76],[141,-76],[141,-77],[142,-77],[142,-78],[143,-78],[143,-80],[144,-80],[144,-82],[145,-82],[145,-84],[146,-84],[146,-86],[147,-86],[147,-87],[148,-87],[148,-88],[151,-88],[151,-85],[152,-85],[152,-83],[151,-83],[151,-82],[150,-82],[150,-81],[149,-81],[149,-75],[148,-75],[148,-74],[146,-74],[146,-73],[145,-73],[145,-72],[144,-72],[144,-71],[142,-71],[142,-70],[140,-70],[140,-69],[139,-69],[139,-68],[138,-68],[138,-67],[137,-67],[137,-66],[135,-66],[135,-65],[134,-65],[134,-64],[132,-64],[132,-68],[133,-68],[133,-69]]]]}},{"type":"Feature","id":"255,80,45","properties":{"kind":"area","colour":"255,80,45","biome":"Heng","biomeId":"55648-rebirth.mod","profile":"Desert","iron":0.333333,"copper":0.233333,"ironMultiplier":1.0,"copperMultiplier":0.699999988079071,"stone":0.55,"stoneMultiplier":1.100000023841858,"water":0.1,"waterMultiplier":0.20000000298023224,"waterMin":0.10000000149011612,"waterAltitudeMin":0.0,"waterAltitudeMax":500.0,"waterAltitudeFade":200.0,"fertility":0.625,"fertilityMultiplier":0.75,"fertilityMin":0.0,"fertilityAltitudeMin":0.0,"fertilityAltitudeMax":800.0,"fertilityAltitudeFade":300.0,"arid":1.0,"aridValue":1.0,"green":0.0,"greenValue":0.0,"swamp":0.0,"swampValue":0.0,"wind":0.7,"windMin":0.0,"windMax":70.0,"weatherProfileId":"wp-c4ca05fe387d","weatherStrengthMin":1.0,"weatherStrengthMax":1.0,"specialWeather":["砂嵐"],"acidicGround":0.0,"acidicWater":0.0},"geometry":{"type":"MultiPolygon","coordinates":[[[[211,-75],[207,-75],[207,-74],[206,-74],[206,-70],[207,-70],[207,-64],[204,-64],[204,-65],[203,-65],[203,-66],[201,-66],[201,-68],[200,-68],[200,-70],[199,-70],[199,-71],[192,-71],[192,-72],[188,-72],[188,-71],[173,-71],[173,-72],[171,-72],[171,-73],[169,-73],[169,-74],[168,-74],[168,-76],[167,-76],[167,-78],[166,-78],[166,-81],[165,-81],[165,-82],[164,-82],[164,-85],[163,-85],[163,-86],[161,-86],[161,-91],[162,-91],[162,-93],[161,-93],[161,-97],[160,-97],[160,-98],[159,-98],[159,-99],[170,-99],[170,-101],[171,-101],[171,-102],[172,-102],[172,-103],[173,-103],[173,-104],[179,-104],[179,-103],[183,-103],[183,-102],[185,-102],[185,-101],[188,-101],[188,-100],[189,-100],[189,-99],[190,-99],[190,-92],[191,-92],[191,-91],[192,-91],[192,-89],[193,-89],[193,-88],[194,-88],[194,-87],[195,-87],[195,-86],[197,-86],[197,-85],[198,-85],[198,-84],[202,-84],[202,-83],[206,-83],[206,-78],[207,-78],[207,-77],[211,-77],[211,-75]]]]}},{"type":"Feature","id":"100,200,100","properties":{"kind":"area","colour":"100,200,100","biome":"Raptor Island","biomeId":"50982-rebirth.mod","profile":"arid- borderlands, high canyons","iron":0.333333,"copper":0.266667,"ironMultiplier":1.0,"copperMultiplier":0.800000011920929,"stone":0.5,"stoneMultiplier":1.0,"water":0.25,"waterMultiplier":0.5,"waterMin":0.10000000149011612,"waterAltitudeMin":300.0,"waterAltitudeMax":1300.0,"waterAltitudeFade":1000.0,"fertility":0.833333,"fertilityMultiplier":1.0,"fertilityMin":0.0,"fertilityAltitudeMin":0.0,"fertilityAltitudeMax":1300.0,"fertilityAltitudeFade":1100.0,"arid":1.0,"aridValue":1.0,"green":0.1,"greenValue":0.10000000149011612,"swamp":0.0,"swampValue":0.0,"wind":0.7,"windMin":0.0,"windMax":70.0,"weatherProfileId":"wp-93dd755d8054","weatherStrengthMin":1.0,"weatherStrengthMax":1.0,"specialWeather":["酸性雨"],"acidicGround":0.0,"acidicWater":0.0},"geometry":{"type":"MultiPolygon","coordinates":[[[[32,-68],[28,-68],[28,-69],[25,-69],[25,-70],[24,-70],[24,-71],[22,-71],[22,-72],[21,-72],[21,-73],[20,-73],[20,-74],[19,-74],[19,-78],[20,-78],[20,-79],[24,-79],[24,-78],[25,-78],[25,-77],[28,-77],[28,-76],[30,-76],[30,-75],[31,-75],[31,-74],[32,-74],[32,-73],[34,-73],[34,-72],[35,-72],[35,-71],[36,-71],[36,-67],[32,-67],[32,-68]]]]}},{"type":"Feature","id":"155,20,0","properties":{"kind":"area","colour":"155,20,0","biome":"Wend","biomeId":"49383-rebirth.mod","profile":null,"iron":0.0,"copper":0.0,"ironMultiplier":0,"copperMultiplier":0,"stone":0.0,"stoneMultiplier":0,"water":0.0,"waterMultiplier":0,"waterMin":0,"waterAltitudeMin":0,"waterAltitudeMax":0,"waterAltitudeFade":0,"fertility":0.0,"fertilityMultiplier":0,"fertilityMin":0,"fertilityAltitudeMin":0,"fertilityAltitudeMax":0,"fertilityAltitudeFade":0,"arid":0.0,"aridValue":0,"green":0.0,"greenValue":0,"swamp":0.0,"swampValue":0,"wind":0.3,"windMin":0.0,"windMax":30.0,"weatherProfileId":"wp-b744c8a71d86","weatherStrengthMin":1.0,"weatherStrengthMax":1.0,"specialWeather":[],"acidicGround":0.0,"acidicWater":0.0},"geometry":{"type":"MultiPolygon","coordinates":[[[[95,-77],[97,-77],[97,-78],[98,-78],[98,-83],[99,-83],[99,-87],[102,-87],[102,-86],[103,-86],[103,-78],[102,-78],[102,-76],[101,-76],[101,-73],[100,-73],[100,-72],[99,-72],[99,-71],[98,-71],[98,-70],[97,-70],[97,-69],[94,-69],[94,-68],[89,-68],[89,-71],[90,-71],[90,-72],[92,-72],[92,-73],[93,-73],[93,-74],[94,-74],[94,-76],[95,-76],[95,-77]]]]}},{"type":"Feature","id":"70,210,140","properties":{"kind":"area","colour":"70,210,140","biome":"Rebirth","biomeId":"49388-rebirth.mod","profile":null,"iron":0.0,"copper":0.0,"ironMultiplier":0,"copperMultiplier":0,"stone":0.0,"stoneMultiplier":0,"water":0.0,"waterMultiplier":0,"waterMin":0,"waterAltitudeMin":0,"waterAltitudeMax":0,"waterAltitudeFade":0,"fertility":0.0,"fertilityMultiplier":0,"fertilityMin":0,"fertilityAltitudeMin":0,"fertilityAltitudeMax":0,"fertilityAltitudeFade":0,"arid":0.0,"aridValue":0,"green":0.0,"greenValue":0,"swamp":0.0,"swampValue":0,"wind":0.0,"windMin":0,"windMax":0,"weatherProfileId":"wp-97d170e1550e","weatherStrengthMin":1.0,"weatherStrengthMax":1.0,"specialWeather":[],"acidicGround":0.0,"acidicWater":0.0},"geometry":{"type":"MultiPolygon","coordinates":[[[[83,-82],[83,-83],[85,-83],[85,-84],[89,-84],[89,-85],[91,-85],[91,-83],[92,-83],[92,-81],[93,-81],[93,-80],[94,-80],[94,-79],[95,-79],[95,-78],[96,-78],[96,-77],[95,-77],[95,-76],[94,-76],[94,-74],[93,-74],[93,-73],[92,-73],[92,-72],[90,-72],[90,-71],[89,-71],[89,-70],[87,-70],[87,-71],[84,-71],[84,-72],[83,-72],[83,-73],[82,-73],[82,-82],[83,-82]]]]}},{"type":"Feature","id":"190,140,190","properties":{"kind":"area","colour":"190,140,190","biome":"Obedience","biomeId":"42091-rebirth.mod","profile":"polluted","iron":0.333333,"copper":0.333333,"ironMultiplier":1.0,"copperMultiplier":1.0,"stone":0.35,"stoneMultiplier":0.699999988079071,"water":0.0,"waterMultiplier":0.0,"waterMin":0.0,"waterAltitudeMin":0.0,"waterAltitudeMax":1200.0,"waterAltitudeFade":500.0,"fertility":0.0,"fertilityMultiplier":0.0,"fertilityMin":0.0,"fertilityAltitudeMin":0.0,"fertilityAltitudeMax":0.0,"fertilityAltitudeFade":0.0,"arid":0.0,"aridValue":0.0,"green":0.0,"greenValue":0.0,"swamp":0.0,"swampValue":0.0,"wind":0.0,"windMin":0,"windMax":0,"weatherProfileId":"wp-97d170e1550e","weatherStrengthMin":1.0,"weatherStrengthMax":1.0,"specialWeather":[],"acidicGround":0.0,"acidicWater":0.0},"geometry":{"type":"MultiPolygon","coordinates":[[[[69,-82],[69,-75],[67,-75],[67,-74],[65,-74],[65,-73],[62,-73],[62,-74],[61,-74],[61,-75],[60,-75],[60,-82],[62,-82],[62,-83],[68,-83],[68,-82],[69,-82]]]]}},{"type":"Feature","id":"255,100,0","properties":{"kind":"area","colour":"255,100,0","biome":"Okran's Gulf","biomeId":"18006-rebirth.mod","profile":"arid- borderlands, high canyons","iron":0.333333,"copper":0.266667,"ironMultiplier":1.0,"copperMultiplier":0.800000011920929,"stone":0.5,"stoneMultiplier":1.0,"water":0.25,"waterMultiplier":0.5,"waterMin":0.10000000149011612,"waterAltitudeMin":300.0,"waterAltitudeMax":1300.0,"waterAltitudeFade":1000.0,"fertility":0.833333,"fertilityMultiplier":1.0,"fertilityMin":0.0,"fertilityAltitudeMin":0.0,"fertilityAltitudeMax":1300.0,"fertilityAltitudeFade":1100.0,"arid":1.0,"aridValue":1.0,"green":0.1,"greenValue":0.10000000149011612,"swamp":0.0,"swampValue":0.0,"wind":0.7,"windMin":0.0,"windMax":70.0,"weatherProfileId":"wp-ffaa9b07eb55","weatherStrengthMin":1.0,"weatherStrengthMax":1.0,"specialWeather":[],"acidicGround":0.0,"acidicWater":0.0},"geometry":{"type":"MultiPolygon","coordinates":[[[[79,-75],[77,-75],[77,-74],[75,-74],[75,-75],[73,-75],[73,-82],[72,-82],[72,-86],[73,-86],[73,-87],[74,-87],[74,-88],[73,-88],[73,-92],[74,-92],[74,-95],[72,-95],[72,-104],[71,-104],[71,-106],[69,-106],[69,-112],[70,-112],[70,-114],[71,-114],[71,-115],[72,-115],[72,-116],[73,-116],[73,-120],[74,-120],[74,-122],[75,-122],[75,-121],[76,-121],[76,-120],[80,-120],[80,-122],[83,-122],[83,-121],[85,-121],[85,-120],[96,-120],[96,-117],[95,-117],[95,-116],[94,-116],[94,-115],[93,-115],[93,-114],[92,-114],[92,-113],[90,-113],[90,-112],[89,-112],[89,-111],[87,-111],[87,-110],[84,-110],[84,-107],[83,-107],[83,-104],[84,-104],[84,-99],[85,-99],[85,-98],[90,-98],[90,-97],[92,-97],[92,-94],[93,-94],[93,-89],[94,-89],[94,-86],[92,-86],[92,-85],[89,-85],[89,-84],[85,-84],[85,-83],[83,-83],[83,-82],[82,-82],[82,-74],[79,-74],[79,-75]]]]}},{"type":"Feature","id":"120,100,85","properties":{"kind":"area","colour":"120,100,85","biome":"Okran's Pride","biomeId":"18876-rebirth.mod","profile":"fertile holy","iron":0.333333,"copper":0.066667,"ironMultiplier":1.0,"copperMultiplier":0.20000000298023224,"stone":0.5,"stoneMultiplier":1.0,"water":0.75,"waterMultiplier":1.5,"waterMin":0.10000000149011612,"waterAltitudeMin":0.0,"waterAltitudeMax":800.0,"waterAltitudeFade":600.0,"fertility":0.833333,"fertilityMultiplier":1.0,"fertilityMin":0.0,"fertilityAltitudeMin":0.0,"fertilityAltitudeMax":400.0,"fertilityAltitudeFade":600.0,"arid":0.0,"aridValue":0.0,"green":1.0,"greenValue":1.0,"swamp":0.0,"swampValue":0.0,"wind":0.3,"windMin":0.0,"windMax":30.0,"weatherProfileId":"wp-b744c8a71d86","weatherStrengthMin":1.0,"weatherStrengthMax":1.0,"specialWeather":[],"acidicGround":0.0,"acidicWater":0.0},"geometry":{"type":"MultiPolygon","coordinates":[[[[96,-117],[96,-119],[97,-119],[97,-118],[99,-118],[99,-117],[105,-117],[105,-111],[104,-111],[104,-110],[102,-110],[102,-109],[100,-109],[100,-108],[96,-108],[96,-105],[97,-105],[97,-104],[101,-104],[101,-103],[102,-103],[102,-101],[103,-101],[103,-100],[104,-100],[104,-98],[105,-98],[105,-97],[106,-97],[106,-96],[107,-96],[107,-93],[109,-93],[109,-92],[110,-92],[110,-91],[112,-91],[112,-90],[113,-90],[113,-89],[114,-89],[114,-87],[115,-87],[115,-84],[113,-84],[113,-83],[104,-83],[104,-79],[103,-79],[103,-86],[102,-86],[102,-87],[99,-87],[99,-83],[98,-83],[98,-78],[97,-78],[97,-77],[96,-77],[96,-78],[95,-78],[95,-79],[94,-79],[94,-80],[93,-80],[93,-81],[92,-81],[92,-83],[91,-83],[91,-85],[92,-85],[92,-86],[94,-86],[94,-89],[93,-89],[93,-94],[92,-94],[92,-97],[90,-97],[90,-98],[85,-98],[85,-99],[84,-99],[84,-104],[83,-104],[83,-107],[84,-107],[84,-110],[87,-110],[87,-111],[89,-111],[89,-112],[90,-112],[90,-113],[92,-113],[92,-114],[93,-114],[93,-115],[94,-115],[94,-116],[95,-116],[95,-117],[96,-117]]]]}},{"type":"Feature","id":"60,120,120","properties":{"kind":"area","colour":"60,120,120","biome":"Howler Maze","biomeId":"56110-rebirth.mod","profile":"coast","iron":0.333333,"copper":0.183333,"ironMultiplier":1.0,"copperMultiplier":0.550000011920929,"stone":0.5,"stoneMultiplier":1.0,"water":0.3,"waterMultiplier":0.6000000238418579,"waterMin":0.20000000298023224,"waterAltitudeMin":0.0,"waterAltitudeMax":700.0,"waterAltitudeFade":200.0,"fertility":0.625,"fertilityMultiplier":0.75,"fertilityMin":0.0,"fertilityAltitudeMin":0.0,"fertilityAltitudeMax":800.0,"fertilityAltitudeFade":500.0,"arid":0.5,"aridValue":0.5,"green":1.0,"greenValue":1.0,"swamp":0.0,"swampValue":0.0,"wind":0.3,"windMin":0.0,"windMax":30.0,"weatherProfileId":"wp-ef2fdf31497c","weatherStrengthMin":1.0,"weatherStrengthMax":1.0,"specialWeather":["酸性雨"],"acidicGround":0.0,"acidicWater":0.0},"geometry":{"type":"MultiPolygon","coordinates":[[[[199,-110],[200,-110],[200,-112],[202,-112],[202,-111],[204,-111],[204,-112],[207,-112],[207,-113],[209,-113],[209,-112],[215,-112],[215,-104],[216,-104],[216,-102],[219,-102],[219,-103],[220,-103],[220,-101],[219,-101],[219,-99],[218,-99],[218,-98],[217,-98],[217,-93],[216,-93],[216,-92],[215,-92],[215,-91],[214,-91],[214,-90],[213,-90],[213,-88],[212,-88],[212,-86],[214,-86],[214,-84],[215,-84],[215,-79],[216,-79],[216,-78],[212,-78],[212,-77],[207,-77],[207,-78],[206,-78],[206,-83],[202,-83],[202,-84],[198,-84],[198,-85],[197,-85],[197,-86],[195,-86],[195,-87],[194,-87],[194,-88],[193,-88],[193,-89],[192,-89],[192,-91],[191,-91],[191,-92],[190,-92],[190,-100],[191,-100],[191,-101],[192,-101],[192,-102],[194,-102],[194,-103],[195,-103],[195,-105],[196,-105],[196,-106],[197,-106],[197,-107],[198,-107],[198,-109],[199,-109],[199,-110]]],[[[218,-108],[221,-108],[221,-107],[220,-107],[220,-106],[218,-106],[218,-108]]]]}},{"type":"Feature","id":"0,255,0","properties":{"kind":"area","colour":"0,255,0","biome":"Fog Islands","biomeId":"18890-rebirth.mod","profile":"cower","iron":0.333333,"copper":0.333333,"ironMultiplier":1.0,"copperMultiplier":1.0,"stone":0.55,"stoneMultiplier":1.100000023841858,"water":0.5,"waterMultiplier":1.0,"waterMin":0.10000000149011612,"waterAltitudeMin":0.0,"waterAltitudeMax":1300.0,"waterAltitudeFade":200.0,"fertility":0.833333,"fertilityMultiplier":1.0,"fertilityMin":0.0,"fertilityAltitudeMin":900.0,"fertilityAltitudeMax":10000.0,"fertilityAltitudeFade":500.0,"arid":0.75,"aridValue":0.75,"green":0.7,"greenValue":0.699999988079071,"swamp":0.0,"swampValue":0.0,"wind":0.3,"windMin":0.0,"windMax":30.0,"weatherProfileId":"wp-7bc3b326c511","weatherStrengthMin":1.0,"weatherStrengthMax":1.0,"specialWeather":[],"acidicGround":0.0,"acidicWater":0.0},"geometry":{"type":"MultiPolygon","coordinates":[[[[47,-86],[47,-97],[46,-97],[46,-99],[45,-99],[45,-103],[46,-103],[46,-104],[51,-104],[51,-105],[52,-105],[52,-106],[54,-106],[54,-107],[59,-107],[59,-108],[60,-108],[60,-109],[63,-109],[63,-110],[65,-110],[65,-111],[69,-111],[69,-106],[71,-106],[71,-104],[72,-104],[72,-95],[74,-95],[74,-92],[73,-92],[73,-88],[74,-88],[74,-87],[73,-87],[73,-86],[72,-86],[72,-85],[71,-85],[71,-86],[70,-86],[70,-87],[60,-87],[60,-86],[59,-86],[59,-85],[58,-85],[58,-84],[56,-84],[56,-83],[55,-83],[55,-78],[53,-78],[53,-79],[52,-79],[52,-80],[51,-80],[51,-82],[50,-82],[50,-83],[49,-83],[49,-84],[48,-84],[48,-86],[47,-86]]]]}},{"type":"Feature","id":"25,0,121","properties":{"kind":"area","colour":"25,0,121","biome":"Skinner's Roam","biomeId":"44871-Newwworld.mod","profile":"dry arid borderlands","iron":0.333333,"copper":0.2,"ironMultiplier":1.0,"copperMultiplier":0.6000000238418579,"stone":0.5,"stoneMultiplier":1.0,"water":0.25,"waterMultiplier":0.5,"waterMin":0.10000000149011612,"waterAltitudeMin":0.0,"waterAltitudeMax":500.0,"waterAltitudeFade":900.0,"fertility":0.5,"fertilityMultiplier":0.6000000238418579,"fertilityMin":0.0,"fertilityAltitudeMin":0.0,"fertilityAltitudeMax":800.0,"fertilityAltitudeFade":800.0,"arid":1.0,"aridValue":1.0,"green":0.1,"greenValue":0.10000000149011612,"swamp":0.0,"swampValue":0.0,"wind":1.0,"windMin":5.0,"windMax":100.0,"weatherProfileId":"wp-493ea0106903","weatherStrengthMin":1.0,"weatherStrengthMax":1.0,"specialWeather":["砂嵐"],"acidicGround":0.0,"acidicWater":0.0},"geometry":{"type":"MultiPolygon","coordinates":[[[[125,-114],[126,-114],[126,-111],[124,-111],[124,-110],[123,-110],[123,-109],[122,-109],[122,-108],[120,-108],[120,-107],[119,-107],[119,-106],[118,-106],[118,-99],[119,-99],[119,-97],[118,-97],[118,-95],[117,-95],[117,-92],[116,-92],[116,-88],[117,-88],[117,-87],[118,-87],[118,-86],[115,-86],[115,-87],[114,-87],[114,-89],[113,-89],[113,-90],[112,-90],[112,-91],[110,-91],[110,-92],[109,-92],[109,-93],[107,-93],[107,-96],[106,-96],[106,-97],[105,-97],[105,-98],[104,-98],[104,-100],[103,-100],[103,-101],[102,-101],[102,-103],[101,-103],[101,-104],[97,-104],[97,-105],[96,-105],[96,-108],[100,-108],[100,-109],[102,-109],[102,-110],[104,-110],[104,-111],[105,-111],[105,-117],[107,-117],[107,-118],[109,-118],[109,-119],[110,-119],[110,-128],[109,-128],[109,-130],[108,-130],[108,-131],[109,-131],[109,-132],[108,-132],[108,-135],[107,-135],[107,-138],[108,-138],[108,-139],[117,-139],[117,-138],[125,-138],[125,-137],[127,-137],[127,-136],[128,-136],[128,-134],[127,-134],[127,-133],[125,-133],[125,-132],[126,-132],[126,-128],[125,-128],[125,-114]]]]}},{"type":"Feature","id":"170,180,140","properties":{"kind":"area","colour":"170,180,140","biome":"Iron Valleys","biomeId":"42099-rebirth.mod","profile":"polluted","iron":0.333333,"copper":0.333333,"ironMultiplier":1.0,"copperMultiplier":1.0,"stone":0.35,"stoneMultiplier":0.699999988079071,"water":0.0,"waterMultiplier":0.0,"waterMin":0.0,"waterAltitudeMin":0.0,"waterAltitudeMax":1200.0,"waterAltitudeFade":500.0,"fertility":0.0,"fertilityMultiplier":0.0,"fertilityMin":0.0,"fertilityAltitudeMin":0.0,"fertilityAltitudeMax":0.0,"fertilityAltitudeFade":0.0,"arid":0.0,"aridValue":0.0,"green":0.0,"greenValue":0.0,"swamp":0.0,"swampValue":0.0,"wind":0.0,"windMin":0.0,"windMax":0.0,"weatherProfileId":"wp-8c5981fa9f45","weatherStrengthMin":1.0,"weatherStrengthMax":1.0,"specialWeather":["酸性雨"],"acidicGround":0.5,"acidicWater":1.0},"geometry":{"type":"MultiPolygon","coordinates":[[[[123,-104],[141,-104],[141,-97],[140,-97],[140,-96],[138,-96],[138,-95],[136,-95],[136,-94],[135,-94],[135,-93],[134,-93],[134,-92],[131,-92],[131,-91],[130,-91],[130,-90],[129,-90],[129,-89],[128,-89],[128,-88],[122,-88],[122,-89],[119,-89],[119,-90],[116,-90],[116,-92],[117,-92],[117,-95],[118,-95],[118,-97],[119,-97],[119,-99],[118,-99],[118,-106],[119,-106],[119,-107],[120,-107],[120,-108],[122,-108],[122,-105],[123,-105],[123,-104]]]]}},{"type":"Feature","id":"110,90,70","properties":{"kind":"area","colour":"110,90,70","biome":"Forbidden Isle","biomeId":"62172-rebirth.mod","profile":"coast","iron":0.333333,"copper":0.183333,"ironMultiplier":1.0,"copperMultiplier":0.550000011920929,"stone":0.5,"stoneMultiplier":1.0,"water":0.3,"waterMultiplier":0.6000000238418579,"waterMin":0.20000000298023224,"waterAltitudeMin":0.0,"waterAltitudeMax":700.0,"waterAltitudeFade":200.0,"fertility":0.625,"fertilityMultiplier":0.75,"fertilityMin":0.0,"fertilityAltitudeMin":0.0,"fertilityAltitudeMax":800.0,"fertilityAltitudeFade":500.0,"arid":0.5,"aridValue":0.5,"green":1.0,"greenValue":1.0,"swamp":0.0,"swampValue":0.0,"wind":0.3,"windMin":0.0,"windMax":30.0,"weatherProfileId":"wp-109bc2159915","weatherStrengthMin":1.0,"weatherStrengthMax":1.0,"specialWeather":["酸性雨"],"acidicGround":0.0,"acidicWater":0.0},"geometry":{"type":"MultiPolygon","coordinates":[[[[238,-110],[236,-110],[236,-111],[234,-111],[234,-112],[232,-112],[232,-113],[231,-113],[231,-114],[229,-114],[229,-121],[228,-121],[228,-123],[229,-123],[229,-124],[237,-124],[237,-123],[240,-123],[240,-122],[243,-122],[243,-121],[247,-121],[247,-120],[250,-120],[250,-119],[252,-119],[252,-118],[253,-118],[253,-116],[254,-116],[254,-113],[255,-113],[255,-112],[254,-112],[254,-111],[253,-111],[253,-110],[252,-110],[252,-109],[253,-109],[253,-108],[254,-108],[254,-106],[255,-106],[255,-105],[256,-105],[256,-94],[251,-94],[251,-95],[248,-95],[248,-97],[246,-97],[246,-98],[245,-98],[245,-99],[244,-99],[244,-101],[243,-101],[243,-103],[242,-103],[242,-105],[241,-105],[241,-107],[240,-107],[240,-108],[239,-108],[239,-109],[238,-109],[238,-110]]]]}},{"type":"Feature","id":"4,147,133","properties":{"kind":"area","colour":"4,147,133","biome":"The Black Desert","biomeId":"55641-rebirth.mod","profile":"black desert","iron":0.666667,"copper":0.666667,"ironMultiplier":2.0,"copperMultiplier":2.0,"stone":0.75,"stoneMultiplier":1.5,"water":0.0,"waterMultiplier":0.0,"waterMin":0.0,"waterAltitudeMin":0.0,"waterAltitudeMax":1200.0,"waterAltitudeFade":500.0,"fertility":0.0,"fertilityMultiplier":0.0,"fertilityMin":0.0,"fertilityAltitudeMin":0.0,"fertilityAltitudeMax":0.0,"fertilityAltitudeFade":0.0,"arid":0.0,"aridValue":0.0,"green":0.0,"greenValue":0.0,"swamp":0.0,"swampValue":0.0,"wind":0.4,"windMin":15.0,"windMax":40.0,"weatherProfileId":"wp-3895cbd105c3","weatherStrengthMin":1.0,"weatherStrengthMax":1.0,"specialWeather":["毒ガス"],"acidicGround":0.4000000059604645,"acidicWater":0.33000001311302185},"geometry":{"type":"MultiPolygon","coordinates":[[[[151,-110],[151,-102],[150,-102],[150,-101],[149,-101],[149,-99],[148,-99],[148,-98],[147,-98],[147,-97],[146,-97],[146,-96],[140,-96],[140,-97],[141,-97],[141,-105],[142,-105],[142,-109],[143,-109],[143,-110],[144,-110],[144,-111],[148,-111],[148,-110],[151,-110]]]]}},{"type":"Feature","id":"150,200,50","properties":{"kind":"area","colour":"150,200,50","biome":"The Eye","biomeId":"55667-rebirth.mod","profile":"Desert","iron":0.333333,"copper":0.233333,"ironMultiplier":1.0,"copperMultiplier":0.699999988079071,"stone":0.55,"stoneMultiplier":1.100000023841858,"water":0.1,"waterMultiplier":0.20000000298023224,"waterMin":0.10000000149011612,"waterAltitudeMin":0.0,"waterAltitudeMax":500.0,"waterAltitudeFade":200.0,"fertility":0.625,"fertilityMultiplier":0.75,"fertilityMin":0.0,"fertilityAltitudeMin":0.0,"fertilityAltitudeMax":800.0,"fertilityAltitudeFade":300.0,"arid":1.0,"aridValue":1.0,"green":0.0,"greenValue":0.0,"swamp":0.0,"swampValue":0.0,"wind":0.6,"windMin":0.0,"windMax":60.0,"weatherProfileId":"wp-c1131c74eaf4","weatherStrengthMin":1.0,"weatherStrengthMax":1.0,"specialWeather":[],"acidicGround":0.0,"acidicWater":0.0},"geometry":{"type":"MultiPolygon","coordinates":[[[[155,-105],[151,-105],[151,-110],[152,-110],[152,-111],[155,-111],[155,-112],[156,-112],[156,-113],[157,-113],[157,-114],[158,-114],[158,-117],[159,-117],[159,-121],[160,-121],[160,-124],[168,-124],[168,-120],[170,-120],[170,-119],[171,-119],[171,-118],[172,-118],[172,-115],[173,-115],[173,-103],[172,-103],[172,-102],[171,-102],[171,-101],[170,-101],[170,-99],[159,-99],[159,-100],[158,-100],[158,-101],[157,-101],[157,-103],[156,-103],[156,-104],[155,-104],[155,-105]]]]}},{"type":"Feature","id":"29,200,182","properties":{"kind":"area","colour":"29,200,182","biome":"Gut","biomeId":"55674-rebirth.mod","profile":"coast","iron":0.333333,"copper":0.183333,"ironMultiplier":1.0,"copperMultiplier":0.550000011920929,"stone":0.5,"stoneMultiplier":1.0,"water":0.3,"waterMultiplier":0.6000000238418579,"waterMin":0.20000000298023224,"waterAltitudeMin":0.0,"waterAltitudeMax":700.0,"waterAltitudeFade":200.0,"fertility":0.625,"fertilityMultiplier":0.75,"fertilityMin":0.0,"fertilityAltitudeMin":0.0,"fertilityAltitudeMax":800.0,"fertilityAltitudeFade":500.0,"arid":0.5,"aridValue":0.5,"green":1.0,"greenValue":1.0,"swamp":0.0,"swampValue":0.0,"wind":0.4,"windMin":0.0,"windMax":40.0,"weatherProfileId":"wp-a1b28636057f","weatherStrengthMin":1.0,"weatherStrengthMax":1.0,"specialWeather":[],"acidicGround":0.0,"acidicWater":0.0},"geometry":{"type":"MultiPolygon","coordinates":[[[[173,-104],[173,-115],[172,-115],[172,-118],[177,-118],[177,-119],[178,-119],[178,-120],[198,-120],[198,-119],[199,-119],[199,-113],[198,-113],[198,-112],[193,-112],[193,-111],[194,-111],[194,-110],[193,-110],[193,-107],[195,-107],[195,-103],[194,-103],[194,-102],[192,-102],[192,-101],[191,-101],[191,-100],[190,-100],[190,-99],[189,-99],[189,-100],[188,-100],[188,-101],[185,-101],[185,-102],[183,-102],[183,-103],[179,-103],[179,-104],[173,-104]]]]}},{"type":"Feature","id":"100,100,255","properties":{"kind":"area","colour":"100,100,255","biome":"Deadlands","biomeId":"48456-Newwworld.mod","profile":"polluted","iron":0.333333,"copper":0.333333,"ironMultiplier":1.0,"copperMultiplier":1.0,"stone":0.35,"stoneMultiplier":0.699999988079071,"water":0.0,"waterMultiplier":0.0,"waterMin":0.0,"waterAltitudeMin":0.0,"waterAltitudeMax":1200.0,"waterAltitudeFade":500.0,"fertility":0.0,"fertilityMultiplier":0.0,"fertilityMin":0.0,"fertilityAltitudeMin":0.0,"fertilityAltitudeMax":0.0,"fertilityAltitudeFade":0.0,"arid":0.0,"aridValue":0.0,"green":0.0,"greenValue":0.0,"swamp":0.0,"swampValue":0.0,"wind":0.0,"windMin":0.0,"windMax":0.0,"weatherProfileId":"wp-8c5981fa9f45","weatherStrengthMin":1.0,"weatherStrengthMax":1.0,"specialWeather":["酸性雨"],"acidicGround":1.0,"acidicWater":1.0},"geometry":{"type":"MultiPolygon","coordinates":[[[[145,-118],[145,-111],[144,-111],[144,-110],[143,-110],[143,-109],[142,-109],[142,-105],[141,-105],[141,-104],[123,-104],[123,-105],[122,-105],[122,-109],[123,-109],[123,-110],[124,-110],[124,-111],[126,-111],[126,-114],[125,-114],[125,-128],[126,-128],[126,-132],[125,-132],[125,-133],[127,-133],[127,-134],[129,-134],[129,-133],[139,-133],[139,-132],[140,-132],[140,-131],[143,-131],[143,-130],[145,-130],[145,-128],[144,-128],[144,-118],[145,-118]]]]}},{"type":"Feature","id":"0,255,255","properties":{"kind":"area","colour":"0,255,255","biome":"Vain","biomeId":"42192-rebirth.mod","profile":"vain","iron":0.333333,"copper":0.333333,"ironMultiplier":1.0,"copperMultiplier":1.0,"stone":0.4,"stoneMultiplier":0.800000011920929,"water":0.5,"waterMultiplier":1.0,"waterMin":0.0,"waterAltitudeMin":0.0,"waterAltitudeMax":100.0,"waterAltitudeFade":500.0,"fertility":0.625,"fertilityMultiplier":0.75,"fertilityMin":0.0,"fertilityAltitudeMin":0.0,"fertilityAltitudeMax":700.0,"fertilityAltitudeFade":700.0,"arid":0.5,"aridValue":0.5,"green":0.5,"greenValue":0.5,"swamp":0.2,"swampValue":0.20000000298023224,"wind":0.33,"windMin":0.0,"windMax":33.0,"weatherProfileId":"wp-6fecc9f54fee","weatherStrengthMin":1.0,"weatherStrengthMax":1.0,"specialWeather":[],"acidicGround":0.0,"acidicWater":0.5},"geometry":{"type":"MultiPolygon","coordinates":[[[[47,-118],[46,-118],[46,-117],[44,-117],[44,-116],[42,-116],[42,-115],[41,-115],[41,-114],[40,-114],[40,-112],[39,-112],[39,-108],[36,-108],[36,-107],[34,-107],[34,-106],[32,-106],[32,-105],[29,-105],[29,-106],[27,-106],[27,-109],[26,-109],[26,-113],[25,-113],[25,-115],[24,-115],[24,-118],[25,-118],[25,-121],[24,-121],[24,-126],[23,-126],[23,-128],[22,-128],[22,-129],[21,-129],[21,-131],[20,-131],[20,-133],[19,-133],[19,-138],[18,-138],[18,-141],[20,-141],[20,-144],[21,-144],[21,-145],[23,-145],[23,-146],[25,-146],[25,-147],[26,-147],[26,-149],[27,-149],[27,-151],[26,-151],[26,-152],[24,-152],[24,-154],[25,-154],[25,-155],[26,-155],[26,-156],[28,-156],[28,-157],[30,-157],[30,-158],[31,-158],[31,-159],[32,-159],[32,-161],[33,-161],[33,-160],[34,-160],[34,-159],[35,-159],[35,-157],[38,-157],[38,-156],[40,-156],[40,-151],[39,-151],[39,-150],[38,-150],[38,-149],[37,-149],[37,-145],[38,-145],[38,-136],[39,-136],[39,-133],[41,-133],[41,-132],[42,-132],[42,-133],[43,-133],[43,-134],[46,-134],[46,-135],[48,-135],[48,-136],[50,-136],[50,-137],[66,-137],[66,-136],[67,-136],[67,-135],[68,-135],[68,-134],[69,-134],[69,-132],[73,-132],[73,-130],[74,-130],[74,-129],[75,-129],[75,-127],[76,-127],[76,-125],[75,-125],[75,-122],[74,-122],[74,-120],[72,-120],[72,-119],[65,-119],[65,-121],[64,-121],[64,-122],[63,-122],[63,-124],[61,-124],[61,-125],[60,-125],[60,-126],[59,-126],[59,-127],[54,-127],[54,-126],[52,-126],[52,-125],[51,-125],[51,-124],[50,-124],[50,-123],[49,-123],[49,-121],[48,-121],[48,-119],[47,-119],[47,-118]]],[[[20,-109],[22,-109],[22,-107],[21,-107],[21,-106],[20,-106],[20,-109]]],[[[17,-109],[17,-107],[14,-107],[14,-108],[12,-108],[12,-111],[16,-111],[16,-109],[17,-109]]],[[[20,-114],[18,-114],[18,-117],[19,-117],[19,-118],[21,-118],[21,-115],[20,-115],[20,-114]]],[[[19,-125],[17,-125],[17,-126],[16,-126],[16,-128],[17,-128],[17,-129],[20,-129],[20,-126],[19,-126],[19,-125]]],[[[13,-135],[17,-135],[17,-133],[16,-133],[16,-132],[15,-132],[15,-131],[12,-131],[12,-134],[13,-134],[13,-135]]],[[[19,-144],[18,-144],[18,-143],[17,-143],[17,-146],[19,-146],[19,-144]]]]}},{"type":"Feature","id":"99,9,199","properties":{"kind":"area","colour":"99,9,199","biome":"Grey Desert","biomeId":"64810-rebirth.mod","profile":"Desert polluted","iron":0.333333,"copper":0.333333,"ironMultiplier":1.0,"copperMultiplier":1.0,"stone":0.5,"stoneMultiplier":1.0,"water":0.1,"waterMultiplier":0.20000000298023224,"waterMin":0.0,"waterAltitudeMin":0.0,"waterAltitudeMax":500.0,"waterAltitudeFade":200.0,"fertility":0.625,"fertilityMultiplier":0.75,"fertilityMin":0.0,"fertilityAltitudeMin":0.0,"fertilityAltitudeMax":800.0,"fertilityAltitudeFade":300.0,"arid":0.5,"aridValue":0.5,"green":0.0,"greenValue":0.0,"swamp":0.0,"swampValue":0.0,"wind":0.6,"windMin":0.0,"windMax":60.0,"weatherProfileId":"wp-c1131c74eaf4","weatherStrengthMin":1.0,"weatherStrengthMax":1.0,"specialWeather":[],"acidicGround":0.0,"acidicWater":0.0},"geometry":{"type":"MultiPolygon","coordinates":[[[[159,-126],[159,-124],[160,-124],[160,-121],[159,-121],[159,-117],[158,-117],[158,-114],[157,-114],[157,-113],[156,-113],[156,-112],[155,-112],[155,-111],[152,-111],[152,-110],[148,-110],[148,-111],[145,-111],[145,-118],[144,-118],[144,-128],[149,-128],[149,-127],[150,-127],[150,-126],[159,-126]]]]}},{"type":"Feature","id":"90,80,20","properties":{"kind":"area","colour":"90,80,20","biome":"Stormgap Coast","biomeId":"62169-rebirth.mod","profile":"coast","iron":0.333333,"copper":0.183333,"ironMultiplier":1.0,"copperMultiplier":0.550000011920929,"stone":0.5,"stoneMultiplier":1.0,"water":0.3,"waterMultiplier":0.6000000238418579,"waterMin":0.20000000298023224,"waterAltitudeMin":0.0,"waterAltitudeMax":700.0,"waterAltitudeFade":200.0,"fertility":0.625,"fertilityMultiplier":0.75,"fertilityMin":0.0,"fertilityAltitudeMin":0.0,"fertilityAltitudeMax":800.0,"fertilityAltitudeFade":500.0,"arid":0.5,"aridValue":0.5,"green":1.0,"greenValue":1.0,"swamp":0.0,"swampValue":0.0,"wind":0.7,"windMin":0.0,"windMax":70.0,"weatherProfileId":"wp-93dd755d8054","weatherStrengthMin":1.0,"weatherStrengthMax":1.0,"specialWeather":["酸性雨"],"acidicGround":0.0,"acidicWater":0.0},"geometry":{"type":"MultiPolygon","coordinates":[[[[227,-113],[225,-113],[225,-112],[224,-112],[224,-113],[222,-113],[222,-114],[221,-114],[221,-116],[218,-116],[218,-117],[216,-117],[216,-115],[220,-115],[220,-113],[219,-113],[219,-112],[217,-112],[217,-113],[214,-113],[214,-114],[213,-114],[213,-115],[212,-115],[212,-116],[207,-116],[207,-115],[204,-115],[204,-114],[202,-114],[202,-115],[201,-115],[201,-114],[199,-114],[199,-119],[198,-119],[198,-120],[178,-120],[178,-119],[177,-119],[177,-118],[171,-118],[171,-119],[170,-119],[170,-120],[168,-120],[168,-124],[171,-124],[171,-125],[170,-125],[170,-128],[169,-128],[169,-129],[170,-129],[170,-131],[171,-131],[171,-133],[172,-133],[172,-137],[173,-137],[173,-136],[174,-136],[174,-137],[175,-137],[175,-138],[177,-138],[177,-137],[178,-137],[178,-136],[179,-136],[179,-135],[180,-135],[180,-136],[182,-136],[182,-137],[184,-137],[184,-138],[187,-138],[187,-137],[186,-137],[186,-136],[185,-136],[185,-132],[184,-132],[184,-131],[183,-131],[183,-129],[184,-129],[184,-128],[186,-128],[186,-127],[187,-127],[187,-126],[189,-126],[189,-125],[192,-125],[192,-124],[195,-124],[195,-122],[198,-122],[198,-126],[201,-126],[201,-125],[202,-125],[202,-124],[204,-124],[204,-125],[206,-125],[206,-126],[207,-126],[207,-127],[209,-127],[209,-128],[210,-128],[210,-129],[215,-129],[215,-128],[220,-128],[220,-127],[222,-127],[222,-126],[224,-126],[224,-125],[225,-125],[225,-124],[226,-124],[226,-123],[228,-123],[228,-121],[229,-121],[229,-114],[227,-114],[227,-113]]]]}},{"type":"Feature","id":"255,0,0","properties":{"kind":"area","colour":"255,0,0","biome":"Border Zone","biomeId":"42262-rebirth.mod","profile":"arid- borderlands, high canyons","iron":0.333333,"copper":0.266667,"ironMultiplier":1.0,"copperMultiplier":0.800000011920929,"stone":0.5,"stoneMultiplier":1.0,"water":0.25,"waterMultiplier":0.5,"waterMin":0.10000000149011612,"waterAltitudeMin":300.0,"waterAltitudeMax":1300.0,"waterAltitudeFade":1000.0,"fertility":0.833333,"fertilityMultiplier":1.0,"fertilityMin":0.0,"fertilityAltitudeMin":0.0,"fertilityAltitudeMax":1300.0,"fertilityAltitudeFade":1100.0,"arid":1.0,"aridValue":1.0,"green":0.1,"greenValue":0.10000000149011612,"swamp":0.0,"swampValue":0.0,"wind":0.7,"windMin":0.0,"windMax":70.0,"weatherProfileId":"wp-229a963bdd82","weatherStrengthMin":1.0,"weatherStrengthMax":1.0,"specialWeather":["砂嵐"],"acidicGround":0.0,"acidicWater":0.0},"geometry":{"type":"MultiPolygon","coordinates":[[[[82,-146],[82,-144],[83,-144],[83,-143],[84,-143],[84,-145],[85,-145],[85,-146],[88,-146],[88,-145],[93,-145],[93,-144],[98,-144],[98,-145],[100,-145],[100,-144],[104,-144],[104,-143],[106,-143],[106,-141],[107,-141],[107,-135],[108,-135],[108,-132],[109,-132],[109,-131],[108,-131],[108,-130],[109,-130],[109,-128],[110,-128],[110,-119],[109,-119],[109,-118],[107,-118],[107,-117],[99,-117],[99,-118],[97,-118],[97,-119],[96,-119],[96,-120],[85,-120],[85,-121],[83,-121],[83,-122],[80,-122],[80,-120],[76,-120],[76,-121],[75,-121],[75,-125],[76,-125],[76,-127],[75,-127],[75,-129],[74,-129],[74,-130],[73,-130],[73,-132],[69,-132],[69,-134],[68,-134],[68,-135],[67,-135],[67,-136],[66,-136],[66,-139],[68,-139],[68,-153],[69,-153],[69,-154],[73,-154],[73,-153],[74,-153],[74,-152],[75,-152],[75,-151],[80,-151],[80,-150],[81,-150],[81,-146],[82,-146]]]]}},{"type":"Feature","id":"50,50,50","properties":{"kind":"area","colour":"50,50,50","biome":"The Outlands","biomeId":"62170-rebirth.mod","profile":"dry arid borderlands","iron":0.333333,"copper":0.2,"ironMultiplier":1.0,"copperMultiplier":0.6000000238418579,"stone":0.5,"stoneMultiplier":1.0,"water":0.25,"waterMultiplier":0.5,"waterMin":0.10000000149011612,"waterAltitudeMin":0.0,"waterAltitudeMax":500.0,"waterAltitudeFade":900.0,"fertility":0.5,"fertilityMultiplier":0.6000000238418579,"fertilityMin":0.0,"fertilityAltitudeMin":0.0,"fertilityAltitudeMax":800.0,"fertilityAltitudeFade":800.0,"arid":1.0,"aridValue":1.0,"green":0.1,"greenValue":0.10000000149011612,"swamp":0.0,"swampValue":0.0,"wind":0.6,"windMin":20.0,"windMax":60.0,"weatherProfileId":"wp-f50a727b3c73","weatherStrengthMin":1.0,"weatherStrengthMax":1.0,"specialWeather":[],"acidicGround":0.0,"acidicWater":0.0},"geometry":{"type":"MultiPolygon","coordinates":[[[[229,-140],[230,-140],[230,-139],[231,-139],[231,-135],[232,-135],[232,-128],[231,-128],[231,-127],[230,-127],[230,-126],[228,-126],[228,-123],[226,-123],[226,-124],[225,-124],[225,-125],[224,-125],[224,-126],[222,-126],[222,-127],[220,-127],[220,-128],[215,-128],[215,-129],[210,-129],[210,-128],[209,-128],[209,-127],[207,-127],[207,-126],[206,-126],[206,-125],[204,-125],[204,-124],[202,-124],[202,-125],[201,-125],[201,-126],[198,-126],[198,-122],[195,-122],[195,-124],[192,-124],[192,-125],[189,-125],[189,-126],[187,-126],[187,-127],[186,-127],[186,-128],[184,-128],[184,-129],[183,-129],[183,-131],[184,-131],[184,-132],[185,-132],[185,-136],[186,-136],[186,-137],[187,-137],[187,-138],[198,-138],[198,-139],[205,-139],[205,-140],[206,-140],[206,-145],[205,-145],[205,-147],[204,-147],[204,-148],[203,-148],[203,-149],[202,-149],[202,-150],[201,-150],[201,-152],[204,-152],[204,-153],[205,-153],[205,-150],[206,-150],[206,-149],[208,-149],[208,-148],[209,-148],[209,-147],[210,-147],[210,-146],[211,-146],[211,-145],[215,-145],[215,-144],[216,-144],[216,-143],[218,-143],[218,-142],[226,-142],[226,-141],[229,-141],[229,-140]]]]}},{"type":"Feature","id":"100,50,0","properties":{"kind":"area","colour":"100,50,0","biome":"Venge","biomeId":"55678-rebirth.mod","profile":"arid- low altitudes","iron":0.333333,"copper":0.266667,"ironMultiplier":1.0,"copperMultiplier":0.800000011920929,"stone":0.5,"stoneMultiplier":1.0,"water":0.3,"waterMultiplier":0.6000000238418579,"waterMin":0.10000000149011612,"waterAltitudeMin":0.0,"waterAltitudeMax":155.0,"waterAltitudeFade":100.0,"fertility":0.833333,"fertilityMultiplier":1.0,"fertilityMin":0.0,"fertilityAltitudeMin":0.0,"fertilityAltitudeMax":200.0,"fertilityAltitudeFade":100.0,"arid":1.0,"aridValue":1.0,"green":0.1,"greenValue":0.10000000149011612,"swamp":0.0,"swampValue":0.0,"wind":0.7,"windMin":0.0,"windMax":70.0,"weatherProfileId":"wp-17ab3c56afa5","weatherStrengthMin":1.0,"weatherStrengthMax":1.0,"specialWeather":["光線"],"acidicGround":0.0,"acidicWater":0.0},"geometry":{"type":"MultiPolygon","coordinates":[[[[140,-160],[141,-160],[141,-159],[142,-159],[142,-158],[143,-158],[143,-157],[144,-157],[144,-156],[149,-156],[149,-157],[150,-157],[150,-159],[151,-159],[151,-158],[152,-158],[152,-157],[160,-157],[160,-156],[172,-156],[172,-155],[181,-155],[181,-154],[186,-154],[186,-150],[185,-150],[185,-148],[184,-148],[184,-147],[183,-147],[183,-144],[184,-144],[184,-143],[183,-143],[183,-138],[184,-138],[184,-137],[182,-137],[182,-136],[180,-136],[180,-135],[179,-135],[179,-136],[178,-136],[178,-137],[177,-137],[177,-138],[175,-138],[175,-137],[174,-137],[174,-136],[173,-136],[173,-137],[172,-137],[172,-133],[171,-133],[171,-131],[170,-131],[170,-129],[169,-129],[169,-128],[170,-128],[170,-125],[171,-125],[171,-124],[159,-124],[159,-126],[150,-126],[150,-127],[149,-127],[149,-128],[145,-128],[145,-130],[143,-130],[143,-131],[140,-131],[140,-132],[139,-132],[139,-144],[138,-144],[138,-146],[137,-146],[137,-147],[136,-147],[136,-150],[135,-150],[135,-151],[133,-151],[133,-152],[132,-152],[132,-157],[131,-157],[131,-159],[132,-159],[132,-160],[138,-160],[138,-161],[140,-161],[140,-160]]]]}},{"type":"Feature","id":"200,50,200","properties":{"kind":"area","colour":"200,50,200","biome":"Greenbeach","biomeId":"57287-rebirth.mod","profile":"coast","iron":0.333333,"copper":0.183333,"ironMultiplier":1.0,"copperMultiplier":0.550000011920929,"stone":0.5,"stoneMultiplier":1.0,"water":0.3,"waterMultiplier":0.6000000238418579,"waterMin":0.20000000298023224,"waterAltitudeMin":0.0,"waterAltitudeMax":700.0,"waterAltitudeFade":200.0,"fertility":0.625,"fertilityMultiplier":0.75,"fertilityMin":0.0,"fertilityAltitudeMin":0.0,"fertilityAltitudeMax":800.0,"fertilityAltitudeFade":500.0,"arid":0.5,"aridValue":0.5,"green":1.0,"greenValue":1.0,"swamp":0.0,"swampValue":0.0,"wind":0.7,"windMin":0.0,"windMax":70.0,"weatherProfileId":"wp-93dd755d8054","weatherStrengthMin":1.0,"weatherStrengthMax":1.0,"specialWeather":["酸性雨"],"acidicGround":0.0,"acidicWater":0.0},"geometry":{"type":"MultiPolygon","coordinates":[[[[237,-127],[237,-128],[239,-128],[239,-126],[238,-126],[238,-125],[236,-125],[236,-127],[237,-127]]],[[[253,-128],[255,-128],[255,-126],[253,-126],[253,-128]]],[[[250,-128],[250,-127],[247,-127],[247,-131],[246,-131],[246,-130],[245,-130],[245,-129],[244,-129],[244,-130],[242,-130],[242,-131],[241,-131],[241,-133],[242,-133],[242,-134],[244,-134],[244,-133],[246,-133],[246,-132],[247,-132],[247,-133],[248,-133],[248,-134],[250,-134],[250,-133],[251,-133],[251,-128],[250,-128]]],[[[242,-130],[242,-129],[241,-129],[241,-130],[242,-130]]],[[[232,-155],[232,-157],[233,-157],[233,-165],[232,-165],[232,-169],[231,-169],[231,-170],[230,-170],[230,-171],[228,-171],[228,-172],[237,-172],[237,-171],[245,-171],[245,-170],[246,-170],[246,-169],[248,-169],[248,-168],[249,-168],[249,-167],[250,-167],[250,-162],[249,-162],[249,-161],[248,-161],[248,-160],[249,-160],[249,-159],[250,-159],[250,-158],[253,-158],[253,-157],[254,-157],[254,-156],[255,-156],[255,-155],[256,-155],[256,-154],[255,-154],[255,-153],[254,-153],[254,-152],[253,-152],[253,-151],[252,-151],[252,-150],[251,-150],[251,-151],[250,-151],[250,-154],[249,-154],[249,-152],[248,-152],[248,-150],[249,-150],[249,-148],[248,-148],[248,-147],[246,-147],[246,-148],[245,-148],[245,-149],[244,-149],[244,-150],[243,-150],[243,-148],[244,-148],[244,-147],[245,-147],[245,-146],[246,-146],[246,-143],[247,-143],[247,-142],[246,-142],[246,-141],[245,-141],[245,-139],[246,-139],[246,-138],[247,-138],[247,-135],[244,-135],[244,-137],[243,-137],[243,-138],[242,-138],[242,-137],[240,-137],[240,-136],[239,-136],[239,-139],[238,-139],[238,-138],[235,-138],[235,-139],[230,-139],[230,-140],[229,-140],[229,-141],[226,-141],[226,-142],[225,-142],[225,-143],[227,-143],[227,-144],[228,-144],[228,-146],[229,-146],[229,-149],[230,-149],[230,-152],[231,-152],[231,-155],[232,-155]]]]}},{"type":"Feature","id":"32,64,128","properties":{"kind":"area","colour":"32,64,128","biome":"Stenn Desert","biomeId":"51287-rebirth.mod","profile":"Desert","iron":0.333333,"copper":0.233333,"ironMultiplier":1.0,"copperMultiplier":0.699999988079071,"stone":0.55,"stoneMultiplier":1.100000023841858,"water":0.1,"waterMultiplier":0.20000000298023224,"waterMin":0.10000000149011612,"waterAltitudeMin":0.0,"waterAltitudeMax":500.0,"waterAltitudeFade":200.0,"fertility":0.625,"fertilityMultiplier":0.75,"fertilityMin":0.0,"fertilityAltitudeMin":0.0,"fertilityAltitudeMax":800.0,"fertilityAltitudeFade":300.0,"arid":1.0,"aridValue":1.0,"green":0.0,"greenValue":0.0,"swamp":0.0,"swampValue":0.0,"wind":1.0,"windMin":0.0,"windMax":100.0,"weatherProfileId":"wp-c40b3251783d","weatherStrengthMin":1.0,"weatherStrengthMax":1.0,"specialWeather":["砂嵐"],"acidicGround":0.0,"acidicWater":0.0},"geometry":{"type":"MultiPolygon","coordinates":[[[[53,-163],[53,-164],[55,-164],[55,-163],[57,-163],[57,-162],[59,-162],[59,-161],[63,-161],[63,-160],[66,-160],[66,-159],[68,-159],[68,-160],[70,-160],[70,-154],[69,-154],[69,-153],[68,-153],[68,-139],[66,-139],[66,-137],[50,-137],[50,-136],[48,-136],[48,-135],[46,-135],[46,-134],[43,-134],[43,-133],[42,-133],[42,-132],[41,-132],[41,-133],[39,-133],[39,-136],[38,-136],[38,-145],[37,-145],[37,-149],[38,-149],[38,-150],[39,-150],[39,-151],[40,-151],[40,-156],[39,-156],[39,-158],[43,-158],[43,-159],[46,-159],[46,-160],[48,-160],[48,-161],[49,-161],[49,-162],[51,-162],[51,-163],[53,-163]]]]}},{"type":"Feature","id":"125,100,80","properties":{"kind":"area","colour":"125,100,80","biome":"Shem","biomeId":"55938-rebirth.mod","profile":"arid- low altitudes","iron":0.333333,"copper":0.266667,"ironMultiplier":1.0,"copperMultiplier":0.800000011920929,"stone":0.5,"stoneMultiplier":1.0,"water":0.3,"waterMultiplier":0.6000000238418579,"waterMin":0.10000000149011612,"waterAltitudeMin":0.0,"waterAltitudeMax":155.0,"waterAltitudeFade":100.0,"fertility":0.833333,"fertilityMultiplier":1.0,"fertilityMin":0.0,"fertilityAltitudeMin":0.0,"fertilityAltitudeMax":200.0,"fertilityAltitudeFade":100.0,"arid":1.0,"aridValue":1.0,"green":0.1,"greenValue":0.10000000149011612,"swamp":0.0,"swampValue":0.0,"wind":0.7,"windMin":0.0,"windMax":70.0,"weatherProfileId":"wp-ffaa9b07eb55","weatherStrengthMin":1.0,"weatherStrengthMax":1.0,"specialWeather":[],"acidicGround":0.0,"acidicWater":0.0},"geometry":{"type":"MultiPolygon","coordinates":[[[[139,-144],[139,-133],[129,-133],[129,-134],[128,-134],[128,-136],[127,-136],[127,-137],[125,-137],[125,-138],[117,-138],[117,-139],[108,-139],[108,-138],[107,-138],[107,-141],[106,-141],[106,-143],[107,-143],[107,-155],[109,-155],[109,-156],[120,-156],[120,-159],[121,-159],[121,-160],[122,-160],[122,-161],[132,-161],[132,-159],[131,-159],[131,-157],[132,-157],[132,-152],[133,-152],[133,-151],[135,-151],[135,-150],[136,-150],[136,-147],[137,-147],[137,-146],[138,-146],[138,-144],[139,-144]]]]}},{"type":"Feature","id":"150,100,200","properties":{"kind":"area","colour":"150,100,200","biome":"The Unwanted Zone","biomeId":"62171-rebirth.mod","profile":"crappy half values w/food","iron":0.166667,"copper":0.2,"ironMultiplier":0.5,"copperMultiplier":0.6000000238418579,"stone":0.25,"stoneMultiplier":0.5,"water":0.25,"waterMultiplier":0.5,"waterMin":0.0,"waterAltitudeMin":0.0,"waterAltitudeMax":500.0,"waterAltitudeFade":500.0,"fertility":0.416667,"fertilityMultiplier":0.5,"fertilityMin":0.0,"fertilityAltitudeMin":0.0,"fertilityAltitudeMax":1000.0,"fertilityAltitudeFade":500.0,"arid":0.0,"aridValue":0.0,"green":1.0,"greenValue":1.0,"swamp":0.0,"swampValue":0.0,"wind":0.3,"windMin":0.0,"windMax":30.0,"weatherProfileId":"wp-fddfb512a46a","weatherStrengthMin":1.0,"weatherStrengthMax":1.0,"specialWeather":["酸性雨"],"acidicGround":0.0,"acidicWater":0.5},"geometry":{"type":"MultiPolygon","coordinates":[[[[183,-144],[183,-147],[184,-147],[184,-148],[185,-148],[185,-150],[186,-150],[186,-153],[192,-153],[192,-154],[198,-154],[198,-153],[199,-153],[199,-152],[201,-152],[201,-150],[202,-150],[202,-149],[203,-149],[203,-148],[204,-148],[204,-147],[205,-147],[205,-145],[206,-145],[206,-140],[205,-140],[205,-139],[198,-139],[198,-138],[183,-138],[183,-143],[184,-143],[184,-144],[183,-144]]]]}},{"type":"Feature","id":"230,250,170","properties":{"kind":"area","colour":"230,250,170","biome":"Stobe's Garden","biomeId":"57726-rebirth.mod","profile":"bonefields","iron":0.366667,"copper":0.333333,"ironMultiplier":1.100000023841858,"copperMultiplier":1.0,"stone":0.75,"stoneMultiplier":1.5,"water":0.3,"waterMultiplier":0.6000000238418579,"waterMin":0.10000000149011612,"waterAltitudeMin":0.0,"waterAltitudeMax":500.0,"waterAltitudeFade":900.0,"fertility":0.75,"fertilityMultiplier":0.8999999761581421,"fertilityMin":0.0,"fertilityAltitudeMin":0.0,"fertilityAltitudeMax":800.0,"fertilityAltitudeFade":1200.0,"arid":1.0,"aridValue":1.0,"green":0.0,"greenValue":0.0,"swamp":0.0,"swampValue":0.0,"wind":0.7,"windMin":0.0,"windMax":70.0,"weatherProfileId":"wp-ffaa9b07eb55","weatherStrengthMin":1.0,"weatherStrengthMax":1.0,"specialWeather":[],"acidicGround":0.0,"acidicWater":0.0},"geometry":{"type":"MultiPolygon","coordinates":[[[[216,-143],[216,-144],[215,-144],[215,-145],[211,-145],[211,-146],[210,-146],[210,-147],[209,-147],[209,-148],[208,-148],[208,-149],[206,-149],[206,-150],[205,-150],[205,-153],[204,-153],[204,-152],[199,-152],[199,-153],[198,-153],[198,-154],[197,-154],[197,-155],[196,-155],[196,-162],[197,-162],[197,-164],[196,-164],[196,-169],[204,-169],[204,-170],[210,-170],[210,-171],[217,-171],[217,-174],[218,-174],[218,-175],[219,-175],[219,-174],[221,-174],[221,-173],[226,-173],[226,-172],[228,-172],[228,-171],[230,-171],[230,-170],[231,-170],[231,-169],[232,-169],[232,-165],[233,-165],[233,-157],[232,-157],[232,-155],[231,-155],[231,-152],[230,-152],[230,-149],[229,-149],[229,-146],[228,-146],[228,-144],[227,-144],[227,-143],[225,-143],[225,-142],[218,-142],[218,-143],[216,-143]]]]}},{"type":"Feature","id":"255,128,128","properties":{"kind":"area","colour":"255,128,128","biome":"The Swamp","biomeId":"48447-Newwworld.mod","profile":"swamp","iron":0.333333,"copper":0.333333,"ironMultiplier":1.0,"copperMultiplier":1.0,"stone":0.25,"stoneMultiplier":0.5,"water":1.0,"waterMultiplier":2.0,"waterMin":0.10000000149011612,"waterAltitudeMin":0.0,"waterAltitudeMax":500.0,"waterAltitudeFade":200.0,"fertility":0.833333,"fertilityMultiplier":1.0,"fertilityMin":0.0,"fertilityAltitudeMin":0.0,"fertilityAltitudeMax":800.0,"fertilityAltitudeFade":300.0,"arid":0.0,"aridValue":0.0,"green":0.0,"greenValue":0.0,"swamp":1.0,"swampValue":1.0,"wind":0.0,"windMin":0.0,"windMax":0.0,"weatherProfileId":"wp-1be2635bd98e","weatherStrengthMin":1.0,"weatherStrengthMax":1.0,"specialWeather":[],"acidicGround":0.0,"acidicWater":0.0},"geometry":{"type":"MultiPolygon","coordinates":[[[[68,-167],[68,-169],[69,-169],[69,-171],[70,-171],[70,-172],[76,-172],[76,-174],[75,-174],[75,-175],[73,-175],[73,-176],[64,-176],[64,-178],[66,-178],[66,-182],[65,-182],[65,-183],[66,-183],[66,-184],[67,-184],[67,-185],[68,-185],[68,-186],[69,-186],[69,-187],[78,-187],[78,-186],[79,-186],[79,-185],[81,-185],[81,-184],[84,-184],[84,-183],[88,-183],[88,-184],[89,-184],[89,-185],[90,-185],[90,-186],[92,-186],[92,-187],[93,-187],[93,-188],[94,-188],[94,-191],[93,-191],[93,-195],[94,-195],[94,-196],[95,-196],[95,-197],[100,-197],[100,-196],[101,-196],[101,-195],[102,-195],[102,-193],[106,-193],[106,-192],[108,-192],[108,-190],[110,-190],[110,-189],[111,-189],[111,-188],[112,-188],[112,-185],[111,-185],[111,-184],[110,-184],[110,-182],[109,-182],[109,-181],[107,-181],[107,-180],[104,-180],[104,-179],[103,-179],[103,-166],[102,-166],[102,-164],[101,-164],[101,-159],[102,-159],[102,-158],[109,-158],[109,-155],[107,-155],[107,-143],[104,-143],[104,-144],[100,-144],[100,-145],[98,-145],[98,-144],[93,-144],[93,-145],[88,-145],[88,-146],[85,-146],[85,-145],[84,-145],[84,-143],[83,-143],[83,-144],[82,-144],[82,-146],[81,-146],[81,-150],[80,-150],[80,-151],[75,-151],[75,-152],[74,-152],[74,-153],[73,-153],[73,-154],[70,-154],[70,-163],[69,-163],[69,-167],[68,-167]]]]}},{"type":"Feature","id":"50,100,100","properties":{"kind":"area","colour":"50,100,100","biome":"Stobe's Gamble","biomeId":"48678-Newwworld.mod","profile":"no food","iron":0.333333,"copper":0.333333,"ironMultiplier":1.0,"copperMultiplier":1.0,"stone":0.35,"stoneMultiplier":0.699999988079071,"water":0.3,"waterMultiplier":0.6000000238418579,"waterMin":0.0,"waterAltitudeMin":0.0,"waterAltitudeMax":1200.0,"waterAltitudeFade":500.0,"fertility":0.0,"fertilityMultiplier":0.0,"fertilityMin":0.0,"fertilityAltitudeMin":0.0,"fertilityAltitudeMax":0.0,"fertilityAltitudeFade":0.0,"arid":0.0,"aridValue":0.0,"green":0.0,"greenValue":0.0,"swamp":0.0,"swampValue":0.0,"wind":0.7,"windMin":0.0,"windMax":70.0,"weatherProfileId":"wp-74e16efb7b7a","weatherStrengthMin":1.0,"weatherStrengthMax":1.0,"specialWeather":["火山灰"],"acidicGround":0.0,"acidicWater":1.0},"geometry":{"type":"MultiPolygon","coordinates":[[[[166,-180],[166,-182],[165,-182],[165,-184],[166,-184],[166,-187],[168,-187],[168,-188],[169,-188],[169,-189],[170,-189],[170,-190],[171,-190],[171,-191],[172,-191],[172,-192],[173,-192],[173,-194],[174,-194],[174,-195],[175,-195],[175,-196],[176,-196],[176,-197],[177,-197],[177,-199],[178,-199],[178,-200],[179,-200],[179,-202],[180,-202],[180,-203],[181,-203],[181,-204],[182,-204],[182,-205],[187,-205],[187,-204],[186,-204],[186,-203],[185,-203],[185,-202],[184,-202],[184,-197],[185,-197],[185,-195],[186,-195],[186,-194],[188,-194],[188,-193],[189,-193],[189,-192],[191,-192],[191,-191],[192,-191],[192,-190],[195,-190],[195,-189],[197,-189],[197,-187],[196,-187],[196,-183],[197,-183],[197,-182],[196,-182],[196,-178],[195,-178],[195,-174],[196,-174],[196,-164],[197,-164],[197,-162],[196,-162],[196,-155],[197,-155],[197,-154],[192,-154],[192,-153],[186,-153],[186,-154],[181,-154],[181,-155],[172,-155],[172,-156],[160,-156],[160,-157],[152,-157],[152,-158],[151,-158],[151,-159],[150,-159],[150,-170],[151,-170],[151,-171],[152,-171],[152,-172],[157,-172],[157,-173],[160,-173],[160,-172],[162,-172],[162,-173],[163,-173],[163,-178],[164,-178],[164,-179],[165,-179],[165,-180],[166,-180]]]]}},{"type":"Feature","id":"90,156,0","properties":{"kind":"area","colour":"90,156,0","biome":"Spider Plains","biomeId":"51359-rebirth.mod","profile":"dry arid borderlands","iron":0.333333,"copper":0.2,"ironMultiplier":1.0,"copperMultiplier":0.6000000238418579,"stone":0.5,"stoneMultiplier":1.0,"water":0.25,"waterMultiplier":0.5,"waterMin":0.10000000149011612,"waterAltitudeMin":0.0,"waterAltitudeMax":500.0,"waterAltitudeFade":900.0,"fertility":0.5,"fertilityMultiplier":0.6000000238418579,"fertilityMin":0.0,"fertilityAltitudeMin":0.0,"fertilityAltitudeMax":800.0,"fertilityAltitudeFade":800.0,"arid":1.0,"aridValue":1.0,"green":0.1,"greenValue":0.10000000149011612,"swamp":0.0,"swampValue":0.0,"wind":0.8,"windMin":0.0,"windMax":80.0,"weatherProfileId":"wp-288b7862c5c3","weatherStrengthMin":1.0,"weatherStrengthMax":1.0,"specialWeather":["砂嵐"],"acidicGround":0.0,"acidicWater":0.0},"geometry":{"type":"MultiPolygon","coordinates":[[[[64,-178],[64,-176],[73,-176],[73,-175],[75,-175],[75,-174],[76,-174],[76,-172],[70,-172],[70,-171],[69,-171],[69,-169],[68,-169],[68,-167],[69,-167],[69,-163],[70,-163],[70,-160],[68,-160],[68,-159],[66,-159],[66,-160],[63,-160],[63,-161],[59,-161],[59,-162],[57,-162],[57,-163],[55,-163],[55,-164],[53,-164],[53,-163],[51,-163],[51,-162],[49,-162],[49,-161],[48,-161],[48,-160],[46,-160],[46,-159],[43,-159],[43,-158],[39,-158],[39,-156],[38,-156],[38,-157],[35,-157],[35,-159],[34,-159],[34,-160],[33,-160],[33,-161],[32,-161],[32,-162],[30,-162],[30,-163],[27,-163],[27,-164],[24,-164],[24,-167],[25,-167],[25,-169],[32,-169],[32,-170],[33,-170],[33,-171],[36,-171],[36,-172],[37,-172],[37,-174],[38,-174],[38,-175],[39,-175],[39,-178],[38,-178],[38,-181],[37,-181],[37,-182],[38,-182],[38,-183],[40,-183],[40,-185],[42,-185],[42,-187],[45,-187],[45,-188],[50,-188],[50,-189],[55,-189],[55,-188],[56,-188],[56,-187],[57,-187],[57,-186],[58,-186],[58,-185],[60,-185],[60,-184],[61,-184],[61,-183],[62,-183],[62,-182],[66,-182],[66,-178],[64,-178]]]]}},{"type":"Feature","id":"10,160,100","properties":{"kind":"area","colour":"10,160,100","biome":"Burning Forest","biomeId":"55636-rebirth.mod","profile":"swamp","iron":0.333333,"copper":0.333333,"ironMultiplier":1.0,"copperMultiplier":1.0,"stone":0.25,"stoneMultiplier":0.5,"water":1.0,"waterMultiplier":2.0,"waterMin":0.10000000149011612,"waterAltitudeMin":0.0,"waterAltitudeMax":500.0,"waterAltitudeFade":200.0,"fertility":0.833333,"fertilityMultiplier":1.0,"fertilityMin":0.0,"fertilityAltitudeMin":0.0,"fertilityAltitudeMax":800.0,"fertilityAltitudeFade":300.0,"arid":0.0,"aridValue":0.0,"green":0.0,"greenValue":0.0,"swamp":1.0,"swampValue":1.0,"wind":1.0,"windMin":0.0,"windMax":100.0,"weatherProfileId":"wp-955296b5126e","weatherStrengthMin":1.0,"weatherStrengthMax":1.0,"specialWeather":["酸性雨","砂嵐"],"acidicGround":0.0,"acidicWater":0.0},"geometry":{"type":"MultiPolygon","coordinates":[[[[122,-160],[121,-160],[121,-159],[120,-159],[120,-156],[109,-156],[109,-158],[102,-158],[102,-159],[101,-159],[101,-164],[102,-164],[102,-166],[103,-166],[103,-179],[104,-179],[104,-180],[107,-180],[107,-181],[109,-181],[109,-182],[110,-182],[110,-184],[111,-184],[111,-185],[122,-185],[122,-181],[123,-181],[123,-180],[125,-180],[125,-171],[121,-171],[121,-170],[120,-170],[120,-164],[121,-164],[121,-161],[122,-161],[122,-160]]]]}},{"type":"Feature","id":"125,100,0","properties":{"kind":"area","colour":"125,100,0","biome":"Flats Lagoon","biomeId":"62382-rebirth.mod","profile":"crappy half values w/food dry","iron":0.166667,"copper":0.2,"ironMultiplier":0.5,"copperMultiplier":0.6000000238418579,"stone":0.25,"stoneMultiplier":0.5,"water":0.25,"waterMultiplier":0.5,"waterMin":0.0,"waterAltitudeMin":0.0,"waterAltitudeMax":500.0,"waterAltitudeFade":500.0,"fertility":0.416667,"fertilityMultiplier":0.5,"fertilityMin":0.0,"fertilityAltitudeMin":0.0,"fertilityAltitudeMax":1000.0,"fertilityAltitudeFade":500.0,"arid":0.5,"aridValue":0.5,"green":0.0,"greenValue":0.0,"swamp":0.0,"swampValue":0.0,"wind":0.6,"windMin":20.0,"windMax":60.0,"weatherProfileId":"wp-f50a727b3c73","weatherStrengthMin":1.0,"weatherStrengthMax":1.0,"specialWeather":[],"acidicGround":0.0,"acidicWater":0.0},"geometry":{"type":"MultiPolygon","coordinates":[[[[150,-180],[151,-180],[151,-179],[152,-179],[152,-178],[155,-178],[155,-177],[156,-177],[156,-176],[158,-176],[158,-178],[159,-178],[159,-180],[160,-180],[160,-181],[161,-181],[161,-182],[162,-182],[162,-183],[165,-183],[165,-182],[166,-182],[166,-180],[165,-180],[165,-179],[164,-179],[164,-178],[163,-178],[163,-173],[162,-173],[162,-172],[160,-172],[160,-173],[157,-173],[157,-172],[152,-172],[152,-171],[151,-171],[151,-170],[150,-170],[150,-157],[149,-157],[149,-156],[144,-156],[144,-157],[143,-157],[143,-158],[142,-158],[142,-159],[141,-159],[141,-160],[140,-160],[140,-161],[139,-161],[139,-162],[138,-162],[138,-163],[137,-163],[137,-164],[136,-164],[136,-165],[135,-165],[135,-166],[134,-166],[134,-167],[133,-167],[133,-169],[132,-169],[132,-171],[133,-171],[133,-176],[134,-176],[134,-177],[135,-177],[135,-178],[136,-178],[136,-180],[137,-180],[137,-181],[138,-181],[138,-182],[145,-182],[145,-181],[146,-181],[146,-180],[148,-180],[148,-181],[150,-181],[150,-180]]]]}},{"type":"Feature","id":"255,160,0","properties":{"kind":"area","colour":"255,160,0","biome":"Bonefields","biomeId":"56099-rebirth.mod","profile":"bonefields","iron":0.366667,"copper":0.333333,"ironMultiplier":1.100000023841858,"copperMultiplier":1.0,"stone":0.75,"stoneMultiplier":1.5,"water":0.3,"waterMultiplier":0.6000000238418579,"waterMin":0.10000000149011612,"waterAltitudeMin":0.0,"waterAltitudeMax":500.0,"waterAltitudeFade":900.0,"fertility":0.75,"fertilityMultiplier":0.8999999761581421,"fertilityMin":0.0,"fertilityAltitudeMin":0.0,"fertilityAltitudeMax":800.0,"fertilityAltitudeFade":1200.0,"arid":1.0,"aridValue":1.0,"green":0.0,"greenValue":0.0,"swamp":0.0,"swampValue":0.0,"wind":0.7,"windMin":0.0,"windMax":70.0,"weatherProfileId":"wp-520e012cf22f","weatherStrengthMin":1.0,"weatherStrengthMax":1.0,"specialWeather":["砂嵐"],"acidicGround":0.0,"acidicWater":0.0},"geometry":{"type":"MultiPolygon","coordinates":[[[[120,-170],[121,-170],[121,-171],[125,-171],[125,-180],[123,-180],[123,-181],[122,-181],[122,-185],[127,-185],[127,-186],[128,-186],[128,-188],[127,-188],[127,-192],[126,-192],[126,-193],[125,-193],[125,-194],[124,-194],[124,-195],[117,-195],[117,-196],[116,-196],[116,-206],[115,-206],[115,-207],[114,-207],[114,-208],[112,-208],[112,-209],[108,-209],[108,-208],[107,-208],[107,-204],[106,-204],[106,-214],[107,-214],[107,-216],[108,-216],[108,-217],[109,-217],[109,-218],[112,-218],[112,-219],[114,-219],[114,-220],[125,-220],[125,-221],[126,-221],[126,-223],[125,-223],[125,-224],[127,-224],[127,-223],[130,-223],[130,-224],[133,-224],[133,-225],[134,-225],[134,-226],[138,-226],[138,-227],[139,-227],[139,-228],[142,-228],[142,-226],[143,-226],[143,-225],[144,-225],[144,-224],[145,-224],[145,-223],[146,-223],[146,-222],[147,-222],[147,-221],[148,-221],[148,-219],[149,-219],[149,-214],[148,-214],[148,-213],[147,-213],[147,-206],[146,-206],[146,-202],[145,-202],[145,-201],[144,-201],[144,-199],[143,-199],[143,-197],[144,-197],[144,-195],[146,-195],[146,-196],[150,-196],[150,-195],[151,-195],[151,-194],[152,-194],[152,-193],[153,-193],[153,-191],[152,-191],[152,-190],[151,-190],[151,-186],[150,-186],[150,-183],[149,-183],[149,-181],[148,-181],[148,-180],[146,-180],[146,-181],[145,-181],[145,-182],[138,-182],[138,-181],[137,-181],[137,-180],[136,-180],[136,-178],[135,-178],[135,-177],[134,-177],[134,-176],[133,-176],[133,-171],[132,-171],[132,-169],[133,-169],[133,-167],[134,-167],[134,-166],[135,-166],[135,-165],[136,-165],[136,-164],[137,-164],[137,-163],[138,-163],[138,-162],[139,-162],[139,-161],[138,-161],[138,-160],[132,-160],[132,-161],[121,-161],[121,-164],[120,-164],[120,-170]]]]}},{"type":"Feature","id":"4,44,44","properties":{"kind":"area","colour":"4,44,44","biome":"Shun","biomeId":"51334-rebirth.mod","profile":"arid- low altitudes","iron":0.333333,"copper":0.266667,"ironMultiplier":1.0,"copperMultiplier":0.800000011920929,"stone":0.5,"stoneMultiplier":1.0,"water":0.3,"waterMultiplier":0.6000000238418579,"waterMin":0.10000000149011612,"waterAltitudeMin":0.0,"waterAltitudeMax":155.0,"waterAltitudeFade":100.0,"fertility":0.833333,"fertilityMultiplier":1.0,"fertilityMin":0.0,"fertilityAltitudeMin":0.0,"fertilityAltitudeMax":200.0,"fertilityAltitudeFade":100.0,"arid":1.0,"aridValue":1.0,"green":0.1,"greenValue":0.10000000149011612,"swamp":0.0,"swampValue":0.0,"wind":0.7,"windMin":0.0,"windMax":70.0,"weatherProfileId":"wp-3f4660523d36","weatherStrengthMin":1.0,"weatherStrengthMax":1.0,"specialWeather":["砂嵐"],"acidicGround":0.0,"acidicWater":0.0},"geometry":{"type":"MultiPolygon","coordinates":[[[[0,-185],[0,-194],[1,-194],[1,-195],[2,-195],[2,-196],[4,-196],[4,-197],[6,-197],[6,-198],[7,-198],[7,-199],[8,-199],[8,-204],[7,-204],[7,-205],[8,-205],[8,-208],[9,-208],[9,-209],[10,-209],[10,-210],[12,-210],[12,-211],[13,-211],[13,-212],[15,-212],[15,-214],[16,-214],[16,-215],[15,-215],[15,-216],[16,-216],[16,-217],[15,-217],[15,-219],[16,-219],[16,-220],[17,-220],[17,-221],[16,-221],[16,-222],[20,-222],[20,-223],[23,-223],[23,-224],[29,-224],[29,-223],[30,-223],[30,-224],[32,-224],[32,-225],[34,-225],[34,-226],[35,-226],[35,-227],[40,-227],[40,-226],[43,-226],[43,-225],[44,-225],[44,-224],[45,-224],[45,-222],[46,-222],[46,-217],[47,-217],[47,-216],[49,-216],[49,-215],[53,-215],[53,-209],[52,-209],[52,-208],[50,-208],[50,-207],[49,-207],[49,-205],[48,-205],[48,-203],[47,-203],[47,-201],[46,-201],[46,-196],[47,-196],[47,-194],[49,-194],[49,-193],[50,-193],[50,-192],[51,-192],[51,-191],[53,-191],[53,-190],[54,-190],[54,-189],[50,-189],[50,-188],[45,-188],[45,-187],[42,-187],[42,-189],[41,-189],[41,-190],[40,-190],[40,-191],[39,-191],[39,-193],[24,-193],[24,-192],[22,-192],[22,-191],[20,-191],[20,-190],[19,-190],[19,-189],[17,-189],[17,-186],[16,-186],[16,-183],[15,-183],[15,-182],[16,-182],[16,-172],[18,-172],[18,-171],[20,-171],[20,-170],[22,-170],[22,-169],[25,-169],[25,-167],[24,-167],[24,-164],[21,-164],[21,-165],[19,-165],[19,-166],[17,-166],[17,-167],[16,-167],[16,-168],[14,-168],[14,-167],[12,-167],[12,-173],[11,-173],[11,-177],[10,-177],[10,-179],[8,-179],[8,-181],[7,-181],[7,-182],[4,-182],[4,-183],[2,-183],[2,-184],[1,-184],[1,-185],[0,-185]]]]}},{"type":"Feature","id":"162,80,162","properties":{"kind":"area","colour":"162,80,162","biome":"Watcher's Rim","biomeId":"51386-rebirth.mod","profile":"crappy half values- no food","iron":0.166667,"copper":0.2,"ironMultiplier":0.5,"copperMultiplier":0.6000000238418579,"stone":0.25,"stoneMultiplier":0.5,"water":0.0,"waterMultiplier":0.0,"waterMin":0.0,"waterAltitudeMin":0.0,"waterAltitudeMax":0.0,"waterAltitudeFade":0.0,"fertility":0.0,"fertilityMultiplier":0.0,"fertilityMin":0.0,"fertilityAltitudeMin":0.0,"fertilityAltitudeMax":0.0,"fertilityAltitudeFade":0.0,"arid":0.0,"aridValue":0.0,"green":0.0,"greenValue":0.0,"swamp":0.0,"swampValue":0.0,"wind":0.0,"windMin":0,"windMax":0,"weatherProfileId":"wp-97d170e1550e","weatherStrengthMin":1.0,"weatherStrengthMax":1.0,"specialWeather":[],"acidicGround":0.0,"acidicWater":0.0},"geometry":{"type":"MultiPolygon","coordinates":[[[[37,-178],[39,-178],[39,-175],[38,-175],[38,-174],[37,-174],[37,-172],[36,-172],[36,-171],[33,-171],[33,-170],[32,-170],[32,-169],[22,-169],[22,-170],[20,-170],[20,-171],[18,-171],[18,-172],[16,-172],[16,-179],[19,-179],[19,-176],[20,-176],[20,-175],[21,-175],[21,-174],[23,-174],[23,-173],[26,-173],[26,-172],[29,-172],[29,-173],[32,-173],[32,-174],[34,-174],[34,-176],[36,-176],[36,-177],[37,-177],[37,-178]]],[[[37,-188],[36,-188],[36,-190],[31,-190],[31,-193],[39,-193],[39,-191],[40,-191],[40,-190],[41,-190],[41,-189],[42,-189],[42,-185],[38,-185],[38,-187],[37,-187],[37,-188]]]]}},{"type":"Feature","id":"44,194,94","properties":{"kind":"area","colour":"44,194,94","biome":"The Crags","biomeId":"65822-rebirth.mod","profile":"the pits- rich but no food","iron":0.666667,"copper":0.5,"ironMultiplier":2.0,"copperMultiplier":1.5,"stone":1.0,"stoneMultiplier":2.0,"water":0.45,"waterMultiplier":0.8999999761581421,"waterMin":0.20000000298023224,"waterAltitudeMin":900.0,"waterAltitudeMax":1200.0,"waterAltitudeFade":700.0,"fertility":0.0,"fertilityMultiplier":0.0,"fertilityMin":0.0,"fertilityAltitudeMin":0.0,"fertilityAltitudeMax":0.0,"fertilityAltitudeFade":0.0,"arid":0.0,"aridValue":0.0,"green":0.0,"greenValue":0.0,"swamp":0.0,"swampValue":0.0,"wind":0.7,"windMin":0.0,"windMax":70.0,"weatherProfileId":"wp-1bb1626e7443","weatherStrengthMin":1.0,"weatherStrengthMax":1.0,"specialWeather":["砂嵐","酸性雨"],"acidicGround":0.0,"acidicWater":0.0},"geometry":{"type":"MultiPolygon","coordinates":[[[[196,-178],[196,-182],[197,-182],[197,-183],[196,-183],[196,-187],[197,-187],[197,-190],[201,-190],[201,-189],[204,-189],[204,-187],[205,-187],[205,-186],[206,-186],[206,-185],[207,-185],[207,-183],[208,-183],[208,-182],[209,-182],[209,-181],[210,-181],[210,-180],[211,-180],[211,-179],[212,-179],[212,-178],[213,-178],[213,-177],[216,-177],[216,-176],[218,-176],[218,-174],[217,-174],[217,-171],[210,-171],[210,-170],[204,-170],[204,-169],[196,-169],[196,-174],[195,-174],[195,-178],[196,-178]]]]}},{"type":"Feature","id":"130,194,94","properties":{"kind":"area","colour":"130,194,94","biome":"The Pits East","biomeId":"57727-rebirth.mod","profile":"the pits- rich but no food","iron":0.666667,"copper":0.5,"ironMultiplier":2.0,"copperMultiplier":1.5,"stone":1.0,"stoneMultiplier":2.0,"water":0.45,"waterMultiplier":0.8999999761581421,"waterMin":0.20000000298023224,"waterAltitudeMin":900.0,"waterAltitudeMax":1200.0,"waterAltitudeFade":700.0,"fertility":0.0,"fertilityMultiplier":0.0,"fertilityMin":0.0,"fertilityAltitudeMin":0.0,"fertilityAltitudeMax":0.0,"fertilityAltitudeFade":0.0,"arid":0.0,"aridValue":0.0,"green":0.0,"greenValue":0.0,"swamp":0.0,"swampValue":0.0,"wind":0.7,"windMin":0.0,"windMax":70.0,"weatherProfileId":"wp-1bb1626e7443","weatherStrengthMin":1.0,"weatherStrengthMax":1.0,"specialWeather":["砂嵐","酸性雨"],"acidicGround":0.0,"acidicWater":0.5},"geometry":{"type":"MultiPolygon","coordinates":[[[[254,-170],[249,-170],[249,-169],[246,-169],[246,-170],[245,-170],[245,-171],[237,-171],[237,-172],[226,-172],[226,-173],[224,-173],[224,-199],[229,-199],[229,-200],[230,-200],[230,-199],[232,-199],[232,-200],[237,-200],[237,-199],[238,-199],[238,-198],[242,-198],[242,-197],[243,-197],[243,-196],[244,-196],[244,-194],[245,-194],[245,-193],[249,-193],[249,-191],[248,-191],[248,-188],[250,-188],[250,-187],[251,-187],[251,-185],[252,-185],[252,-183],[253,-183],[253,-182],[255,-182],[255,-181],[256,-181],[256,-172],[255,-172],[255,-171],[254,-171],[254,-170]]],[[[246,-199],[250,-199],[250,-197],[246,-197],[246,-199]]]]}},{"type":"Feature","id":"64,64,128","properties":{"kind":"area","colour":"64,64,128","biome":"Arach","biomeId":"51326-rebirth.mod","profile":"polluted","iron":0.333333,"copper":0.333333,"ironMultiplier":1.0,"copperMultiplier":1.0,"stone":0.35,"stoneMultiplier":0.699999988079071,"water":0.0,"waterMultiplier":0.0,"waterMin":0.0,"waterAltitudeMin":0.0,"waterAltitudeMax":1200.0,"waterAltitudeFade":500.0,"fertility":0.0,"fertilityMultiplier":0.0,"fertilityMin":0.0,"fertilityAltitudeMin":0.0,"fertilityAltitudeMax":0.0,"fertilityAltitudeFade":0.0,"arid":0.0,"aridValue":0.0,"green":0.0,"greenValue":0.0,"swamp":0.0,"swampValue":0.0,"wind":0.33,"windMin":0.0,"windMax":33.0,"weatherProfileId":"wp-6fecc9f54fee","weatherStrengthMin":1.0,"weatherStrengthMax":1.0,"specialWeather":[],"acidicGround":0.0,"acidicWater":0.0},"geometry":{"type":"MultiPolygon","coordinates":[[[[31,-193],[31,-190],[36,-190],[36,-188],[37,-188],[37,-187],[38,-187],[38,-185],[40,-185],[40,-183],[38,-183],[38,-182],[37,-182],[37,-181],[38,-181],[38,-178],[37,-178],[37,-177],[36,-177],[36,-176],[34,-176],[34,-174],[32,-174],[32,-173],[29,-173],[29,-172],[26,-172],[26,-173],[23,-173],[23,-174],[21,-174],[21,-175],[20,-175],[20,-176],[19,-176],[19,-179],[16,-179],[16,-182],[15,-182],[15,-183],[16,-183],[16,-186],[17,-186],[17,-189],[19,-189],[19,-190],[20,-190],[20,-191],[22,-191],[22,-192],[24,-192],[24,-193],[31,-193]]]]}},{"type":"Feature","id":"222,0,0","properties":{"kind":"area","colour":"222,0,0","biome":"The Pits","biomeId":"65823-rebirth.mod","profile":"the pits- rich but no food","iron":0.666667,"copper":0.5,"ironMultiplier":2.0,"copperMultiplier":1.5,"stone":1.0,"stoneMultiplier":2.0,"water":0.45,"waterMultiplier":0.8999999761581421,"waterMin":0.20000000298023224,"waterAltitudeMin":900.0,"waterAltitudeMax":1200.0,"waterAltitudeFade":700.0,"fertility":0.0,"fertilityMultiplier":0.0,"fertilityMin":0.0,"fertilityAltitudeMin":0.0,"fertilityAltitudeMax":0.0,"fertilityAltitudeFade":0.0,"arid":0.0,"aridValue":0.0,"green":0.0,"greenValue":0.0,"swamp":0.0,"swampValue":0.0,"wind":0.7,"windMin":0.0,"windMax":70.0,"weatherProfileId":"wp-1bb1626e7443","weatherStrengthMin":1.0,"weatherStrengthMax":1.0,"specialWeather":["砂嵐","酸性雨"],"acidicGround":0.0,"acidicWater":0.5},"geometry":{"type":"MultiPolygon","coordinates":[[[[204,-189],[201,-189],[201,-190],[200,-190],[200,-195],[201,-195],[201,-197],[203,-197],[203,-196],[204,-196],[204,-195],[211,-195],[211,-196],[212,-196],[212,-197],[213,-197],[213,-198],[214,-198],[214,-199],[219,-199],[219,-198],[220,-198],[220,-199],[224,-199],[224,-173],[221,-173],[221,-174],[219,-174],[219,-175],[218,-175],[218,-176],[216,-176],[216,-177],[213,-177],[213,-178],[212,-178],[212,-179],[211,-179],[211,-180],[210,-180],[210,-181],[209,-181],[209,-182],[208,-182],[208,-183],[207,-183],[207,-185],[206,-185],[206,-186],[205,-186],[205,-187],[204,-187],[204,-189]]]]}},{"type":"Feature","id":"105,220,109","properties":{"kind":"area","colour":"105,220,109","biome":"Greyshelf","biomeId":"57725-rebirth.mod","profile":"crappy half values- no food","iron":0.166667,"copper":0.2,"ironMultiplier":0.5,"copperMultiplier":0.6000000238418579,"stone":0.25,"stoneMultiplier":0.5,"water":0.0,"waterMultiplier":0.0,"waterMin":0.0,"waterAltitudeMin":0.0,"waterAltitudeMax":0.0,"waterAltitudeFade":0.0,"fertility":0.0,"fertilityMultiplier":0.0,"fertilityMin":0.0,"fertilityAltitudeMin":0.0,"fertilityAltitudeMax":0.0,"fertilityAltitudeFade":0.0,"arid":0.0,"aridValue":0.0,"green":0.0,"greenValue":0.0,"swamp":0.0,"swampValue":0.0,"wind":0.3,"windMin":0.0,"windMax":30.0,"weatherProfileId":"wp-fddfb512a46a","weatherStrengthMin":1.0,"weatherStrengthMax":1.0,"specialWeather":["酸性雨"],"acidicGround":0.0,"acidicWater":0.0},"geometry":{"type":"MultiPolygon","coordinates":[[[[151,-180],[150,-180],[150,-181],[149,-181],[149,-183],[150,-183],[150,-186],[151,-186],[151,-190],[152,-190],[152,-191],[153,-191],[153,-192],[154,-192],[154,-199],[155,-199],[155,-205],[156,-205],[156,-208],[157,-208],[157,-209],[159,-209],[159,-210],[160,-210],[160,-211],[162,-211],[162,-212],[163,-212],[163,-213],[164,-213],[164,-214],[165,-214],[165,-215],[166,-215],[166,-216],[168,-216],[168,-217],[181,-217],[181,-216],[182,-216],[182,-214],[183,-214],[183,-213],[184,-213],[184,-209],[185,-209],[185,-205],[182,-205],[182,-204],[181,-204],[181,-203],[180,-203],[180,-202],[179,-202],[179,-200],[178,-200],[178,-199],[177,-199],[177,-197],[176,-197],[176,-196],[175,-196],[175,-195],[174,-195],[174,-194],[173,-194],[173,-192],[172,-192],[172,-191],[171,-191],[171,-190],[170,-190],[170,-189],[169,-189],[169,-188],[168,-188],[168,-187],[166,-187],[166,-184],[165,-184],[165,-183],[162,-183],[162,-182],[161,-182],[161,-181],[160,-181],[160,-180],[159,-180],[159,-178],[158,-178],[158,-176],[156,-176],[156,-177],[155,-177],[155,-178],[152,-178],[152,-179],[151,-179],[151,-180]]]]}},{"type":"Feature","id":"255,42,128","properties":{"kind":"area","colour":"255,42,128","biome":"The Grid","biomeId":"51379-rebirth.mod","profile":"polluted","iron":0.333333,"copper":0.333333,"ironMultiplier":1.0,"copperMultiplier":1.0,"stone":0.35,"stoneMultiplier":0.699999988079071,"water":0.0,"waterMultiplier":0.0,"waterMin":0.0,"waterAltitudeMin":0.0,"waterAltitudeMax":1200.0,"waterAltitudeFade":500.0,"fertility":0.0,"fertilityMultiplier":0.0,"fertilityMin":0.0,"fertilityAltitudeMin":0.0,"fertilityAltitudeMax":0.0,"fertilityAltitudeFade":0.0,"arid":0.0,"aridValue":0.0,"green":0.0,"greenValue":0.0,"swamp":0.0,"swampValue":0.0,"wind":0.0,"windMin":0.0,"windMax":0.0,"weatherProfileId":"wp-1be2635bd98e","weatherStrengthMin":1.0,"weatherStrengthMax":1.0,"specialWeather":[],"acidicGround":0.0,"acidicWater":0.0},"geometry":{"type":"MultiPolygon","coordinates":[[[[60,-185],[58,-185],[58,-186],[57,-186],[57,-187],[56,-187],[56,-188],[55,-188],[55,-191],[57,-191],[57,-192],[61,-192],[61,-194],[63,-194],[63,-195],[65,-195],[65,-197],[68,-197],[68,-185],[67,-185],[67,-184],[66,-184],[66,-183],[65,-183],[65,-182],[62,-182],[62,-183],[61,-183],[61,-184],[60,-184],[60,-185]]]]}},{"type":"Feature","id":"90,90,180","properties":{"kind":"area","colour":"90,90,180","biome":"South Wetlands","biomeId":"51380-rebirth.mod","profile":"swamp","iron":0.333333,"copper":0.333333,"ironMultiplier":1.0,"copperMultiplier":1.0,"stone":0.25,"stoneMultiplier":0.5,"water":1.0,"waterMultiplier":2.0,"waterMin":0.10000000149011612,"waterAltitudeMin":0.0,"waterAltitudeMax":500.0,"waterAltitudeFade":200.0,"fertility":0.833333,"fertilityMultiplier":1.0,"fertilityMin":0.0,"fertilityAltitudeMin":0.0,"fertilityAltitudeMax":800.0,"fertilityAltitudeFade":300.0,"arid":0.0,"aridValue":0.0,"green":0.0,"greenValue":0.0,"swamp":1.0,"swampValue":1.0,"wind":0.7,"windMin":0.0,"windMax":70.0,"weatherProfileId":"wp-8119afc48e4b","weatherStrengthMin":1.0,"weatherStrengthMax":1.0,"specialWeather":[],"acidicGround":0.0,"acidicWater":0.0},"geometry":{"type":"MultiPolygon","coordinates":[[[[78,-187],[69,-187],[69,-186],[68,-186],[68,-197],[66,-197],[66,-203],[72,-203],[72,-204],[74,-204],[74,-205],[75,-205],[75,-206],[76,-206],[76,-207],[78,-207],[78,-208],[85,-208],[85,-207],[96,-207],[96,-208],[97,-208],[97,-209],[105,-209],[105,-210],[106,-210],[106,-202],[105,-202],[105,-193],[102,-193],[102,-195],[101,-195],[101,-196],[100,-196],[100,-197],[95,-197],[95,-196],[94,-196],[94,-195],[93,-195],[93,-191],[94,-191],[94,-188],[93,-188],[93,-187],[92,-187],[92,-186],[90,-186],[90,-185],[89,-185],[89,-184],[88,-184],[88,-183],[84,-183],[84,-184],[81,-184],[81,-185],[79,-185],[79,-186],[78,-186],[78,-187]]]]}},{"type":"Feature","id":"190,50,10","properties":{"kind":"area","colour":"190,50,10","biome":"High Bonefields","biomeId":"95538-rebirth.mod","profile":"arid- borderlands, high canyons","iron":0.333333,"copper":0.266667,"ironMultiplier":1.0,"copperMultiplier":0.800000011920929,"stone":0.5,"stoneMultiplier":1.0,"water":0.25,"waterMultiplier":0.5,"waterMin":0.10000000149011612,"waterAltitudeMin":300.0,"waterAltitudeMax":1300.0,"waterAltitudeFade":1000.0,"fertility":0.833333,"fertilityMultiplier":1.0,"fertilityMin":0.0,"fertilityAltitudeMin":0.0,"fertilityAltitudeMax":1300.0,"fertilityAltitudeFade":1100.0,"arid":1.0,"aridValue":1.0,"green":0.1,"greenValue":0.10000000149011612,"swamp":0.0,"swampValue":0.0,"wind":0.6,"windMin":20.0,"windMax":60.0,"weatherProfileId":"wp-f50a727b3c73","weatherStrengthMin":1.0,"weatherStrengthMax":1.0,"specialWeather":[],"acidicGround":0.0,"acidicWater":0.0},"geometry":{"type":"MultiPolygon","coordinates":[[[[127,-185],[112,-185],[112,-188],[111,-188],[111,-189],[110,-189],[110,-190],[108,-190],[108,-192],[106,-192],[106,-193],[105,-193],[105,-202],[106,-202],[106,-204],[107,-204],[107,-208],[108,-208],[108,-209],[112,-209],[112,-208],[114,-208],[114,-207],[115,-207],[115,-206],[116,-206],[116,-196],[117,-196],[117,-195],[124,-195],[124,-194],[125,-194],[125,-193],[126,-193],[126,-192],[127,-192],[127,-188],[128,-188],[128,-186],[127,-186],[127,-185]]]]}},{"type":"Feature","id":"0,0,255","properties":{"kind":"area","colour":"0,0,255","biome":"The Crater","biomeId":"51363-rebirth.mod","profile":"polluted","iron":0.333333,"copper":0.333333,"ironMultiplier":1.0,"copperMultiplier":1.0,"stone":0.35,"stoneMultiplier":0.699999988079071,"water":0.0,"waterMultiplier":0.0,"waterMin":0.0,"waterAltitudeMin":0.0,"waterAltitudeMax":1200.0,"waterAltitudeFade":500.0,"fertility":0.0,"fertilityMultiplier":0.0,"fertilityMin":0.0,"fertilityAltitudeMin":0.0,"fertilityAltitudeMax":0.0,"fertilityAltitudeFade":0.0,"arid":0.0,"aridValue":0.0,"green":0.0,"greenValue":0.0,"swamp":0.0,"swampValue":0.0,"wind":0.7,"windMin":0.0,"windMax":70.0,"weatherProfileId":"wp-8119afc48e4b","weatherStrengthMin":1.0,"weatherStrengthMax":1.0,"specialWeather":[],"acidicGround":0.0,"acidicWater":0.0},"geometry":{"type":"MultiPolygon","coordinates":[[[[60,-210],[61,-210],[61,-209],[62,-209],[62,-208],[63,-208],[63,-207],[64,-207],[64,-206],[65,-206],[65,-205],[66,-205],[66,-197],[65,-197],[65,-195],[63,-195],[63,-194],[61,-194],[61,-192],[57,-192],[57,-191],[55,-191],[55,-189],[54,-189],[54,-190],[53,-190],[53,-191],[51,-191],[51,-192],[50,-192],[50,-193],[49,-193],[49,-194],[47,-194],[47,-196],[46,-196],[46,-201],[47,-201],[47,-203],[48,-203],[48,-205],[49,-205],[49,-207],[50,-207],[50,-208],[52,-208],[52,-209],[53,-209],[53,-211],[60,-211],[60,-210]]]]}},{"type":"Feature","id":"175,190,10","properties":{"kind":"area","colour":"175,190,10","biome":"Sniper Valley","biomeId":"95758-rebirth.mod","profile":"no food","iron":0.333333,"copper":0.333333,"ironMultiplier":1.0,"copperMultiplier":1.0,"stone":0.35,"stoneMultiplier":0.699999988079071,"water":0.3,"waterMultiplier":0.6000000238418579,"waterMin":0.0,"waterAltitudeMin":0.0,"waterAltitudeMax":1200.0,"waterAltitudeFade":500.0,"fertility":0.0,"fertilityMultiplier":0.0,"fertilityMin":0.0,"fertilityAltitudeMin":0.0,"fertilityAltitudeMax":0.0,"fertilityAltitudeFade":0.0,"arid":0.0,"aridValue":0.0,"green":0.0,"greenValue":0.0,"swamp":0.0,"swampValue":0.0,"wind":0.7,"windMin":0.0,"windMax":70.0,"weatherProfileId":"wp-74e16efb7b7a","weatherStrengthMin":1.0,"weatherStrengthMax":1.0,"specialWeather":["火山灰"],"acidicGround":0.0,"acidicWater":1.0},"geometry":{"type":"MultiPolygon","coordinates":[[[[197,-190],[197,-189],[195,-189],[195,-190],[192,-190],[192,-191],[191,-191],[191,-192],[189,-192],[189,-193],[188,-193],[188,-194],[186,-194],[186,-195],[185,-195],[185,-197],[184,-197],[184,-202],[185,-202],[185,-203],[186,-203],[186,-204],[188,-204],[188,-202],[189,-202],[189,-201],[190,-201],[190,-200],[191,-200],[191,-199],[192,-199],[192,-198],[194,-198],[194,-197],[195,-197],[195,-196],[197,-196],[197,-195],[200,-195],[200,-190],[197,-190]]]]}},{"type":"Feature","id":"205,220,109","properties":{"kind":"area","colour":"205,220,109","biome":"Royal Valley","biomeId":"57724-rebirth.mod","profile":"crappy half values w/food","iron":0.166667,"copper":0.2,"ironMultiplier":0.5,"copperMultiplier":0.6000000238418579,"stone":0.25,"stoneMultiplier":0.5,"water":0.25,"waterMultiplier":0.5,"waterMin":0.0,"waterAltitudeMin":0.0,"waterAltitudeMax":500.0,"waterAltitudeFade":500.0,"fertility":0.416667,"fertilityMultiplier":0.5,"fertilityMin":0.0,"fertilityAltitudeMin":0.0,"fertilityAltitudeMax":1000.0,"fertilityAltitudeFade":500.0,"arid":0.0,"aridValue":0.0,"green":1.0,"greenValue":1.0,"swamp":0.0,"swampValue":0.0,"wind":0.3,"windMin":0.0,"windMax":30.0,"weatherProfileId":"wp-fddfb512a46a","weatherStrengthMin":1.0,"weatherStrengthMax":1.0,"specialWeather":["酸性雨"],"acidicGround":0.0,"acidicWater":0.0},"geometry":{"type":"MultiPolygon","coordinates":[[[[147,-206],[147,-213],[148,-213],[148,-214],[149,-214],[149,-219],[148,-219],[148,-221],[147,-221],[147,-222],[146,-222],[146,-223],[145,-223],[145,-224],[144,-224],[144,-225],[143,-225],[143,-226],[142,-226],[142,-227],[147,-227],[147,-228],[150,-228],[150,-230],[151,-230],[151,-231],[153,-231],[153,-232],[154,-232],[154,-233],[156,-233],[156,-234],[162,-234],[162,-233],[164,-233],[164,-232],[167,-232],[167,-230],[168,-230],[168,-229],[170,-229],[170,-228],[172,-228],[172,-227],[173,-227],[173,-226],[175,-226],[175,-225],[177,-225],[177,-224],[178,-224],[178,-223],[179,-223],[179,-222],[182,-222],[182,-219],[181,-219],[181,-218],[180,-218],[180,-217],[168,-217],[168,-216],[166,-216],[166,-215],[165,-215],[165,-214],[164,-214],[164,-213],[163,-213],[163,-212],[162,-212],[162,-211],[160,-211],[160,-210],[159,-210],[159,-209],[157,-209],[157,-208],[156,-208],[156,-205],[155,-205],[155,-199],[154,-199],[154,-192],[153,-192],[153,-193],[152,-193],[152,-194],[151,-194],[151,-195],[150,-195],[150,-196],[146,-196],[146,-195],[144,-195],[144,-197],[143,-197],[143,-199],[144,-199],[144,-201],[145,-201],[145,-202],[146,-202],[146,-206],[147,-206]]]]}},{"type":"Feature","id":"90,118,75","properties":{"kind":"area","colour":"90,118,75","biome":"Sonorous Dark","biomeId":"55939-rebirth.mod","profile":"the pits- rich but no food","iron":0.666667,"copper":0.5,"ironMultiplier":2.0,"copperMultiplier":1.5,"stone":1.0,"stoneMultiplier":2.0,"water":0.45,"waterMultiplier":0.8999999761581421,"waterMin":0.20000000298023224,"waterAltitudeMin":900.0,"waterAltitudeMax":1200.0,"waterAltitudeFade":700.0,"fertility":0.0,"fertilityMultiplier":0.0,"fertilityMin":0.0,"fertilityAltitudeMin":0.0,"fertilityAltitudeMax":0.0,"fertilityAltitudeFade":0.0,"arid":0.0,"aridValue":0.0,"green":0.0,"greenValue":0.0,"swamp":0.0,"swampValue":0.0,"wind":0.0,"windMin":0.0,"windMax":0.0,"weatherProfileId":"wp-93e48bfb96cc","weatherStrengthMin":1.0,"weatherStrengthMax":1.0,"specialWeather":["酸性雨"],"acidicGround":0.0,"acidicWater":1.0},"geometry":{"type":"MultiPolygon","coordinates":[[[[200,-215],[201,-215],[201,-214],[202,-214],[202,-209],[201,-209],[201,-208],[200,-208],[200,-207],[201,-207],[201,-203],[202,-203],[202,-202],[203,-202],[203,-200],[204,-200],[204,-196],[203,-196],[203,-197],[201,-197],[201,-195],[197,-195],[197,-196],[195,-196],[195,-197],[194,-197],[194,-198],[192,-198],[192,-199],[191,-199],[191,-200],[190,-200],[190,-201],[189,-201],[189,-202],[188,-202],[188,-204],[187,-204],[187,-205],[185,-205],[185,-209],[184,-209],[184,-213],[183,-213],[183,-214],[182,-214],[182,-216],[181,-216],[181,-217],[180,-217],[180,-218],[181,-218],[181,-219],[182,-219],[182,-222],[183,-222],[183,-223],[184,-223],[184,-224],[185,-224],[185,-228],[186,-228],[186,-229],[187,-229],[187,-230],[193,-230],[193,-231],[194,-231],[194,-232],[196,-232],[196,-233],[197,-233],[197,-232],[199,-232],[199,-231],[200,-231],[200,-227],[201,-227],[201,-222],[200,-222],[200,-217],[199,-217],[199,-216],[200,-216],[200,-215]]]]}},{"type":"Feature","id":"75,108,118","properties":{"kind":"area","colour":"75,108,118","biome":"Ashlands","biomeId":"48462-Newwworld.mod","profile":"ashland","iron":1.0,"copper":1.0,"ironMultiplier":3.0,"copperMultiplier":3.0,"stone":0.0,"stoneMultiplier":0.0,"water":0.0,"waterMultiplier":0.0,"waterMin":0.0,"waterAltitudeMin":0.0,"waterAltitudeMax":1200.0,"waterAltitudeFade":500.0,"fertility":0.0,"fertilityMultiplier":0.0,"fertilityMin":0.0,"fertilityAltitudeMin":0.0,"fertilityAltitudeMax":0.0,"fertilityAltitudeFade":0.0,"arid":0.0,"aridValue":0.0,"green":0.0,"greenValue":0.0,"swamp":0.0,"swampValue":0.0,"wind":0.33,"windMin":0.0,"windMax":33.0,"weatherProfileId":"wp-9181102ecd9c","weatherStrengthMin":1.0,"weatherStrengthMax":1.0,"specialWeather":["毒ガス","火山灰"],"acidicGround":0.0,"acidicWater":0.0},"geometry":{"type":"MultiPolygon","coordinates":[[[[202,-249],[209,-249],[209,-250],[218,-250],[218,-249],[227,-249],[227,-250],[231,-250],[231,-247],[232,-247],[232,-246],[233,-246],[233,-245],[234,-245],[234,-244],[233,-244],[233,-243],[232,-243],[232,-241],[233,-241],[233,-237],[234,-237],[234,-234],[233,-234],[233,-231],[234,-231],[234,-220],[233,-220],[233,-218],[234,-218],[234,-214],[233,-214],[233,-213],[234,-213],[234,-210],[232,-210],[232,-209],[231,-209],[231,-203],[229,-203],[229,-202],[228,-202],[228,-201],[227,-201],[227,-202],[226,-202],[226,-201],[225,-201],[225,-200],[224,-200],[224,-199],[220,-199],[220,-198],[219,-198],[219,-199],[216,-199],[216,-200],[214,-200],[214,-201],[210,-201],[210,-202],[205,-202],[205,-203],[201,-203],[201,-207],[200,-207],[200,-208],[201,-208],[201,-209],[202,-209],[202,-214],[201,-214],[201,-215],[200,-215],[200,-216],[199,-216],[199,-217],[200,-217],[200,-222],[201,-222],[201,-227],[200,-227],[200,-231],[199,-231],[199,-232],[197,-232],[197,-235],[196,-235],[196,-236],[195,-236],[195,-237],[194,-237],[194,-240],[195,-240],[195,-241],[196,-241],[196,-244],[198,-244],[198,-245],[199,-245],[199,-246],[200,-246],[200,-247],[202,-247],[202,-249]]]]}},{"type":"Feature","id":"4,156,0","properties":{"kind":"area","colour":"4,156,0","biome":"The Hook","biomeId":"51654-rebirth.mod","profile":"arid- low altitudes","iron":0.333333,"copper":0.266667,"ironMultiplier":1.0,"copperMultiplier":0.800000011920929,"stone":0.5,"stoneMultiplier":1.0,"water":0.3,"waterMultiplier":0.6000000238418579,"waterMin":0.10000000149011612,"waterAltitudeMin":0.0,"waterAltitudeMax":155.0,"waterAltitudeFade":100.0,"fertility":0.833333,"fertilityMultiplier":1.0,"fertilityMin":0.0,"fertilityAltitudeMin":0.0,"fertilityAltitudeMax":200.0,"fertilityAltitudeFade":100.0,"arid":1.0,"aridValue":1.0,"green":0.1,"greenValue":0.10000000149011612,"swamp":0.0,"swampValue":0.0,"wind":0.7,"windMin":0.0,"windMax":70.0,"weatherProfileId":"wp-3f4660523d36","weatherStrengthMin":1.0,"weatherStrengthMax":1.0,"specialWeather":["砂嵐"],"acidicGround":0.0,"acidicWater":0.0},"geometry":{"type":"MultiPolygon","coordinates":[[[[105,-209],[97,-209],[97,-208],[96,-208],[96,-207],[85,-207],[85,-208],[78,-208],[78,-207],[76,-207],[76,-206],[75,-206],[75,-205],[74,-205],[74,-204],[72,-204],[72,-203],[66,-203],[66,-205],[65,-205],[65,-206],[64,-206],[64,-207],[63,-207],[63,-208],[62,-208],[62,-209],[61,-209],[61,-210],[60,-210],[60,-211],[53,-211],[53,-215],[49,-215],[49,-216],[47,-216],[47,-217],[46,-217],[46,-222],[45,-222],[45,-224],[44,-224],[44,-225],[43,-225],[43,-226],[40,-226],[40,-227],[36,-227],[36,-230],[37,-230],[37,-236],[36,-236],[36,-250],[38,-250],[38,-251],[40,-251],[40,-250],[42,-250],[42,-249],[43,-249],[43,-248],[44,-248],[44,-247],[48,-247],[48,-246],[49,-246],[49,-245],[51,-245],[51,-244],[53,-244],[53,-243],[55,-243],[55,-242],[56,-242],[56,-241],[58,-241],[58,-240],[59,-240],[59,-239],[62,-239],[62,-238],[63,-238],[63,-237],[66,-237],[66,-235],[67,-235],[67,-234],[68,-234],[68,-233],[69,-233],[69,-232],[70,-232],[70,-231],[81,-231],[81,-230],[83,-230],[83,-229],[85,-229],[85,-228],[86,-228],[86,-227],[87,-227],[87,-225],[88,-225],[88,-223],[89,-223],[89,-221],[90,-221],[90,-220],[91,-220],[91,-219],[94,-219],[94,-218],[104,-218],[104,-217],[106,-217],[106,-216],[107,-216],[107,-214],[106,-214],[106,-210],[105,-210],[105,-209]]],[[[107,-219],[108,-219],[108,-218],[107,-218],[107,-219]]],[[[53,-244],[53,-245],[54,-245],[54,-244],[53,-244]]]]}},{"type":"Feature","id":"10,160,255","properties":{"kind":"area","colour":"10,160,255","biome":"Cheaters Run","biomeId":"95536-rebirth.mod","profile":"uninhabitable","iron":0.166667,"copper":0.1,"ironMultiplier":0.5,"copperMultiplier":0.30000001192092896,"stone":0.0,"stoneMultiplier":0.0,"water":0.0,"waterMultiplier":0.0,"waterMin":0.0,"waterAltitudeMin":0.0,"waterAltitudeMax":0.0,"waterAltitudeFade":0.0,"fertility":0.0,"fertilityMultiplier":0.0,"fertilityMin":0.0,"fertilityAltitudeMin":0.0,"fertilityAltitudeMax":0.0,"fertilityAltitudeFade":0.0,"arid":0.0,"aridValue":0.0,"green":0.0,"greenValue":0.0,"swamp":0.0,"swampValue":0.0,"wind":0.3,"windMin":0.0,"windMax":30.0,"weatherProfileId":"wp-109bc2159915","weatherStrengthMin":1.0,"weatherStrengthMax":1.0,"specialWeather":["酸性雨"],"acidicGround":0.0,"acidicWater":0.0},"geometry":{"type":"MultiPolygon","coordinates":[[[[147,-227],[142,-227],[142,-228],[141,-228],[141,-229],[142,-229],[142,-234],[144,-234],[144,-235],[145,-235],[145,-236],[147,-236],[147,-238],[149,-238],[149,-239],[150,-239],[150,-240],[151,-240],[151,-241],[156,-241],[156,-249],[163,-249],[163,-247],[164,-247],[164,-246],[165,-246],[165,-245],[167,-245],[167,-244],[168,-244],[168,-243],[169,-243],[169,-242],[170,-242],[170,-241],[171,-241],[171,-240],[172,-240],[172,-239],[173,-239],[173,-238],[174,-238],[174,-237],[175,-237],[175,-236],[176,-236],[176,-235],[177,-235],[177,-234],[178,-234],[178,-233],[179,-233],[179,-231],[181,-231],[181,-230],[182,-230],[182,-223],[183,-223],[183,-222],[179,-222],[179,-223],[178,-223],[178,-224],[177,-224],[177,-225],[175,-225],[175,-226],[173,-226],[173,-227],[172,-227],[172,-228],[170,-228],[170,-229],[168,-229],[168,-230],[167,-230],[167,-232],[164,-232],[164,-233],[162,-233],[162,-234],[156,-234],[156,-233],[154,-233],[154,-232],[153,-232],[153,-231],[151,-231],[151,-230],[150,-230],[150,-228],[147,-228],[147,-227]]]]}},{"type":"Feature","id":"130,94,94","properties":{"kind":"area","colour":"130,94,94","biome":"Fishman Island","biomeId":"96354-rebirth.mod","profile":"coast wealthy","iron":0.333333,"copper":0.333333,"ironMultiplier":1.0,"copperMultiplier":1.0,"stone":0.5,"stoneMultiplier":1.0,"water":0.6,"waterMultiplier":1.2000000476837158,"waterMin":0.30000001192092896,"waterAltitudeMin":0.0,"waterAltitudeMax":700.0,"waterAltitudeFade":700.0,"fertility":1.0,"fertilityMultiplier":1.2000000476837158,"fertilityMin":0.0,"fertilityAltitudeMin":0.0,"fertilityAltitudeMax":800.0,"fertilityAltitudeFade":500.0,"arid":0.0,"aridValue":0.0,"green":1.0,"greenValue":1.0,"swamp":0.5,"swampValue":0.5,"wind":0.7,"windMin":0.0,"windMax":70.0,"weatherProfileId":"wp-3c339d1690ec","weatherStrengthMin":1.0,"weatherStrengthMax":1.0,"specialWeather":["酸性雨"],"acidicGround":0.0,"acidicWater":0.0},"geometry":{"type":"MultiPolygon","coordinates":[[[[127,-224],[124,-224],[124,-225],[119,-225],[119,-226],[118,-226],[118,-227],[113,-227],[113,-228],[112,-228],[112,-229],[111,-229],[111,-231],[112,-231],[112,-235],[111,-235],[111,-242],[112,-242],[112,-243],[113,-243],[113,-244],[122,-244],[122,-243],[123,-243],[123,-241],[124,-241],[124,-240],[125,-240],[125,-239],[126,-239],[126,-238],[127,-238],[127,-236],[128,-236],[128,-235],[129,-235],[129,-234],[131,-234],[131,-233],[132,-233],[132,-232],[134,-232],[134,-231],[135,-231],[135,-229],[138,-229],[138,-228],[139,-228],[139,-227],[138,-227],[138,-226],[134,-226],[134,-225],[133,-225],[133,-224],[130,-224],[130,-223],[127,-223],[127,-224]]]]}},{"type":"Feature","properties":{"kind":"boundary"},"geometry":{"type":"MultiLineString","coordinates":[[[21,-26],[22,-26]],[[48,-26],[49,-26]],[[67,-26],[69,-26]],[[93,-26],[94,-26]],[[134,-26],[135,-26]],[[184,-26],[185,-26]],[[186,-26],[187,-26]],[[191,-26],[194,-26]],[[47,-86],[48,-86]],[[59,-86],[60,-86]],[[70,-86],[71,-86]],[[72,-86],[73,-86]],[[92,-86],[94,-86]],[[102,-86],[103,-86]],[[115,-86],[120,-86]],[[128,-86],[130,-86]],[[146,-86],[147,-86]],[[159,-86],[163,-86]],[[195,-86],[197,-86]],[[212,-86],[214,-86]],[[228,-86],[229,-86]],[[39,-112],[40,-112]],[[69,-112],[70,-112]],[[89,-112],[90,-112]],[[155,-112],[156,-112]],[[193,-112],[198,-112]],[[200,-112],[202,-112]],[[204,-112],[207,-112]],[[209,-112],[215,-112]],[[217,-112],[219,-112]],[[224,-112],[225,-112]],[[227,-112],[228,-112]],[[231,-112],[234,-112]],[[254,-112],[255,-112]],[[21,-72],[22,-72]],[[34,-72],[35,-72]],[[37,-72],[38,-72]],[[52,-72],[53,-72]],[[56,-72],[57,-72]],[[71,-72],[72,-72]],[[83,-72],[84,-72]],[[90,-72],[92,-72]],[[99,-72],[100,-72]],[[137,-72],[138,-72]],[[144,-72],[145,-72]],[[171,-72],[173,-72]],[[188,-72],[192,-72]],[[16,-172],[18,-172]],[[26,-172],[29,-172]],[[36,-172],[37,-172]],[[70,-172],[76,-172]],[[152,-172],[157,-172]],[[160,-172],[162,-172]],[[226,-172],[237,-172]],[[255,-172],[256,-172]],[[6,-198],[7,-198]],[[192,-198],[194,-198]],[[213,-198],[214,-198]],[[219,-198],[220,-198]],[[238,-198],[242,-198]],[[45,-64],[48,-64]],[[115,-64],[116,-64]],[[122,-64],[123,-64]],[[130,-64],[134,-64]],[[204,-64],[207,-64]],[[18,-138],[19,-138]],[[107,-138],[108,-138]],[[117,-138],[125,-138]],[[175,-138],[177,-138]],[[183,-138],[198,-138]],[[235,-138],[238,-138]],[[242,-138],[243,-138]],[[246,-138],[247,-138]],[[32,-225],[34,-225]],[[43,-225],[44,-225]],[[87,-225],[88,-225]],[[119,-225],[124,-225]],[[133,-225],[134,-225]],[[143,-225],[144,-225]],[[175,-225],[177,-225]],[[51,-1],[57,-1]],[[71,-1],[72,-1]],[[112,-1],[119,-1]],[[144,-1],[154,-1]],[[7,-199],[8,-199]],[[143,-199],[144,-199]],[[154,-199],[155,-199]],[[177,-199],[178,-199]],[[191,-199],[192,-199]],[[214,-199],[219,-199]],[[220,-199],[229,-199]],[[230,-199],[232,-199]],[[237,-199],[238,-199]],[[246,-199],[250,-199]],[[44,-65],[45,-65]],[[48,-65],[50,-65]],[[97,-65],[98,-65]],[[103,-65],[104,-65]],[[120,-65],[122,-65]],[[134,-65],[135,-65]],[[203,-65],[204,-65]],[[62,-238],[63,-238]],[[126,-238],[127,-238]],[[147,-238],[149,-238]],[[173,-238],[174,-238]],[[20,-115],[21,-115]],[[24,-115],[25,-115]],[[41,-115],[42,-115]],[[71,-115],[72,-115]],[[93,-115],[94,-115]],[[172,-115],[173,-115]],[[201,-115],[202,-115]],[[204,-115],[207,-115]],[[212,-115],[213,-115]],[[216,-115],[220,-115]],[[72,-120],[74,-120]],[[76,-120],[80,-120]],[[85,-120],[96,-120]],[[168,-120],[170,-120]],[[178,-120],[198,-120]],[[247,-120],[250,-120]],[[16,-126],[17,-126]],[[19,-126],[20,-126]],[[23,-126],[24,-126]],[[52,-126],[54,-126]],[[59,-126],[60,-126]],[[150,-126],[159,-126]],[[187,-126],[189,-126]],[[198,-126],[201,-126]],[[206,-126],[207,-126]],[[222,-126],[224,-126]],[[228,-126],[230,-126]],[[238,-126],[239,-126]],[[253,-126],[255,-126]],[[16,-133],[17,-133]],[[19,-133],[20,-133]],[[39,-133],[41,-133]],[[42,-133],[43,-133]],[[125,-133],[127,-133]],[[129,-133],[139,-133]],[[171,-133],[172,-133]],[[241,-133],[242,-133]],[[244,-133],[246,-133]],[[247,-133],[248,-133]],[[250,-133],[251,-133]],[[31,-159],[32,-159]],[[34,-159],[35,-159]],[[43,-159],[46,-159]],[[66,-159],[68,-159]],[[101,-159],[102,-159]],[[120,-159],[121,-159]],[[131,-159],[132,-159]],[[141,-159],[142,-159]],[[150,-159],[151,-159]],[[249,-159],[250,-159]],[[25,-30],[26,-30]],[[34,-30],[35,-30]],[[63,-30],[66,-30]],[[112,-30],[113,-30]],[[206,-30],[207,-30]],[[32,-104],[34,-104]],[[46,-104],[51,-104]],[[71,-104],[72,-104]],[[83,-104],[84,-104]],[[97,-104],[101,-104]],[[123,-104],[141,-104]],[[155,-104],[156,-104]],[[173,-104],[179,-104]],[[215,-104],[216,-104]],[[229,-104],[230,-104]],[[231,-104],[232,-104]],[[21,-145],[23,-145]],[[37,-145],[38,-145]],[[84,-145],[85,-145]],[[88,-145],[93,-145]],[[98,-145],[100,-145]],[[205,-145],[206,-145]],[[211,-145],[215,-145]],[[48,-2],[51,-2]],[[74,-2],[75,-2]],[[112,-2],[113,-2]],[[119,-2],[121,-2]],[[143,-2],[144,-2]],[[154,-2],[155,-2]],[[42,-116],[44,-116]],[[72,-116],[73,-116]],[[94,-116],[95,-116]],[[207,-116],[212,-116]],[[218,-116],[221,-116]],[[253,-116],[254,-116]],[[24,-154],[25,-154]],[[69,-154],[73,-154]],[[181,-154],[186,-154]],[[192,-154],[198,-154]],[[249,-154],[250,-154]],[[255,-154],[256,-154]],[[19,-74],[20,-74]],[[31,-74],[32,-74]],[[55,-74],[56,-74]],[[61,-74],[62,-74]],[[65,-74],[67,-74]],[[72,-74],[73,-74]],[[75,-74],[77,-74]],[[79,-74],[82,-74]],[[93,-74],[94,-74]],[[119,-74],[120,-74]],[[146,-74],[148,-74]],[[168,-74],[169,-74]],[[206,-74],[207,-74]],[[22,-71],[24,-71]],[[35,-71],[36,-71]],[[38,-71],[42,-71]],[[51,-71],[52,-71]],[[70,-71],[71,-71]],[[84,-71],[87,-71]],[[89,-71],[90,-71]],[[98,-71],[99,-71]],[[136,-71],[137,-71]],[[142,-71],[144,-71]],[[173,-71],[188,-71]],[[192,-71],[199,-71]],[[26,-31],[28,-31]],[[33,-31],[34,-31]],[[35,-31],[37,-31]],[[39,-31],[40,-31]],[[52,-31],[55,-31]],[[62,-31],[63,-31]],[[113,-31],[114,-31]],[[132,-31],[133,-31]],[[204,-31],[206,-31]],[[68,-233],[69,-233]],[[131,-233],[132,-233]],[[154,-233],[156,-233]],[[162,-233],[164,-233]],[[178,-233],[179,-233]],[[196,-233],[197,-233]],[[48,-84],[49,-84]],[[56,-84],[58,-84]],[[85,-84],[89,-84]],[[113,-84],[115,-84]],[[121,-84],[127,-84]],[[145,-84],[146,-84]],[[156,-84],[158,-84]],[[198,-84],[202,-84]],[[214,-84],[215,-84]],[[216,-84],[217,-84]],[[50,-124],[51,-124]],[[61,-124],[63,-124]],[[159,-124],[171,-124]],[[192,-124],[195,-124]],[[202,-124],[204,-124]],[[225,-124],[226,-124]],[[229,-124],[237,-124]],[[53,-243],[55,-243]],[[112,-243],[113,-243]],[[122,-243],[123,-243]],[[168,-243],[169,-243]],[[232,-243],[233,-243]],[[58,-55],[64,-55]],[[100,-55],[101,-55]],[[109,-55],[110,-55]],[[147,-55],[148,-55]],[[15,-215],[16,-215]],[[49,-215],[53,-215]],[[165,-215],[166,-215]],[[200,-215],[201,-215]],[[22,-87],[23,-87]],[[60,-87],[70,-87]],[[73,-87],[74,-87]],[[99,-87],[102,-87]],[[114,-87],[115,-87]],[[117,-87],[118,-87]],[[130,-87],[131,-87]],[[147,-87],[148,-87]],[[194,-87],[195,-87]],[[217,-87],[219,-87]],[[229,-87],[230,-87]],[[15,-216],[16,-216]],[[47,-216],[49,-216]],[[106,-216],[108,-216]],[[166,-216],[168,-216]],[[181,-216],[182,-216]],[[199,-216],[200,-216]],[[8,-34],[9,-34]],[[44,-34],[46,-34]],[[59,-34],[61,-34]],[[94,-34],[95,-34]],[[101,-34],[107,-34]],[[116,-34],[118,-34]],[[121,-34],[126,-34]],[[24,-193],[39,-193]],[[49,-193],[50,-193]],[[102,-193],[106,-193]],[[125,-193],[126,-193]],[[152,-193],[153,-193]],[[188,-193],[189,-193]],[[245,-193],[249,-193]],[[51,-244],[54,-244]],[[113,-244],[122,-244]],[[167,-244],[168,-244]],[[196,-244],[198,-244]],[[233,-244],[234,-244]],[[18,-117],[19,-117]],[[44,-117],[46,-117]],[[95,-117],[96,-117]],[[99,-117],[107,-117]],[[158,-117],[159,-117]],[[216,-117],[218,-117]],[[4,-182],[7,-182]],[[15,-182],[16,-182]],[[37,-182],[38,-182]],[[62,-182],[66,-182]],[[109,-182],[110,-182]],[[138,-182],[145,-182]],[[161,-182],[162,-182]],[[165,-182],[166,-182]],[[196,-182],[197,-182]],[[208,-182],[209,-182]],[[253,-182],[255,-182]],[[22,-94],[23,-94]],[[92,-94],[93,-94]],[[135,-94],[136,-94]],[[222,-94],[224,-94]],[[231,-94],[232,-94]],[[251,-94],[256,-94]],[[19,-176],[20,-176]],[[34,-176],[36,-176]],[[64,-176],[73,-176]],[[133,-176],[134,-176]],[[156,-176],[158,-176]],[[216,-176],[218,-176]],[[18,-141],[20,-141]],[[106,-141],[107,-141]],[[226,-141],[229,-141]],[[245,-141],[246,-141]],[[37,-187],[38,-187]],[[42,-187],[45,-187]],[[56,-187],[57,-187]],[[69,-187],[78,-187]],[[92,-187],[93,-187]],[[166,-187],[168,-187]],[[196,-187],[197,-187]],[[204,-187],[205,-187]],[[250,-187],[251,-187]],[[19,-78],[20,-78]],[[24,-78],[25,-78]],[[32,-78],[33,-78]],[[53,-78],[55,-78]],[[95,-78],[96,-78]],[[97,-78],[98,-78]],[[102,-78],[103,-78]],[[142,-78],[143,-78]],[[166,-78],[167,-78]],[[206,-78],[207,-78]],[[212,-78],[216,-78]],[[219,-78],[223,-78]],[[20,-170],[22,-170]],[[32,-170],[33,-170]],[[120,-170],[121,-170]],[[150,-170],[151,-170]],[[204,-170],[210,-170]],[[230,-170],[231,-170]],[[245,-170],[246,-170]],[[249,-170],[254,-170]],[[36,-101],[39,-101]],[[102,-101],[103,-101]],[[149,-101],[150,-101]],[[157,-101],[158,-101]],[[170,-101],[171,-101]],[[185,-101],[188,-101]],[[191,-101],[192,-101]],[[219,-101],[220,-101]],[[227,-101],[228,-101]],[[231,-101],[232,-101]],[[243,-101],[244,-101]],[[54,-127],[59,-127]],[[75,-127],[76,-127]],[[149,-127],[150,-127]],[[186,-127],[187,-127]],[[207,-127],[209,-127]],[[220,-127],[222,-127]],[[230,-127],[231,-127]],[[236,-127],[237,-127]],[[247,-127],[250,-127]],[[35,-227],[40,-227]],[[86,-227],[87,-227]],[[113,-227],[118,-227]],[[138,-227],[139,-227]],[[142,-227],[147,-227]],[[172,-227],[173,-227]],[[200,-227],[201,-227]],[[38,-99],[39,-99]],[[45,-99],[46,-99]],[[84,-99],[85,-99]],[[118,-99],[119,-99]],[[148,-99],[149,-99]],[[159,-99],[170,-99]],[[189,-99],[190,-99]],[[218,-99],[219,-99]],[[224,-99],[227,-99]],[[244,-99],[245,-99]],[[103,-100],[104,-100]],[[158,-100],[159,-100]],[[188,-100],[189,-100]],[[190,-100],[191,-100]],[[231,-100],[232,-100]],[[13,-25],[15,-25]],[[16,-25],[18,-25]],[[20,-25],[21,-25]],[[47,-25],[48,-25]],[[69,-25],[70,-25]],[[92,-25],[93,-25]],[[160,-25],[161,-25]],[[182,-25],[184,-25]],[[185,-25],[186,-25]],[[187,-25],[191,-25]],[[28,-32],[33,-32]],[[40,-32],[41,-32]],[[55,-32],[57,-32]],[[114,-32],[115,-32]],[[131,-32],[132,-32]],[[12,-211],[13,-211]],[[53,-211],[60,-211]],[[160,-211],[162,-211]],[[22,-28],[25,-28]],[[50,-28],[51,-28]],[[94,-28],[95,-28]],[[98,-28],[99,-28]],[[110,-28],[111,-28]],[[133,-28],[134,-28]],[[199,-28],[203,-28]],[[43,-43],[46,-43]],[[60,-43],[61,-43]],[[64,-43],[65,-43]],[[77,-43],[85,-43]],[[93,-43],[94,-43]],[[102,-43],[103,-43]],[[125,-43],[126,-43]],[[35,-102],[36,-102]],[[150,-102],[151,-102]],[[171,-102],[172,-102]],[[183,-102],[185,-102]],[[192,-102],[194,-102]],[[216,-102],[219,-102]],[[228,-102],[229,-102]],[[1,-195],[2,-195]],[[63,-195],[65,-195]],[[93,-195],[94,-195]],[[101,-195],[102,-195]],[[117,-195],[124,-195]],[[144,-195],[146,-195]],[[150,-195],[151,-195]],[[174,-195],[175,-195]],[[185,-195],[186,-195]],[[197,-195],[201,-195]],[[204,-195],[211,-195]],[[11,-173],[12,-173]],[[23,-173],[26,-173]],[[29,-173],[32,-173]],[[157,-173],[160,-173]],[[162,-173],[163,-173]],[[221,-173],[226,-173]],[[20,-79],[24,-79]],[[26,-79],[29,-79]],[[32,-79],[33,-79]],[[52,-79],[53,-79]],[[94,-79],[95,-79]],[[103,-79],[104,-79]],[[112,-79],[113,-79]],[[215,-79],[216,-79]],[[223,-79],[226,-79]],[[80,-16],[87,-16]],[[160,-16],[161,-16]],[[34,-226],[35,-226]],[[40,-226],[43,-226]],[[118,-226],[119,-226]],[[134,-226],[138,-226]],[[142,-226],[143,-226]],[[173,-226],[175,-226]],[[36,-230],[37,-230]],[[81,-230],[83,-230]],[[150,-230],[151,-230]],[[167,-230],[168,-230]],[[181,-230],[182,-230]],[[187,-230],[193,-230]],[[28,-68],[32,-68]],[[46,-68],[48,-68]],[[89,-68],[94,-68]],[[118,-68],[119,-68]],[[132,-68],[133,-68]],[[138,-68],[139,-68]],[[200,-68],[201,-68]],[[16,-128],[17,-128]],[[22,-128],[23,-128]],[[109,-128],[110,-128]],[[125,-128],[126,-128]],[[144,-128],[149,-128]],[[169,-128],[170,-128]],[[184,-128],[186,-128]],[[209,-128],[210,-128]],[[215,-128],[220,-128]],[[231,-128],[232,-128]],[[237,-128],[239,-128]],[[250,-128],[251,-128]],[[253,-128],[255,-128]],[[30,-162],[32,-162]],[[49,-162],[51,-162]],[[57,-162],[59,-162]],[[138,-162],[139,-162]],[[196,-162],[197,-162]],[[249,-162],[250,-162]],[[0,-185],[1,-185]],[[38,-185],[42,-185]],[[58,-185],[60,-185]],[[67,-185],[68,-185]],[[79,-185],[81,-185]],[[89,-185],[90,-185]],[[111,-185],[127,-185]],[[206,-185],[207,-185]],[[251,-185],[252,-185]],[[51,-57],[57,-57]],[[120,-57],[122,-57]],[[127,-57],[128,-57]],[[145,-57],[146,-57]],[[10,-177],[11,-177]],[[36,-177],[37,-177]],[[134,-177],[135,-177]],[[155,-177],[156,-177]],[[213,-177],[216,-177]],[[40,-9],[41,-9]],[[79,-9],[82,-9]],[[127,-9],[128,-9]],[[159,-9],[160,-9]],[[25,-69],[28,-69]],[[43,-69],[46,-69]],[[50,-69],[51,-69]],[[58,-69],[69,-69]],[[94,-69],[97,-69]],[[133,-69],[135,-69]],[[139,-69],[140,-69]],[[83,-229],[85,-229]],[[111,-229],[112,-229]],[[135,-229],[138,-229]],[[141,-229],[142,-229]],[[168,-229],[170,-229]],[[186,-229],[187,-229]],[[56,-241],[58,-241]],[[123,-241],[124,-241]],[[151,-241],[156,-241]],[[170,-241],[171,-241]],[[195,-241],[196,-241]],[[232,-241],[233,-241]],[[49,-27],[50,-27]],[[66,-27],[67,-27]],[[94,-27],[98,-27]],[[194,-27],[199,-27]],[[20,-73],[21,-73]],[[32,-73],[37,-73]],[[53,-73],[55,-73]],[[62,-73],[65,-73]],[[82,-73],[83,-73]],[[92,-73],[93,-73]],[[100,-73],[101,-73]],[[113,-73],[114,-73]],[[118,-73],[119,-73]],[[138,-73],[139,-73]],[[145,-73],[146,-73]],[[169,-73],[171,-73]],[[20,-191],[22,-191]],[[39,-191],[40,-191]],[[51,-191],[53,-191]],[[55,-191],[57,-191]],[[93,-191],[94,-191]],[[152,-191],[153,-191]],[[171,-191],[172,-191]],[[191,-191],[192,-191]],[[248,-191],[249,-191]],[[184,-148],[185,-148]],[[203,-148],[204,-148]],[[208,-148],[209,-148]],[[243,-148],[244,-148]],[[245,-148],[246,-148]],[[248,-148],[249,-148]],[[9,-209],[10,-209]],[[52,-209],[53,-209]],[[61,-209],[62,-209]],[[97,-209],[105,-209]],[[108,-209],[112,-209]],[[157,-209],[159,-209]],[[184,-209],[185,-209]],[[201,-209],[202,-209]],[[231,-209],[232,-209]],[[33,-160],[34,-160]],[[46,-160],[48,-160]],[[63,-160],[66,-160]],[[68,-160],[70,-160]],[[121,-160],[122,-160]],[[132,-160],[138,-160]],[[140,-160],[141,-160]],[[248,-160],[249,-160]],[[16,-220],[17,-220]],[[90,-220],[91,-220]],[[114,-220],[125,-220]],[[233,-220],[234,-220]],[[22,-192],[24,-192]],[[50,-192],[51,-192]],[[57,-192],[61,-192]],[[106,-192],[108,-192]],[[126,-192],[127,-192]],[[153,-192],[154,-192]],[[172,-192],[173,-192]],[[189,-192],[191,-192]],[[36,-250],[38,-250]],[[40,-250],[42,-250]],[[209,-250],[218,-250]],[[227,-250],[231,-250]],[[57,-41],[58,-41]],[[94,-41],[95,-41]],[[127,-41],[130,-41]],[[151,-41],[154,-41]],[[12,-48],[13,-48]],[[64,-48],[65,-48]],[[101,-48],[102,-48]],[[113,-48],[121,-48]],[[206,-48],[207,-48]],[[8,-40],[9,-40]],[[10,-40],[11,-40]],[[46,-40],[47,-40]],[[56,-40],[57,-40]],[[99,-40],[102,-40]],[[127,-40],[128,-40]],[[130,-40],[132,-40]],[[149,-40],[151,-40]],[[154,-40],[155,-40]],[[19,-118],[21,-118]],[[24,-118],[25,-118]],[[46,-118],[47,-118]],[[97,-118],[99,-118]],[[107,-118],[109,-118]],[[144,-118],[145,-118]],[[171,-118],[177,-118]],[[252,-118],[253,-118]],[[12,-111],[16,-111]],[[65,-111],[69,-111]],[[87,-111],[89,-111]],[[104,-111],[105,-111]],[[124,-111],[126,-111]],[[144,-111],[148,-111]],[[152,-111],[155,-111]],[[193,-111],[194,-111]],[[202,-111],[204,-111]],[[227,-111],[228,-111]],[[234,-111],[236,-111]],[[253,-111],[254,-111]],[[63,-110],[65,-110]],[[84,-110],[87,-110]],[[102,-110],[104,-110]],[[123,-110],[124,-110]],[[143,-110],[144,-110]],[[148,-110],[152,-110]],[[193,-110],[194,-110]],[[199,-110],[200,-110]],[[226,-110],[227,-110]],[[236,-110],[238,-110]],[[252,-110],[253,-110]],[[63,-237],[66,-237]],[[174,-237],[175,-237]],[[194,-237],[195,-237]],[[233,-237],[234,-237]],[[20,-223],[23,-223]],[[29,-223],[30,-223]],[[88,-223],[89,-223]],[[125,-223],[126,-223]],[[127,-223],[130,-223]],[[145,-223],[146,-223]],[[178,-223],[179,-223]],[[182,-223],[184,-223]],[[32,-14],[34,-14]],[[84,-14],[85,-14]],[[105,-14],[106,-14]],[[133,-14],[137,-14]],[[157,-14],[158,-14]],[[13,-135],[17,-135]],[[46,-135],[48,-135]],[[67,-135],[68,-135]],[[107,-135],[108,-135]],[[179,-135],[180,-135]],[[231,-135],[232,-135]],[[244,-135],[247,-135]],[[46,-201],[47,-201]],[[144,-201],[145,-201]],[[189,-201],[190,-201]],[[210,-201],[214,-201]],[[225,-201],[226,-201]],[[227,-201],[228,-201]],[[20,-106],[21,-106]],[[27,-106],[29,-106]],[[32,-106],[34,-106]],[[52,-106],[54,-106]],[[69,-106],[71,-106]],[[118,-106],[119,-106]],[[196,-106],[197,-106]],[[218,-106],[220,-106]],[[228,-106],[232,-106]],[[254,-106],[255,-106]],[[12,-18],[14,-18]],[[36,-18],[38,-18]],[[78,-18],[79,-18]],[[105,-18],[106,-18]],[[157,-18],[158,-18]],[[161,-18],[163,-18]],[[18,-144],[19,-144]],[[20,-144],[21,-144]],[[82,-144],[83,-144]],[[93,-144],[98,-144]],[[100,-144],[104,-144]],[[138,-144],[139,-144]],[[183,-144],[184,-144]],[[215,-144],[216,-144]],[[227,-144],[228,-144]],[[29,-105],[32,-105]],[[51,-105],[52,-105]],[[96,-105],[97,-105]],[[122,-105],[123,-105]],[[141,-105],[142,-105]],[[151,-105],[155,-105]],[[195,-105],[196,-105]],[[230,-105],[231,-105]],[[241,-105],[242,-105]],[[255,-105],[256,-105]],[[15,-219],[16,-219]],[[91,-219],[94,-219]],[[107,-219],[108,-219]],[[112,-219],[114,-219]],[[148,-219],[149,-219]],[[181,-219],[182,-219]],[[9,-36],[10,-36]],[[63,-36],[64,-36]],[[109,-36],[112,-36]],[[115,-36],[120,-36]],[[155,-36],[160,-36]],[[50,-137],[66,-137]],[[125,-137],[127,-137]],[[172,-137],[173,-137]],[[174,-137],[175,-137]],[[177,-137],[178,-137]],[[182,-137],[184,-137]],[[186,-137],[187,-137]],[[240,-137],[242,-137]],[[243,-137],[244,-137]],[[2,-196],[4,-196]],[[46,-196],[47,-196]],[[94,-196],[95,-196]],[[100,-196],[101,-196]],[[116,-196],[117,-196]],[[146,-196],[150,-196]],[[175,-196],[176,-196]],[[195,-196],[197,-196]],[[203,-196],[204,-196]],[[211,-196],[212,-196]],[[243,-196],[244,-196]],[[63,-122],[64,-122]],[[74,-122],[75,-122]],[[80,-122],[83,-122]],[[195,-122],[198,-122]],[[240,-122],[243,-122]],[[68,-153],[69,-153]],[[73,-153],[74,-153]],[[186,-153],[192,-153]],[[198,-153],[199,-153]],[[204,-153],[205,-153]],[[254,-153],[255,-153]],[[18,-171],[20,-171]],[[33,-171],[36,-171]],[[69,-171],[70,-171]],[[121,-171],[125,-171]],[[132,-171],[133,-171]],[[151,-171],[152,-171]],[[210,-171],[217,-171]],[[228,-171],[230,-171]],[[237,-171],[245,-171]],[[254,-171],[255,-171]],[[42,-249],[43,-249]],[[156,-249],[163,-249]],[[202,-249],[209,-249]],[[218,-249],[227,-249]],[[8,-33],[9,-33]],[[41,-33],[44,-33]],[[57,-33],[59,-33]],[[61,-33],[62,-33]],[[100,-33],[101,-33]],[[115,-33],[116,-33]],[[126,-33],[131,-33]],[[206,-33],[207,-33]],[[36,-60],[37,-60]],[[118,-60],[119,-60]],[[142,-60],[144,-60]],[[15,-214],[16,-214]],[[106,-214],[107,-214]],[[148,-214],[149,-214]],[[164,-214],[165,-214]],[[182,-214],[183,-214]],[[201,-214],[202,-214]],[[233,-214],[234,-214]],[[37,-178],[39,-178]],[[64,-178],[66,-178]],[[135,-178],[136,-178]],[[152,-178],[155,-178]],[[158,-178],[159,-178]],[[163,-178],[164,-178]],[[195,-178],[196,-178]],[[212,-178],[213,-178]],[[19,-190],[20,-190]],[[31,-190],[36,-190]],[[40,-190],[41,-190]],[[53,-190],[54,-190]],[[108,-190],[110,-190]],[[151,-190],[152,-190]],[[170,-190],[171,-190]],[[192,-190],[195,-190]],[[197,-190],[201,-190]],[[18,-114],[20,-114]],[[40,-114],[41,-114]],[[70,-114],[71,-114]],[[92,-114],[93,-114]],[[125,-114],[126,-114]],[[157,-114],[158,-114]],[[199,-114],[201,-114]],[[202,-114],[204,-114]],[[213,-114],[214,-114]],[[221,-114],[222,-114]],[[227,-114],[231,-114]],[[17,-166],[19,-166]],[[102,-166],[103,-166]],[[134,-166],[135,-166]],[[7,-38],[8,-38]],[[52,-38],[54,-38]],[[95,-38],[99,-38]],[[134,-38],[146,-38]],[[30,-97],[33,-97]],[[36,-97],[37,-97]],[[46,-97],[47,-97]],[[90,-97],[92,-97]],[[105,-97],[106,-97]],[[118,-97],[119,-97]],[[140,-97],[141,-97]],[[146,-97],[147,-97]],[[160,-97],[161,-97]],[[246,-97],[248,-97]],[[24,-80],[26,-80]],[[29,-80],[32,-80]],[[51,-80],[52,-80]],[[93,-80],[94,-80]],[[143,-80],[144,-80]],[[226,-80],[227,-80]],[[12,-108],[14,-108]],[[36,-108],[39,-108]],[[59,-108],[60,-108]],[[96,-108],[100,-108]],[[120,-108],[122,-108]],[[218,-108],[221,-108]],[[226,-108],[228,-108]],[[239,-108],[240,-108]],[[253,-108],[254,-108]],[[7,-181],[8,-181]],[[37,-181],[38,-181]],[[107,-181],[109,-181]],[[122,-181],[123,-181]],[[137,-181],[138,-181]],[[145,-181],[146,-181]],[[148,-181],[150,-181]],[[160,-181],[161,-181]],[[209,-181],[210,-181]],[[255,-181],[256,-181]],[[47,-119],[48,-119]],[[65,-119],[72,-119]],[[96,-119],[97,-119]],[[109,-119],[110,-119]],[[170,-119],[171,-119]],[[177,-119],[178,-119]],[[198,-119],[199,-119]],[[250,-119],[252,-119]],[[49,-245],[51,-245]],[[53,-245],[54,-245]],[[165,-245],[167,-245]],[[198,-245],[199,-245]],[[233,-245],[234,-245]],[[49,-83],[50,-83]],[[55,-83],[56,-83]],[[62,-83],[68,-83]],[[83,-83],[85,-83]],[[91,-83],[92,-83]],[[98,-83],[99,-83]],[[104,-83],[113,-83]],[[151,-83],[152,-83]],[[155,-83],[156,-83]],[[202,-83],[206,-83]],[[215,-83],[216,-83]],[[21,-88],[22,-88]],[[73,-88],[74,-88]],[[116,-88],[117,-88]],[[122,-88],[128,-88]],[[131,-88],[132,-88]],[[148,-88],[151,-88]],[[193,-88],[194,-88]],[[212,-88],[213,-88]],[[219,-88],[220,-88]],[[22,-169],[32,-169]],[[68,-169],[69,-169]],[[132,-169],[133,-169]],[[196,-169],[204,-169]],[[231,-169],[232,-169]],[[246,-169],[249,-169]],[[205,-140],[206,-140]],[[229,-140],[230,-140]],[[24,-152],[26,-152]],[[74,-152],[75,-152]],[[132,-152],[133,-152]],[[199,-152],[204,-152]],[[230,-152],[231,-152]],[[248,-152],[249,-152]],[[253,-152],[254,-152]],[[25,-77],[28,-77]],[[32,-77],[33,-77]],[[95,-77],[97,-77]],[[120,-77],[121,-77]],[[141,-77],[142,-77]],[[207,-77],[212,-77]],[[216,-77],[219,-77]],[[27,-163],[30,-163]],[[51,-163],[53,-163]],[[55,-163],[57,-163]],[[69,-163],[70,-163]],[[137,-163],[138,-163]],[[67,-234],[68,-234]],[[129,-234],[131,-234]],[[142,-234],[144,-234]],[[156,-234],[162,-234]],[[177,-234],[178,-234]],[[233,-234],[234,-234]],[[44,-66],[45,-66]],[[114,-66],[115,-66]],[[119,-66],[120,-66]],[[135,-66],[137,-66]],[[201,-66],[203,-66]],[[93,-89],[94,-89]],[[113,-89],[114,-89]],[[119,-89],[122,-89]],[[128,-89],[129,-89]],[[132,-89],[133,-89]],[[192,-89],[193,-89]],[[7,-204],[8,-204]],[[72,-204],[74,-204]],[[106,-204],[107,-204]],[[181,-204],[182,-204]],[[186,-204],[188,-204]],[[38,-150],[39,-150]],[[80,-150],[81,-150]],[[135,-150],[136,-150]],[[185,-150],[186,-150]],[[201,-150],[202,-150]],[[205,-150],[206,-150]],[[243,-150],[244,-150]],[[248,-150],[249,-150]],[[251,-150],[252,-150]],[[32,-67],[36,-67]],[[45,-67],[48,-67]],[[113,-67],[114,-67]],[[137,-67],[138,-67]],[[4,-197],[6,-197]],[[65,-197],[68,-197]],[[95,-197],[100,-197]],[[143,-197],[144,-197]],[[176,-197],[177,-197]],[[184,-197],[185,-197]],[[194,-197],[195,-197]],[[201,-197],[203,-197]],[[212,-197],[213,-197]],[[242,-197],[243,-197]],[[246,-197],[250,-197]],[[12,-51],[13,-51]],[[65,-51],[67,-51]],[[88,-51],[89,-51]],[[114,-51],[115,-51]],[[123,-51],[124,-51]],[[205,-51],[206,-51]],[[26,-149],[27,-149]],[[37,-149],[38,-149]],[[202,-149],[203,-149]],[[206,-149],[208,-149]],[[229,-149],[230,-149]],[[244,-149],[245,-149]],[[8,-208],[9,-208]],[[50,-208],[52,-208]],[[62,-208],[63,-208]],[[78,-208],[85,-208]],[[96,-208],[97,-208]],[[107,-208],[108,-208]],[[112,-208],[114,-208]],[[156,-208],[157,-208]],[[200,-208],[201,-208]],[[17,-146],[19,-146]],[[23,-146],[25,-146]],[[81,-146],[82,-146]],[[85,-146],[88,-146]],[[137,-146],[138,-146]],[[210,-146],[211,-146]],[[228,-146],[229,-146]],[[245,-146],[246,-146]],[[25,-113],[26,-113]],[[90,-113],[92,-113]],[[156,-113],[157,-113]],[[198,-113],[199,-113]],[[207,-113],[209,-113]],[[214,-113],[217,-113]],[[219,-113],[220,-113]],[[222,-113],[224,-113]],[[225,-113],[227,-113]],[[231,-113],[232,-113]],[[254,-113],[255,-113]],[[33,-98],[36,-98]],[[37,-98],[38,-98]],[[85,-98],[90,-98]],[[104,-98],[105,-98]],[[147,-98],[148,-98]],[[159,-98],[160,-98]],[[217,-98],[218,-98]],[[223,-98],[224,-98]],[[245,-98],[246,-98]],[[12,-131],[15,-131]],[[20,-131],[21,-131]],[[108,-131],[109,-131]],[[140,-131],[143,-131]],[[170,-131],[171,-131]],[[183,-131],[184,-131]],[[241,-131],[242,-131]],[[246,-131],[247,-131]],[[34,-103],[35,-103]],[[45,-103],[46,-103]],[[101,-103],[102,-103]],[[156,-103],[157,-103]],[[172,-103],[173,-103]],[[179,-103],[183,-103]],[[194,-103],[195,-103]],[[219,-103],[220,-103]],[[242,-103],[243,-103]],[[23,-224],[29,-224]],[[30,-224],[32,-224]],[[44,-224],[45,-224]],[[124,-224],[127,-224]],[[130,-224],[133,-224]],[[144,-224],[145,-224]],[[177,-224],[178,-224]],[[184,-224],[185,-224]],[[178,-200],[179,-200]],[[190,-200],[191,-200]],[[203,-200],[204,-200]],[[214,-200],[216,-200]],[[224,-200],[225,-200]],[[229,-200],[230,-200]],[[232,-200],[237,-200]],[[31,-12],[32,-12]],[[34,-12],[35,-12]],[[83,-12],[84,-12]],[[129,-12],[130,-12]],[[138,-12],[139,-12]],[[159,-12],[161,-12]],[[44,-63],[47,-63]],[[89,-63],[90,-63]],[[116,-63],[117,-63]],[[129,-63],[130,-63]],[[132,-63],[133,-63]],[[206,-63],[207,-63]],[[15,-217],[16,-217]],[[46,-217],[47,-217]],[[104,-217],[106,-217]],[[108,-217],[109,-217]],[[168,-217],[181,-217]],[[199,-217],[200,-217]],[[17,-129],[20,-129]],[[21,-129],[22,-129]],[[74,-129],[75,-129]],[[169,-129],[170,-129]],[[183,-129],[184,-129]],[[210,-129],[215,-129]],[[241,-129],[242,-129]],[[244,-129],[245,-129]],[[26,-156],[28,-156]],[[38,-156],[40,-156]],[[109,-156],[120,-156]],[[144,-156],[149,-156]],[[160,-156],[172,-156]],[[254,-156],[255,-156]],[[70,-231],[81,-231]],[[111,-231],[112,-231]],[[134,-231],[135,-231]],[[151,-231],[153,-231]],[[179,-231],[181,-231]],[[193,-231],[194,-231]],[[199,-231],[200,-231]],[[233,-231],[234,-231]],[[66,-139],[68,-139]],[[108,-139],[117,-139]],[[198,-139],[205,-139]],[[230,-139],[235,-139]],[[238,-139],[239,-139]],[[245,-139],[246,-139]],[[21,-174],[23,-174]],[[32,-174],[34,-174]],[[37,-174],[38,-174]],[[75,-174],[76,-174]],[[195,-174],[196,-174]],[[217,-174],[218,-174]],[[219,-174],[221,-174]],[[15,-132],[16,-132]],[[41,-132],[42,-132]],[[69,-132],[73,-132]],[[108,-132],[109,-132]],[[125,-132],[126,-132]],[[139,-132],[140,-132]],[[184,-132],[185,-132]],[[246,-132],[247,-132]],[[11,-49],[12,-49]],[[70,-49],[76,-49]],[[86,-49],[89,-49]],[[100,-49],[101,-49]],[[114,-49],[115,-49]],[[21,-164],[27,-164]],[[53,-164],[55,-164]],[[101,-164],[102,-164]],[[120,-164],[121,-164]],[[136,-164],[137,-164]],[[196,-164],[197,-164]],[[17,-189],[19,-189]],[[41,-189],[42,-189]],[[50,-189],[55,-189]],[[110,-189],[111,-189]],[[169,-189],[170,-189]],[[195,-189],[197,-189]],[[201,-189],[204,-189]],[[10,-47],[11,-47]],[[36,-47],[37,-47]],[[85,-47],[86,-47]],[[89,-47],[90,-47]],[[102,-47],[113,-47]],[[121,-47],[122,-47]],[[152,-47],[153,-47]],[[41,-8],[42,-8]],[[125,-8],[127,-8]],[[140,-8],[141,-8]],[[158,-8],[159,-8]],[[69,-232],[70,-232]],[[132,-232],[134,-232]],[[153,-232],[154,-232]],[[164,-232],[167,-232]],[[194,-232],[196,-232]],[[197,-232],[199,-232]],[[30,-75],[31,-75]],[[55,-75],[56,-75]],[[60,-75],[61,-75]],[[67,-75],[69,-75]],[[73,-75],[75,-75]],[[77,-75],[79,-75]],[[139,-75],[140,-75]],[[148,-75],[149,-75]],[[207,-75],[211,-75]],[[39,-62],[44,-62]],[[47,-62],[48,-62]],[[98,-62],[99,-62]],[[104,-62],[105,-62]],[[117,-62],[118,-62]],[[123,-62],[128,-62]],[[132,-62],[135,-62]],[[14,-107],[17,-107]],[[21,-107],[22,-107]],[[34,-107],[36,-107]],[[54,-107],[59,-107]],[[83,-107],[84,-107]],[[119,-107],[120,-107]],[[193,-107],[195,-107]],[[197,-107],[198,-107]],[[220,-107],[221,-107]],[[240,-107],[241,-107]],[[11,-19],[12,-19]],[[14,-19],[16,-19]],[[38,-19],[40,-19]],[[77,-19],[78,-19]],[[163,-19],[164,-19]],[[168,-19],[175,-19]],[[17,-125],[19,-125]],[[51,-125],[52,-125]],[[60,-125],[61,-125]],[[75,-125],[76,-125]],[[170,-125],[171,-125]],[[189,-125],[192,-125]],[[201,-125],[202,-125]],[[204,-125],[206,-125]],[[224,-125],[225,-125]],[[236,-125],[238,-125]],[[16,-109],[17,-109]],[[20,-109],[22,-109]],[[26,-109],[27,-109]],[[60,-109],[63,-109]],[[100,-109],[102,-109]],[[122,-109],[123,-109]],[[142,-109],[143,-109]],[[198,-109],[199,-109]],[[231,-109],[232,-109]],[[238,-109],[239,-109]],[[252,-109],[253,-109]],[[24,-121],[25,-121]],[[48,-121],[49,-121]],[[64,-121],[65,-121]],[[75,-121],[76,-121]],[[83,-121],[85,-121]],[[159,-121],[160,-121]],[[228,-121],[229,-121]],[[243,-121],[247,-121]],[[100,-59],[101,-59]],[[106,-59],[107,-59]],[[119,-59],[120,-59]],[[124,-59],[128,-59]],[[144,-59],[145,-59]],[[204,-59],[205,-59]],[[8,-179],[10,-179]],[[16,-179],[19,-179]],[[103,-179],[104,-179]],[[151,-179],[152,-179]],[[164,-179],[165,-179]],[[211,-179],[212,-179]],[[35,-23],[40,-23]],[[44,-23],[45,-23]],[[70,-23],[71,-23]],[[90,-23],[91,-23]],[[177,-23],[179,-23]],[[10,-20],[11,-20]],[[21,-20],[32,-20]],[[76,-20],[77,-20]],[[87,-20],[88,-20]],[[106,-20],[108,-20]],[[164,-20],[168,-20]],[[175,-20],[176,-20]],[[73,-92],[74,-92]],[[109,-92],[110,-92]],[[116,-92],[117,-92]],[[131,-92],[134,-92]],[[190,-92],[191,-92]],[[215,-92],[216,-92]],[[230,-92],[231,-92]],[[47,-203],[48,-203]],[[66,-203],[72,-203]],[[180,-203],[181,-203]],[[185,-203],[186,-203]],[[201,-203],[205,-203]],[[229,-203],[231,-203]],[[11,-44],[12,-44]],[[39,-44],[43,-44]],[[61,-44],[62,-44]],[[76,-44],[77,-44]],[[92,-44],[93,-44]],[[103,-44],[104,-44]],[[123,-44],[125,-44]],[[28,-157],[30,-157]],[[35,-157],[38,-157]],[[131,-157],[132,-157]],[[143,-157],[144,-157]],[[149,-157],[150,-157]],[[152,-157],[160,-157]],[[232,-157],[233,-157]],[[253,-157],[254,-157]],[[23,-82],[24,-82]],[[50,-82],[51,-82]],[[60,-82],[62,-82]],[[68,-82],[69,-82]],[[72,-82],[73,-82]],[[82,-82],[83,-82]],[[144,-82],[145,-82]],[[150,-82],[155,-82]],[[164,-82],[165,-82]],[[25,-96],[30,-96]],[[106,-96],[107,-96]],[[138,-96],[146,-96]],[[223,-96],[224,-96]],[[37,-61],[39,-61]],[[99,-61],[100,-61]],[[105,-61],[106,-61]],[[128,-61],[129,-61]],[[135,-61],[142,-61]],[[205,-61],[206,-61]],[[38,-136],[39,-136]],[[48,-136],[50,-136]],[[66,-136],[67,-136]],[[127,-136],[128,-136]],[[173,-136],[174,-136]],[[178,-136],[179,-136]],[[180,-136],[182,-136]],[[185,-136],[186,-136]],[[239,-136],[240,-136]],[[32,-161],[33,-161]],[[48,-161],[49,-161]],[[59,-161],[63,-161]],[[121,-161],[132,-161]],[[138,-161],[140,-161]],[[248,-161],[249,-161]],[[32,-11],[34,-11]],[[35,-11],[40,-11]],[[82,-11],[83,-11]],[[128,-11],[129,-11]],[[14,-168],[16,-168]],[[248,-168],[249,-168]],[[45,-3],[48,-3]],[[72,-3],[74,-3]],[[75,-3],[76,-3]],[[112,-3],[113,-3]],[[121,-3],[123,-3]],[[142,-3],[143,-3]],[[23,-85],[24,-85]],[[58,-85],[59,-85]],[[71,-85],[72,-85]],[[89,-85],[92,-85]],[[120,-85],[121,-85]],[[127,-85],[128,-85]],[[151,-85],[152,-85]],[[158,-85],[159,-85]],[[163,-85],[164,-85]],[[197,-85],[198,-85]],[[227,-85],[228,-85]],[[8,-35],[9,-35]],[[61,-35],[63,-35]],[[95,-35],[96,-35]],[[107,-35],[109,-35]],[[118,-35],[119,-35]],[[120,-35],[121,-35]],[[160,-35],[161,-35]],[[35,-58],[36,-58]],[[46,-58],[51,-58]],[[88,-58],[89,-58]],[[107,-58],[108,-58]],[[122,-58],[124,-58]],[[49,-207],[50,-207]],[[63,-207],[64,-207]],[[76,-207],[78,-207]],[[85,-207],[96,-207]],[[114,-207],[115,-207]],[[200,-207],[201,-207]],[[94,-218],[104,-218]],[[107,-218],[108,-218]],[[109,-218],[112,-218]],[[180,-218],[181,-218]],[[233,-218],[234,-218]],[[218,-142],[226,-142]],[[246,-142],[247,-142]],[[11,-22],[13,-22]],[[16,-22],[17,-22]],[[20,-22],[21,-22]],[[33,-22],[35,-22]],[[40,-22],[44,-22]],[[71,-22],[73,-22]],[[89,-22],[90,-22]],[[109,-22],[110,-22]],[[176,-22],[177,-22]],[[104,-180],[107,-180]],[[123,-180],[125,-180]],[[136,-180],[137,-180]],[[146,-180],[148,-180]],[[150,-180],[151,-180]],[[159,-180],[160,-180]],[[165,-180],[166,-180]],[[210,-180],[211,-180]],[[21,-93],[22,-93]],[[107,-93],[109,-93]],[[134,-93],[135,-93]],[[161,-93],[162,-93]],[[216,-93],[217,-93]],[[221,-93],[222,-93]],[[0,-194],[1,-194]],[[47,-194],[49,-194]],[[61,-194],[63,-194]],[[124,-194],[125,-194]],[[151,-194],[152,-194]],[[173,-194],[174,-194]],[[186,-194],[188,-194]],[[244,-194],[245,-194]],[[43,-5],[44,-5]],[[76,-5],[77,-5]],[[108,-5],[111,-5]],[[123,-5],[124,-5]],[[156,-5],[157,-5]],[[25,-155],[26,-155]],[[107,-155],[109,-155]],[[172,-155],[181,-155]],[[196,-155],[197,-155]],[[231,-155],[232,-155]],[[255,-155],[256,-155]],[[1,-184],[2,-184]],[[60,-184],[61,-184]],[[66,-184],[67,-184]],[[81,-184],[84,-184]],[[88,-184],[89,-184]],[[110,-184],[111,-184]],[[165,-184],[166,-184]],[[105,-202],[106,-202]],[[145,-202],[146,-202]],[[179,-202],[180,-202]],[[184,-202],[185,-202]],[[188,-202],[189,-202]],[[202,-202],[203,-202]],[[205,-202],[210,-202]],[[226,-202],[227,-202]],[[228,-202],[229,-202]],[[64,-206],[65,-206]],[[75,-206],[76,-206]],[[115,-206],[116,-206]],[[146,-206],[147,-206]],[[25,-147],[26,-147]],[[136,-147],[137,-147]],[[183,-147],[184,-147]],[[204,-147],[205,-147]],[[209,-147],[210,-147]],[[244,-147],[245,-147]],[[246,-147],[248,-147]],[[110,-91],[112,-91]],[[130,-91],[131,-91]],[[161,-91],[162,-91]],[[191,-91],[192,-91]],[[214,-91],[215,-91]],[[23,-95],[25,-95]],[[72,-95],[74,-95]],[[117,-95],[118,-95]],[[136,-95],[138,-95]],[[248,-95],[251,-95]],[[85,-228],[86,-228]],[[112,-228],[113,-228]],[[138,-228],[142,-228]],[[147,-228],[150,-228]],[[170,-228],[172,-228]],[[185,-228],[186,-228]],[[35,-52],[36,-52]],[[112,-52],[114,-52]],[[124,-52],[125,-52]],[[151,-52],[152,-52]],[[44,-4],[45,-4]],[[111,-4],[112,-4]],[[155,-4],[156,-4]],[[66,-235],[67,-235]],[[111,-235],[112,-235]],[[128,-235],[129,-235]],[[144,-235],[145,-235]],[[176,-235],[177,-235]],[[196,-235],[197,-235]],[[16,-222],[20,-222]],[[45,-222],[46,-222]],[[146,-222],[147,-222]],[[179,-222],[183,-222]],[[200,-222],[201,-222]],[[26,-151],[27,-151]],[[39,-151],[40,-151]],[[75,-151],[80,-151]],[[133,-151],[135,-151]],[[250,-151],[251,-151]],[[252,-151],[253,-151]],[[10,-46],[11,-46]],[[37,-46],[38,-46]],[[90,-46],[91,-46]],[[153,-46],[154,-46]],[[37,-29],[39,-29]],[[51,-29],[52,-29]],[[99,-29],[100,-29]],[[111,-29],[112,-29]],[[203,-29],[204,-29]],[[206,-29],[207,-29]],[[13,-212],[15,-212]],[[162,-212],[163,-212]],[[10,-21],[11,-21]],[[32,-21],[33,-21]],[[73,-21],[76,-21]],[[88,-21],[89,-21]],[[108,-21],[109,-21]],[[158,-21],[159,-21]],[[54,-39],[56,-39]],[[132,-39],[134,-39]],[[146,-39],[149,-39]],[[207,-39],[208,-39]],[[12,-167],[14,-167]],[[16,-167],[17,-167]],[[24,-167],[25,-167]],[[68,-167],[69,-167]],[[133,-167],[134,-167]],[[249,-167],[250,-167]],[[12,-134],[13,-134]],[[43,-134],[46,-134]],[[68,-134],[69,-134]],[[127,-134],[129,-134]],[[242,-134],[244,-134]],[[248,-134],[250,-134]],[[9,-42],[10,-42]],[[46,-42],[47,-42]],[[58,-42],[60,-42]],[[126,-42],[127,-42]],[[207,-42],[208,-42]],[[64,-53],[65,-53]],[[88,-53],[89,-53]],[[111,-53],[112,-53]],[[125,-53],[126,-53]],[[150,-53],[151,-53]],[[204,-53],[205,-53]],[[10,-210],[12,-210]],[[60,-210],[61,-210]],[[105,-210],[106,-210]],[[159,-210],[160,-210]],[[232,-210],[234,-210]],[[77,-6],[78,-6]],[[107,-6],[108,-6]],[[141,-6],[142,-6]],[[112,-90],[113,-90]],[[116,-90],[119,-90]],[[129,-90],[130,-90]],[[133,-90],[134,-90]],[[213,-90],[214,-90]],[[220,-90],[221,-90]],[[2,-183],[4,-183]],[[15,-183],[16,-183]],[[38,-183],[40,-183]],[[61,-183],[62,-183]],[[65,-183],[66,-183]],[[84,-183],[88,-183]],[[149,-183],[150,-183]],[[162,-183],[165,-183]],[[196,-183],[197,-183]],[[207,-183],[208,-183]],[[252,-183],[253,-183]],[[42,-7],[43,-7]],[[78,-7],[79,-7]],[[106,-7],[107,-7]],[[124,-7],[125,-7]],[[157,-7],[158,-7]],[[31,-13],[32,-13]],[[130,-13],[133,-13]],[[137,-13],[138,-13]],[[158,-13],[159,-13]],[[147,-213],[148,-213]],[[163,-213],[164,-213]],[[183,-213],[184,-213]],[[233,-213],[234,-213]],[[30,-158],[31,-158]],[[39,-158],[43,-158]],[[102,-158],[109,-158]],[[142,-158],[143,-158]],[[151,-158],[152,-158]],[[250,-158],[253,-158]],[[28,-76],[30,-76]],[[33,-76],[34,-76]],[[94,-76],[95,-76]],[[101,-76],[102,-76]],[[113,-76],[114,-76]],[[140,-76],[141,-76]],[[167,-76],[168,-76]],[[34,-17],[36,-17]],[[79,-17],[80,-17]],[[105,-17],[106,-17]],[[156,-17],[157,-17]],[[7,-205],[8,-205]],[[48,-205],[49,-205]],[[65,-205],[66,-205]],[[74,-205],[75,-205]],[[155,-205],[156,-205]],[[182,-205],[187,-205]],[[24,-70],[25,-70]],[[42,-70],[43,-70]],[[57,-70],[58,-70]],[[69,-70],[70,-70]],[[87,-70],[89,-70]],[[97,-70],[98,-70]],[[135,-70],[136,-70]],[[140,-70],[142,-70]],[[199,-70],[200,-70]],[[206,-70],[207,-70]],[[16,-186],[17,-186]],[[57,-186],[58,-186]],[[68,-186],[69,-186]],[[78,-186],[79,-186]],[[90,-186],[92,-186]],[[127,-186],[128,-186]],[[150,-186],[151,-186]],[[205,-186],[206,-186]],[[23,-81],[24,-81]],[[92,-81],[93,-81]],[[149,-81],[150,-81]],[[165,-81],[166,-81]],[[85,-15],[86,-15]],[[156,-15],[157,-15]],[[160,-15],[161,-15]],[[57,-56],[58,-56]],[[108,-56],[109,-56]],[[146,-56],[147,-56]],[[73,-130],[74,-130]],[[108,-130],[109,-130]],[[143,-130],[145,-130]],[[241,-130],[244,-130]],[[245,-130],[246,-130]],[[36,-188],[37,-188]],[[45,-188],[50,-188]],[[55,-188],[56,-188]],[[93,-188],[94,-188]],[[111,-188],[112,-188]],[[127,-188],[128,-188]],[[168,-188],[169,-188]],[[248,-188],[250,-188]],[[10,-45],[11,-45]],[[38,-45],[39,-45]],[[62,-45],[64,-45]],[[91,-45],[92,-45]],[[122,-45],[123,-45]],[[15,-24],[16,-24]],[[17,-24],[18,-24]],[[45,-24],[47,-24]],[[91,-24],[92,-24]],[[159,-24],[160,-24]],[[179,-24],[182,-24]],[[19,-165],[21,-165]],[[135,-165],[136,-165]],[[232,-165],[233,-165]],[[7,-37],[8,-37]],[[46,-37],[52,-37]],[[64,-37],[65,-37]],[[112,-37],[115,-37]],[[36,-236],[37,-236]],[[127,-236],[128,-236]],[[145,-236],[147,-236]],[[175,-236],[176,-236]],[[195,-236],[196,-236]],[[13,-54],[14,-54]],[[110,-54],[111,-54]],[[126,-54],[127,-54]],[[148,-54],[150,-54]],[[44,-247],[48,-247]],[[163,-247],[164,-247]],[[200,-247],[202,-247]],[[231,-247],[232,-247]],[[55,-242],[56,-242]],[[111,-242],[112,-242]],[[169,-242],[170,-242]],[[59,-239],[62,-239]],[[125,-239],[126,-239]],[[149,-239],[150,-239]],[[172,-239],[173,-239]],[[43,-248],[44,-248]],[[17,-143],[18,-143]],[[83,-143],[84,-143]],[[104,-143],[107,-143]],[[183,-143],[184,-143]],[[216,-143],[218,-143]],[[225,-143],[227,-143]],[[246,-143],[247,-143]],[[48,-246],[49,-246]],[[164,-246],[165,-246]],[[199,-246],[200,-246]],[[232,-246],[233,-246]],[[13,-50],[14,-50]],[[67,-50],[70,-50]],[[122,-50],[123,-50]],[[16,-221],[17,-221]],[[89,-221],[90,-221]],[[125,-221],[126,-221]],[[147,-221],[148,-221]],[[20,-175],[21,-175]],[[38,-175],[39,-175]],[[73,-175],[75,-175]],[[218,-175],[219,-175]],[[58,-240],[59,-240]],[[124,-240],[125,-240]],[[150,-240],[151,-240]],[[171,-240],[172,-240]],[[194,-240],[195,-240]],[[49,-123],[50,-123]],[[226,-123],[229,-123]],[[237,-123],[240,-123]],[[105,-10],[106,-10]],[[139,-10],[140,-10]],[[38,-251],[40,-251]],[[107,-6],[107,-7]],[[107,-34],[107,-35]],[[107,-58],[107,-59]],[[107,-93],[107,-96]],[[107,-117],[107,-118]],[[107,-135],[107,-141]],[[107,-143],[107,-155]],[[107,-180],[107,-181]],[[107,-204],[107,-208]],[[107,-214],[107,-216]],[[107,-218],[107,-219]],[[166,-78],[166,-81]],[[166,-180],[166,-182]],[[166,-184],[166,-187]],[[166,-215],[166,-216]],[[132,-31],[132,-32]],[[132,-39],[132,-40]],[[132,-62],[132,-63]],[[132,-64],[132,-68]],[[132,-88],[132,-89]],[[132,-152],[132,-157]],[[132,-159],[132,-161]],[[132,-169],[132,-171]],[[132,-232],[132,-233]],[[158,-7],[158,-8]],[[158,-13],[158,-14]],[[158,-18],[158,-21]],[[158,-84],[158,-85]],[[158,-100],[158,-101]],[[158,-114],[158,-117]],[[158,-176],[158,-178]],[[118,-34],[118,-35]],[[118,-60],[118,-62]],[[118,-68],[118,-73]],[[118,-86],[118,-87]],[[118,-95],[118,-97]],[[118,-99],[118,-106]],[[118,-226],[118,-227]],[[204,-29],[204,-31]],[[204,-53],[204,-59]],[[204,-64],[204,-65]],[[204,-111],[204,-112]],[[204,-114],[204,-115]],[[204,-124],[204,-125]],[[204,-147],[204,-148]],[[204,-152],[204,-153]],[[204,-169],[204,-170]],[[204,-187],[204,-189]],[[204,-195],[204,-200]],[[244,-99],[244,-101]],[[244,-129],[244,-130]],[[244,-133],[244,-134]],[[244,-135],[244,-137]],[[244,-147],[244,-148]],[[244,-149],[244,-150]],[[244,-194],[244,-196]],[[143,-2],[143,-3]],[[143,-78],[143,-80]],[[143,-109],[143,-110]],[[143,-130],[143,-131]],[[143,-157],[143,-158]],[[143,-197],[143,-199]],[[143,-225],[143,-226]],[[127,-8],[127,-9]],[[127,-40],[127,-42]],[[127,-54],[127,-57]],[[127,-84],[127,-85]],[[127,-133],[127,-134]],[[127,-136],[127,-137]],[[127,-185],[127,-186]],[[127,-188],[127,-192]],[[127,-223],[127,-224]],[[127,-236],[127,-238]],[[159,-8],[159,-9]],[[159,-12],[159,-13]],[[159,-21],[159,-24]],[[159,-85],[159,-86]],[[159,-98],[159,-100]],[[159,-117],[159,-121]],[[159,-124],[159,-126]],[[159,-178],[159,-180]],[[159,-209],[159,-210]],[[205,-51],[205,-53]],[[205,-59],[205,-61]],[[205,-139],[205,-140]],[[205,-145],[205,-147]],[[205,-150],[205,-153]],[[205,-186],[205,-187]],[[205,-202],[205,-203]],[[104,-44],[104,-47]],[[104,-62],[104,-65]],[[104,-79],[104,-83]],[[104,-98],[104,-100]],[[104,-110],[104,-111]],[[104,-143],[104,-144]],[[104,-179],[104,-180]],[[104,-217],[104,-218]],[[68,-82],[68,-83]],[[68,-134],[68,-135]],[[68,-139],[68,-153]],[[68,-159],[68,-160]],[[68,-167],[68,-169]],[[68,-185],[68,-197]],[[68,-233],[68,-234]],[[27,-106],[27,-109]],[[27,-149],[27,-151]],[[27,-163],[27,-164]],[[73,-21],[73,-22]],[[73,-74],[73,-82]],[[73,-86],[73,-87]],[[73,-88],[73,-92]],[[73,-116],[73,-120]],[[73,-130],[73,-132]],[[73,-153],[73,-154]],[[73,-175],[73,-176]],[[214,-84],[214,-86]],[[214,-90],[214,-91]],[[214,-113],[214,-114]],[[214,-198],[214,-199]],[[214,-200],[214,-201]],[[18,-24],[18,-25]],[[18,-114],[18,-117]],[[18,-138],[18,-141]],[[18,-143],[18,-144]],[[18,-171],[18,-172]],[[207,-29],[207,-30]],[[207,-33],[207,-39]],[[207,-42],[207,-48]],[[207,-63],[207,-70]],[[207,-74],[207,-75]],[[207,-77],[207,-78]],[[207,-112],[207,-113]],[[207,-115],[207,-116]],[[207,-126],[207,-127]],[[207,-183],[207,-185]],[[125,-7],[125,-8]],[[125,-43],[125,-44]],[[125,-52],[125,-53]],[[125,-114],[125,-128]],[[125,-132],[125,-133]],[[125,-137],[125,-138]],[[125,-171],[125,-180]],[[125,-193],[125,-194]],[[125,-220],[125,-221]],[[125,-223],[125,-224]],[[125,-239],[125,-240]],[[199,-27],[199,-28]],[[199,-70],[199,-71]],[[199,-109],[199,-110]],[[199,-113],[199,-119]],[[199,-152],[199,-153]],[[199,-216],[199,-217]],[[199,-231],[199,-232]],[[199,-245],[199,-246]],[[16,-19],[16,-22]],[[16,-24],[16,-25]],[[16,-109],[16,-111]],[[16,-126],[16,-128]],[[16,-132],[16,-133]],[[16,-167],[16,-168]],[[16,-172],[16,-182]],[[16,-183],[16,-186]],[[16,-214],[16,-215]],[[16,-216],[16,-217]],[[16,-219],[16,-220]],[[16,-221],[16,-222]],[[250,-119],[250,-120]],[[250,-127],[250,-128]],[[250,-133],[250,-134]],[[250,-151],[250,-154]],[[250,-158],[250,-159]],[[250,-162],[250,-167]],[[250,-187],[250,-188]],[[250,-197],[250,-199]],[[196,-105],[196,-106]],[[196,-155],[196,-162]],[[196,-164],[196,-174]],[[196,-178],[196,-182]],[[196,-183],[196,-187]],[[196,-232],[196,-233]],[[196,-235],[196,-236]],[[196,-241],[196,-244]],[[47,-24],[47,-25]],[[47,-40],[47,-42]],[[47,-62],[47,-64]],[[47,-86],[47,-97]],[[47,-118],[47,-119]],[[47,-194],[47,-196]],[[47,-201],[47,-203]],[[47,-216],[47,-217]],[[129,-11],[129,-12]],[[129,-61],[129,-63]],[[129,-89],[129,-90]],[[129,-133],[129,-134]],[[129,-234],[129,-235]],[[146,-38],[146,-39]],[[146,-56],[146,-57]],[[146,-73],[146,-74]],[[146,-84],[146,-86]],[[146,-96],[146,-97]],[[146,-180],[146,-181]],[[146,-195],[146,-196]],[[146,-202],[146,-206]],[[146,-222],[146,-223]],[[240,-107],[240,-108]],[[240,-122],[240,-123]],[[240,-136],[240,-137]],[[112,-1],[112,-2]],[[112,-3],[112,-4]],[[112,-29],[112,-30]],[[112,-36],[112,-37]],[[112,-52],[112,-53]],[[112,-79],[112,-83]],[[112,-90],[112,-91]],[[112,-185],[112,-188]],[[112,-208],[112,-209]],[[112,-218],[112,-219]],[[112,-228],[112,-229]],[[112,-231],[112,-235]],[[112,-242],[112,-243]],[[186,-25],[186,-26]],[[186,-127],[186,-128]],[[186,-136],[186,-137]],[[186,-150],[186,-154]],[[186,-194],[186,-195]],[[186,-203],[186,-204]],[[186,-228],[186,-229]],[[232,-94],[232,-100]],[[232,-101],[232,-104]],[[232,-106],[232,-109]],[[232,-112],[232,-113]],[[232,-128],[232,-135]],[[232,-155],[232,-157]],[[232,-165],[232,-169]],[[232,-199],[232,-200]],[[232,-209],[232,-210]],[[232,-241],[232,-243]],[[232,-246],[232,-247]],[[36,-17],[36,-18]],[[36,-47],[36,-52]],[[36,-58],[36,-60]],[[36,-67],[36,-71]],[[36,-97],[36,-98]],[[36,-101],[36,-102]],[[36,-107],[36,-108]],[[36,-171],[36,-172]],[[36,-176],[36,-177]],[[36,-188],[36,-190]],[[36,-227],[36,-230]],[[36,-236],[36,-250]],[[249,-148],[249,-150]],[[249,-152],[249,-154]],[[249,-159],[249,-160]],[[249,-161],[249,-162]],[[249,-167],[249,-168]],[[249,-169],[249,-170]],[[249,-191],[249,-193]],[[154,-1],[154,-2]],[[154,-40],[154,-46]],[[154,-192],[154,-199]],[[154,-232],[154,-233]],[[46,-34],[46,-40]],[[46,-42],[46,-58]],[[46,-68],[46,-69]],[[46,-97],[46,-99]],[[46,-103],[46,-104]],[[46,-117],[46,-118]],[[46,-134],[46,-135]],[[46,-159],[46,-160]],[[46,-196],[46,-201]],[[46,-217],[46,-222]],[[217,-84],[217,-87]],[[217,-93],[217,-98]],[[217,-112],[217,-113]],[[217,-171],[217,-174]],[[76,-3],[76,-5]],[[76,-20],[76,-21]],[[76,-44],[76,-49]],[[76,-120],[76,-121]],[[76,-125],[76,-127]],[[76,-172],[76,-174]],[[76,-206],[76,-207]],[[69,-25],[69,-26]],[[69,-69],[69,-70]],[[69,-75],[69,-82]],[[69,-106],[69,-112]],[[69,-132],[69,-134]],[[69,-153],[69,-154]],[[69,-163],[69,-167]],[[69,-169],[69,-171]],[[69,-186],[69,-187]],[[69,-232],[69,-233]],[[48,-2],[48,-3]],[[48,-25],[48,-26]],[[48,-58],[48,-62]],[[48,-64],[48,-65]],[[48,-67],[48,-68]],[[48,-84],[48,-86]],[[48,-119],[48,-121]],[[48,-135],[48,-136]],[[48,-160],[48,-161]],[[48,-203],[48,-205]],[[48,-246],[48,-247]],[[200,-68],[200,-70]],[[200,-110],[200,-112]],[[200,-190],[200,-195]],[[200,-207],[200,-208]],[[200,-215],[200,-216]],[[200,-217],[200,-222]],[[200,-227],[200,-231]],[[200,-246],[200,-247]],[[98,-27],[98,-28]],[[98,-62],[98,-65]],[[98,-70],[98,-71]],[[98,-78],[98,-83]],[[98,-144],[98,-145]],[[70,-23],[70,-25]],[[70,-49],[70,-50]],[[70,-70],[70,-71]],[[70,-86],[70,-87]],[[70,-112],[70,-114]],[[70,-154],[70,-163]],[[70,-171],[70,-172]],[[70,-231],[70,-232]],[[251,-94],[251,-95]],[[251,-128],[251,-133]],[[251,-150],[251,-151]],[[251,-185],[251,-187]],[[115,-32],[115,-33]],[[115,-36],[115,-37]],[[115,-49],[115,-51]],[[115,-64],[115,-66]],[[115,-84],[115,-87]],[[115,-206],[115,-207]],[[26,-30],[26,-31]],[[26,-79],[26,-80]],[[26,-109],[26,-113]],[[26,-147],[26,-149]],[[26,-151],[26,-152]],[[26,-155],[26,-156]],[[26,-172],[26,-173]],[[34,-11],[34,-12]],[[34,-14],[34,-17]],[[34,-30],[34,-31]],[[34,-72],[34,-76]],[[34,-103],[34,-104]],[[34,-106],[34,-107]],[[34,-159],[34,-160]],[[34,-174],[34,-176]],[[34,-225],[34,-226]],[[220,-88],[220,-90]],[[220,-101],[220,-103]],[[220,-106],[220,-107]],[[220,-113],[220,-115]],[[220,-127],[220,-128]],[[220,-198],[220,-199]],[[145,-57],[145,-59]],[[145,-72],[145,-73]],[[145,-82],[145,-84]],[[145,-111],[145,-118]],[[145,-128],[145,-130]],[[145,-181],[145,-182]],[[145,-201],[145,-202]],[[145,-223],[145,-224]],[[145,-235],[145,-236]],[[185,-25],[185,-26]],[[185,-101],[185,-102]],[[185,-132],[185,-136]],[[185,-148],[185,-150]],[[185,-195],[185,-197]],[[185,-202],[185,-203]],[[185,-205],[185,-209]],[[185,-224],[185,-228]],[[23,-81],[23,-82]],[[23,-85],[23,-87]],[[23,-94],[23,-95]],[[23,-126],[23,-128]],[[23,-145],[23,-146]],[[23,-173],[23,-174]],[[23,-223],[23,-224]],[[84,-12],[84,-14]],[[84,-71],[84,-72]],[[84,-99],[84,-104]],[[84,-107],[84,-110]],[[84,-143],[84,-145]],[[84,-183],[84,-184]],[[221,-90],[221,-93]],[[221,-107],[221,-108]],[[221,-114],[221,-116]],[[221,-173],[221,-174]],[[119,-1],[119,-2]],[[119,-35],[119,-36]],[[119,-59],[119,-60]],[[119,-66],[119,-68]],[[119,-73],[119,-74]],[[119,-89],[119,-90]],[[119,-97],[119,-99]],[[119,-106],[119,-107]],[[119,-225],[119,-226]],[[224,-94],[224,-96]],[[224,-98],[224,-99]],[[224,-112],[224,-113]],[[224,-125],[224,-126]],[[224,-173],[224,-200]],[[156,-4],[156,-5]],[[156,-15],[156,-17]],[[156,-83],[156,-84]],[[156,-103],[156,-104]],[[156,-112],[156,-113]],[[156,-176],[156,-177]],[[156,-205],[156,-208]],[[156,-233],[156,-234]],[[156,-241],[156,-249]],[[136,-70],[136,-71]],[[136,-94],[136,-95]],[[136,-147],[136,-150]],[[136,-164],[136,-165]],[[136,-178],[136,-180]],[[109,-21],[109,-22]],[[109,-35],[109,-36]],[[109,-55],[109,-56]],[[109,-92],[109,-93]],[[109,-118],[109,-119]],[[109,-128],[109,-130]],[[109,-131],[109,-132]],[[109,-155],[109,-158]],[[109,-181],[109,-182]],[[109,-217],[109,-218]],[[40,-9],[40,-11]],[[40,-19],[40,-23]],[[40,-31],[40,-32]],[[40,-112],[40,-114]],[[40,-151],[40,-156]],[[40,-183],[40,-185]],[[40,-190],[40,-191]],[[40,-226],[40,-227]],[[40,-250],[40,-251]],[[99,-28],[99,-29]],[[99,-38],[99,-40]],[[99,-61],[99,-62]],[[99,-71],[99,-72]],[[99,-83],[99,-87]],[[99,-117],[99,-118]],[[25,-28],[25,-30]],[[25,-69],[25,-70]],[[25,-77],[25,-78]],[[25,-95],[25,-96]],[[25,-113],[25,-115]],[[25,-118],[25,-121]],[[25,-146],[25,-147]],[[25,-154],[25,-155]],[[25,-167],[25,-169]],[[105,-10],[105,-14]],[[105,-17],[105,-18]],[[105,-61],[105,-62]],[[105,-97],[105,-98]],[[105,-111],[105,-117]],[[105,-193],[105,-202]],[[105,-209],[105,-210]],[[150,-53],[150,-54]],[[150,-81],[150,-82]],[[150,-101],[150,-102]],[[150,-126],[150,-127]],[[150,-157],[150,-170]],[[150,-180],[150,-181]],[[150,-183],[150,-186]],[[150,-195],[150,-196]],[[150,-228],[150,-230]],[[150,-239],[150,-240]],[[168,-19],[168,-20]],[[168,-74],[168,-76]],[[168,-120],[168,-124]],[[168,-187],[168,-188]],[[168,-216],[168,-217]],[[168,-229],[168,-230]],[[168,-243],[168,-244]],[[41,-8],[41,-9]],[[41,-32],[41,-33]],[[41,-114],[41,-115]],[[41,-132],[41,-133]],[[41,-189],[41,-190]],[[247,-120],[247,-121]],[[247,-127],[247,-131]],[[247,-132],[247,-133]],[[247,-135],[247,-138]],[[247,-142],[247,-143]],[[184,-25],[184,-26]],[[184,-128],[184,-129]],[[184,-131],[184,-132]],[[184,-137],[184,-138]],[[184,-143],[184,-144]],[[184,-147],[184,-148]],[[184,-197],[184,-202]],[[184,-209],[184,-213]],[[184,-223],[184,-224]],[[144,-1],[144,-2]],[[144,-59],[144,-60]],[[144,-71],[144,-72]],[[144,-80],[144,-82]],[[144,-110],[144,-111]],[[144,-118],[144,-128]],[[144,-156],[144,-157]],[[144,-195],[144,-197]],[[144,-199],[144,-201]],[[144,-224],[144,-225]],[[144,-234],[144,-235]],[[10,-20],[10,-21]],[[10,-36],[10,-40]],[[10,-42],[10,-45]],[[10,-46],[10,-47]],[[10,-177],[10,-179]],[[10,-209],[10,-210]],[[101,-33],[101,-34]],[[101,-48],[101,-49]],[[101,-55],[101,-59]],[[101,-73],[101,-76]],[[101,-103],[101,-104]],[[101,-159],[101,-164]],[[101,-195],[101,-196]],[[122,-45],[122,-50]],[[122,-57],[122,-58]],[[122,-64],[122,-65]],[[122,-88],[122,-89]],[[122,-105],[122,-109]],[[122,-160],[122,-161]],[[122,-181],[122,-185]],[[122,-243],[122,-244]],[[128,-9],[128,-11]],[[128,-33],[128,-40]],[[128,-57],[128,-62]],[[128,-85],[128,-86]],[[128,-88],[128,-89]],[[128,-134],[128,-136]],[[128,-186],[128,-188]],[[128,-235],[128,-236]],[[228,-85],[228,-86]],[[228,-101],[228,-102]],[[228,-106],[228,-108]],[[228,-111],[228,-112]],[[228,-121],[228,-126]],[[228,-144],[228,-146]],[[228,-171],[228,-172]],[[228,-201],[228,-202]],[[161,-12],[161,-15]],[[161,-16],[161,-18]],[[161,-25],[161,-35]],[[161,-86],[161,-91]],[[161,-93],[161,-97]],[[161,-181],[161,-182]],[[67,-26],[67,-27]],[[67,-50],[67,-51]],[[67,-74],[67,-75]],[[67,-135],[67,-136]],[[67,-184],[67,-185]],[[67,-234],[67,-235]],[[165,-81],[165,-82]],[[165,-179],[165,-180]],[[165,-182],[165,-184]],[[165,-214],[165,-215]],[[165,-245],[165,-246]],[[51,-1],[51,-2]],[[51,-28],[51,-29]],[[51,-57],[51,-58]],[[51,-69],[51,-71]],[[51,-80],[51,-82]],[[51,-104],[51,-105]],[[51,-124],[51,-125]],[[51,-162],[51,-163]],[[51,-191],[51,-192]],[[51,-244],[51,-245]],[[243,-101],[243,-103]],[[243,-121],[243,-122]],[[243,-137],[243,-138]],[[243,-148],[243,-150]],[[243,-196],[243,-197]],[[190,-92],[190,-100]],[[190,-200],[190,-201]],[[8,-33],[8,-34]],[[8,-35],[8,-37]],[[8,-38],[8,-40]],[[8,-179],[8,-181]],[[8,-199],[8,-204]],[[8,-205],[8,-208]],[[100,-29],[100,-33]],[[100,-49],[100,-55]],[[100,-59],[100,-61]],[[100,-72],[100,-73]],[[100,-108],[100,-109]],[[100,-144],[100,-145]],[[100,-196],[100,-197]],[[39,-29],[39,-31]],[[39,-44],[39,-45]],[[39,-61],[39,-62]],[[39,-99],[39,-101]],[[39,-108],[39,-112]],[[39,-133],[39,-136]],[[39,-150],[39,-151]],[[39,-156],[39,-158]],[[39,-175],[39,-178]],[[39,-191],[39,-193]],[[30,-75],[30,-76]],[[30,-96],[30,-97]],[[30,-157],[30,-158]],[[30,-162],[30,-163]],[[30,-223],[30,-224]],[[151,-40],[151,-41]],[[151,-52],[151,-53]],[[151,-82],[151,-83]],[[151,-85],[151,-88]],[[151,-102],[151,-110]],[[151,-158],[151,-159]],[[151,-170],[151,-171]],[[151,-179],[151,-180]],[[151,-186],[151,-190]],[[151,-194],[151,-195]],[[151,-230],[151,-231]],[[151,-240],[151,-241]],[[75,-2],[75,-3]],[[75,-74],[75,-75]],[[75,-121],[75,-125]],[[75,-127],[75,-129]],[[75,-151],[75,-152]],[[75,-174],[75,-175]],[[75,-205],[75,-206]],[[135,-14],[135,-26]],[[135,-61],[135,-62]],[[135,-65],[135,-66]],[[135,-69],[135,-70]],[[135,-93],[135,-94]],[[135,-150],[135,-151]],[[135,-165],[135,-166]],[[135,-177],[135,-178]],[[135,-229],[135,-231]],[[194,-26],[194,-27]],[[194,-87],[194,-88]],[[194,-102],[194,-103]],[[194,-110],[194,-111]],[[194,-197],[194,-198]],[[194,-231],[194,-232]],[[194,-237],[194,-240]],[[140,-8],[140,-10]],[[140,-69],[140,-70]],[[140,-75],[140,-76]],[[140,-96],[140,-97]],[[140,-131],[140,-132]],[[140,-160],[140,-161]],[[149,-39],[149,-40]],[[149,-75],[149,-81]],[[149,-99],[149,-101]],[[149,-127],[149,-128]],[[149,-156],[149,-157]],[[149,-181],[149,-183]],[[149,-214],[149,-219]],[[149,-238],[149,-239]],[[103,-43],[103,-44]],[[103,-65],[103,-86]],[[103,-100],[103,-101]],[[103,-166],[103,-179]],[[148,-54],[148,-55]],[[148,-74],[148,-75]],[[148,-87],[148,-88]],[[148,-98],[148,-99]],[[148,-110],[148,-111]],[[148,-180],[148,-181]],[[148,-213],[148,-214]],[[148,-219],[148,-221]],[[171,-72],[171,-73]],[[171,-101],[171,-102]],[[171,-118],[171,-119]],[[171,-124],[171,-125]],[[171,-131],[171,-133]],[[171,-190],[171,-191]],[[171,-240],[171,-241]],[[89,-21],[89,-22]],[[89,-47],[89,-49]],[[89,-51],[89,-53]],[[89,-58],[89,-63]],[[89,-68],[89,-71]],[[89,-84],[89,-85]],[[89,-111],[89,-112]],[[89,-184],[89,-185]],[[89,-221],[89,-223]],[[45,-3],[45,-4]],[[45,-23],[45,-24]],[[45,-64],[45,-65]],[[45,-66],[45,-67]],[[45,-99],[45,-103]],[[45,-187],[45,-188]],[[45,-222],[45,-224]],[[90,-22],[90,-23]],[[90,-46],[90,-47]],[[90,-63],[90,-68]],[[90,-71],[90,-72]],[[90,-97],[90,-98]],[[90,-112],[90,-113]],[[90,-185],[90,-186]],[[90,-220],[90,-221]],[[231,-92],[231,-94]],[[231,-100],[231,-101]],[[231,-104],[231,-105]],[[231,-109],[231,-112]],[[231,-113],[231,-114]],[[231,-127],[231,-128]],[[231,-135],[231,-139]],[[231,-152],[231,-155]],[[231,-169],[231,-170]],[[231,-203],[231,-209]],[[231,-247],[231,-250]],[[202,-83],[202,-84]],[[202,-111],[202,-112]],[[202,-114],[202,-115]],[[202,-124],[202,-125]],[[202,-149],[202,-150]],[[202,-202],[202,-203]],[[202,-209],[202,-214]],[[202,-247],[202,-249]],[[139,-10],[139,-12]],[[139,-68],[139,-69]],[[139,-73],[139,-75]],[[139,-132],[139,-144]],[[139,-161],[139,-162]],[[139,-227],[139,-228]],[[66,-27],[66,-30]],[[66,-136],[66,-139]],[[66,-159],[66,-160]],[[66,-178],[66,-182]],[[66,-183],[66,-184]],[[66,-197],[66,-205]],[[66,-235],[66,-237]],[[197,-85],[197,-86]],[[197,-106],[197,-107]],[[197,-154],[197,-155]],[[197,-162],[197,-164]],[[197,-182],[197,-183]],[[197,-187],[197,-190]],[[197,-195],[197,-196]],[[197,-232],[197,-235]],[[216,-77],[216,-79]],[[216,-83],[216,-84]],[[216,-92],[216,-93]],[[216,-102],[216,-104]],[[216,-115],[216,-117]],[[216,-143],[216,-144]],[[216,-176],[216,-177]],[[216,-199],[216,-200]],[[88,-20],[88,-21]],[[88,-49],[88,-51]],[[88,-53],[88,-58]],[[88,-145],[88,-146]],[[88,-183],[88,-184]],[[88,-223],[88,-225]],[[227,-80],[227,-85]],[[227,-99],[227,-101]],[[227,-110],[227,-111]],[[227,-112],[227,-114]],[[227,-143],[227,-144]],[[227,-201],[227,-202]],[[227,-249],[227,-250]],[[12,-18],[12,-19]],[[12,-44],[12,-48]],[[12,-49],[12,-51]],[[12,-108],[12,-111]],[[12,-131],[12,-134]],[[12,-167],[12,-173]],[[12,-210],[12,-211]],[[110,-22],[110,-28]],[[110,-54],[110,-55]],[[110,-91],[110,-92]],[[110,-119],[110,-128]],[[110,-182],[110,-184]],[[110,-189],[110,-190]],[[83,-11],[83,-12]],[[83,-72],[83,-73]],[[83,-82],[83,-83]],[[83,-104],[83,-107]],[[83,-121],[83,-122]],[[83,-143],[83,-144]],[[83,-229],[83,-230]],[[182,-24],[182,-25]],[[182,-136],[182,-137]],[[182,-204],[182,-205]],[[182,-214],[182,-216]],[[182,-219],[182,-222]],[[182,-223],[182,-230]],[[21,-20],[21,-22]],[[21,-25],[21,-26]],[[21,-72],[21,-73]],[[21,-88],[21,-93]],[[21,-106],[21,-107]],[[21,-115],[21,-118]],[[21,-129],[21,-131]],[[21,-144],[21,-145]],[[21,-164],[21,-165]],[[21,-174],[21,-175]],[[95,-27],[95,-28]],[[95,-34],[95,-35]],[[95,-38],[95,-41]],[[95,-76],[95,-77]],[[95,-78],[95,-79]],[[95,-116],[95,-117]],[[95,-196],[95,-197]],[[241,-105],[241,-107]],[[241,-129],[241,-130]],[[241,-131],[241,-133]],[[50,-27],[50,-28]],[[50,-65],[50,-69]],[[50,-82],[50,-83]],[[50,-123],[50,-124]],[[50,-136],[50,-137]],[[50,-188],[50,-189]],[[50,-192],[50,-193]],[[50,-207],[50,-208]],[[42,-7],[42,-8]],[[42,-70],[42,-71]],[[42,-115],[42,-116]],[[42,-132],[42,-133]],[[42,-185],[42,-189]],[[42,-249],[42,-250]],[[22,-26],[22,-28]],[[22,-71],[22,-72]],[[22,-87],[22,-88]],[[22,-93],[22,-94]],[[22,-107],[22,-109]],[[22,-128],[22,-129]],[[22,-169],[22,-170]],[[22,-191],[22,-192]],[[108,-5],[108,-6]],[[108,-20],[108,-21]],[[108,-56],[108,-58]],[[108,-130],[108,-131]],[[108,-132],[108,-135]],[[108,-138],[108,-139]],[[108,-190],[108,-192]],[[108,-208],[108,-209]],[[108,-216],[108,-217]],[[108,-218],[108,-219]],[[87,-16],[87,-20]],[[87,-70],[87,-71]],[[87,-110],[87,-111]],[[87,-225],[87,-227]],[[242,-103],[242,-105]],[[242,-129],[242,-131]],[[242,-133],[242,-134]],[[242,-137],[242,-138]],[[242,-197],[242,-198]],[[120,-35],[120,-36]],[[120,-57],[120,-59]],[[120,-65],[120,-66]],[[120,-74],[120,-77]],[[120,-85],[120,-86]],[[120,-107],[120,-108]],[[120,-156],[120,-159]],[[120,-164],[120,-170]],[[254,-106],[254,-108]],[[254,-111],[254,-112]],[[254,-113],[254,-116]],[[254,-152],[254,-153]],[[254,-156],[254,-157]],[[254,-170],[254,-171]],[[164,-19],[164,-20]],[[164,-82],[164,-85]],[[164,-178],[164,-179]],[[164,-213],[164,-214]],[[164,-232],[164,-233]],[[164,-246],[164,-247]],[[210,-128],[210,-129]],[[210,-146],[210,-147]],[[210,-170],[210,-171]],[[210,-180],[210,-181]],[[210,-201],[210,-202]],[[211,-75],[211,-77]],[[211,-145],[211,-146]],[[211,-179],[211,-180]],[[211,-195],[211,-196]],[[117,-62],[117,-63]],[[117,-87],[117,-88]],[[117,-92],[117,-95]],[[117,-138],[117,-139]],[[117,-195],[117,-196]],[[49,-26],[49,-27]],[[49,-83],[49,-84]],[[49,-121],[49,-123]],[[49,-161],[49,-162]],[[49,-193],[49,-194]],[[49,-205],[49,-207]],[[49,-215],[49,-216]],[[49,-245],[49,-246]],[[106,-7],[106,-10]],[[106,-14],[106,-17]],[[106,-18],[106,-20]],[[106,-59],[106,-61]],[[106,-96],[106,-97]],[[106,-141],[106,-143]],[[106,-192],[106,-193]],[[106,-202],[106,-214]],[[106,-216],[106,-217]],[[44,-4],[44,-5]],[[44,-22],[44,-23]],[[44,-33],[44,-34]],[[44,-62],[44,-63]],[[44,-65],[44,-66]],[[44,-116],[44,-117]],[[44,-224],[44,-225]],[[44,-247],[44,-248]],[[178,-119],[178,-120]],[[178,-136],[178,-137]],[[178,-199],[178,-200]],[[178,-223],[178,-224]],[[178,-233],[178,-234]],[[160,-9],[160,-12]],[[160,-15],[160,-16]],[[160,-24],[160,-25]],[[160,-35],[160,-36]],[[160,-97],[160,-98]],[[160,-121],[160,-124]],[[160,-156],[160,-157]],[[160,-172],[160,-173]],[[160,-180],[160,-181]],[[160,-210],[160,-211]],[[37,-29],[37,-31]],[[37,-46],[37,-47]],[[37,-60],[37,-61]],[[37,-72],[37,-73]],[[37,-97],[37,-98]],[[37,-145],[37,-149]],[[37,-172],[37,-174]],[[37,-177],[37,-178]],[[37,-181],[37,-182]],[[37,-187],[37,-188]],[[37,-230],[37,-236]],[[13,-22],[13,-25]],[[13,-48],[13,-50]],[[13,-51],[13,-54]],[[13,-134],[13,-135]],[[13,-211],[13,-212]],[[126,-33],[126,-34]],[[126,-42],[126,-43]],[[126,-53],[126,-54]],[[126,-111],[126,-114]],[[126,-128],[126,-132]],[[126,-192],[126,-193]],[[126,-221],[126,-223]],[[126,-238],[126,-239]],[[131,-32],[131,-33]],[[131,-87],[131,-88]],[[131,-91],[131,-92]],[[131,-157],[131,-159]],[[131,-233],[131,-234]],[[64,-36],[64,-37]],[[64,-43],[64,-48]],[[64,-53],[64,-69]],[[64,-121],[64,-122]],[[64,-176],[64,-178]],[[64,-206],[64,-207]],[[180,-135],[180,-136]],[[180,-202],[180,-203]],[[180,-217],[180,-218]],[[212,-77],[212,-78]],[[212,-86],[212,-88]],[[212,-115],[212,-116]],[[212,-178],[212,-179]],[[212,-196],[212,-197]],[[223,-78],[223,-79]],[[223,-96],[223,-98]],[[61,-33],[61,-35]],[[61,-43],[61,-44]],[[61,-74],[61,-75]],[[61,-124],[61,-125]],[[61,-183],[61,-184]],[[61,-192],[61,-194]],[[61,-209],[61,-210]],[[176,-20],[176,-22]],[[176,-196],[176,-197]],[[176,-235],[176,-236]],[[31,-12],[31,-13]],[[31,-74],[31,-75]],[[31,-158],[31,-159]],[[31,-190],[31,-193]],[[24,-70],[24,-71]],[[24,-78],[24,-79]],[[24,-80],[24,-81]],[[24,-82],[24,-85]],[[24,-115],[24,-118]],[[24,-121],[24,-126]],[[24,-152],[24,-154]],[[24,-164],[24,-167]],[[24,-192],[24,-193]],[[215,-79],[215,-84]],[[215,-91],[215,-92]],[[215,-104],[215,-112]],[[215,-128],[215,-129]],[[215,-144],[215,-145]],[[234,-111],[234,-112]],[[234,-210],[234,-213]],[[234,-214],[234,-218]],[[234,-220],[234,-231]],[[234,-234],[234,-237]],[[234,-244],[234,-245]],[[193,-88],[193,-89]],[[193,-107],[193,-110]],[[193,-111],[193,-112]],[[193,-230],[193,-231]],[[229,-86],[229,-87]],[[229,-102],[229,-104]],[[229,-114],[229,-121]],[[229,-123],[229,-124]],[[229,-140],[229,-141]],[[229,-146],[229,-149]],[[229,-199],[229,-200]],[[229,-202],[229,-203]],[[72,-1],[72,-3]],[[72,-72],[72,-74]],[[72,-82],[72,-86]],[[72,-95],[72,-104]],[[72,-115],[72,-116]],[[72,-119],[72,-120]],[[72,-203],[72,-204]],[[152,-47],[152,-52]],[[152,-83],[152,-85]],[[152,-110],[152,-111]],[[152,-157],[152,-158]],[[152,-171],[152,-172]],[[152,-178],[152,-179]],[[152,-190],[152,-191]],[[152,-193],[152,-194]],[[230,-87],[230,-92]],[[230,-104],[230,-105]],[[230,-126],[230,-127]],[[230,-139],[230,-140]],[[230,-149],[230,-152]],[[230,-170],[230,-171]],[[230,-199],[230,-200]],[[77,-5],[77,-6]],[[77,-19],[77,-20]],[[77,-43],[77,-44]],[[77,-74],[77,-75]],[[91,-23],[91,-24]],[[91,-45],[91,-46]],[[91,-83],[91,-85]],[[91,-219],[91,-220]],[[63,-30],[63,-31]],[[63,-35],[63,-36]],[[63,-109],[63,-110]],[[63,-122],[63,-124]],[[63,-160],[63,-161]],[[63,-194],[63,-195]],[[63,-207],[63,-208]],[[63,-237],[63,-238]],[[141,-6],[141,-8]],[[141,-76],[141,-77]],[[141,-97],[141,-105]],[[141,-159],[141,-160]],[[141,-228],[141,-229]],[[173,-71],[173,-72]],[[173,-103],[173,-115]],[[173,-136],[173,-137]],[[173,-192],[173,-194]],[[173,-226],[173,-227]],[[173,-238],[173,-239]],[[233,-157],[233,-165]],[[233,-213],[233,-214]],[[233,-218],[233,-220]],[[233,-231],[233,-234]],[[233,-237],[233,-241]],[[233,-243],[233,-244]],[[233,-245],[233,-246]],[[206,-29],[206,-30]],[[206,-31],[206,-33]],[[206,-48],[206,-51]],[[206,-61],[206,-63]],[[206,-70],[206,-74]],[[206,-78],[206,-83]],[[206,-125],[206,-126]],[[206,-140],[206,-145]],[[206,-149],[206,-150]],[[206,-185],[206,-186]],[[38,-18],[38,-19]],[[38,-45],[38,-46]],[[38,-71],[38,-72]],[[38,-98],[38,-99]],[[38,-136],[38,-145]],[[38,-149],[38,-150]],[[38,-156],[38,-157]],[[38,-174],[38,-175]],[[38,-178],[38,-181]],[[38,-182],[38,-183]],[[38,-185],[38,-187]],[[38,-250],[38,-251]],[[35,-11],[35,-12]],[[35,-22],[35,-23]],[[35,-30],[35,-31]],[[35,-52],[35,-58]],[[35,-71],[35,-72]],[[35,-102],[35,-103]],[[35,-157],[35,-159]],[[35,-226],[35,-227]],[[81,-146],[81,-150]],[[81,-184],[81,-185]],[[81,-230],[81,-231]],[[137,-13],[137,-14]],[[137,-66],[137,-67]],[[137,-71],[137,-72]],[[137,-146],[137,-147]],[[137,-163],[137,-164]],[[137,-180],[137,-181]],[[255,-105],[255,-106]],[[255,-112],[255,-113]],[[255,-126],[255,-128]],[[255,-153],[255,-154]],[[255,-155],[255,-156]],[[255,-171],[255,-172]],[[255,-181],[255,-182]],[[113,-2],[113,-3]],[[113,-30],[113,-31]],[[113,-47],[113,-48]],[[113,-67],[113,-73]],[[113,-76],[113,-79]],[[113,-83],[113,-84]],[[113,-89],[113,-90]],[[113,-227],[113,-228]],[[113,-243],[113,-244]],[[147,-55],[147,-56]],[[147,-86],[147,-87]],[[147,-97],[147,-98]],[[147,-206],[147,-213]],[[147,-221],[147,-222]],[[147,-227],[147,-228]],[[147,-236],[147,-238]],[[248,-95],[248,-97]],[[248,-133],[248,-134]],[[248,-147],[248,-148]],[[248,-150],[248,-152]],[[248,-160],[248,-161]],[[248,-168],[248,-169]],[[248,-188],[248,-191]],[[162,-91],[162,-93]],[[162,-172],[162,-173]],[[162,-182],[162,-183]],[[162,-211],[162,-212]],[[162,-233],[162,-234]],[[74,-2],[74,-3]],[[74,-87],[74,-88]],[[74,-92],[74,-95]],[[74,-120],[74,-122]],[[74,-129],[74,-130]],[[74,-152],[74,-153]],[[74,-204],[74,-205]],[[123,-3],[123,-5]],[[123,-44],[123,-45]],[[123,-50],[123,-51]],[[123,-62],[123,-64]],[[123,-104],[123,-105]],[[123,-109],[123,-110]],[[123,-180],[123,-181]],[[123,-241],[123,-243]],[[169,-73],[169,-74]],[[169,-128],[169,-129]],[[169,-188],[169,-189]],[[169,-242],[169,-243]],[[172,-102],[172,-103]],[[172,-115],[172,-118]],[[172,-133],[172,-137]],[[172,-155],[172,-156]],[[172,-191],[172,-192]],[[172,-227],[172,-228]],[[172,-239],[172,-240]],[[218,-98],[218,-99]],[[218,-106],[218,-108]],[[218,-116],[218,-117]],[[218,-142],[218,-143]],[[218,-174],[218,-176]],[[218,-249],[218,-250]],[[56,-39],[56,-40]],[[56,-72],[56,-75]],[[56,-83],[56,-84]],[[56,-187],[56,-188]],[[56,-241],[56,-242]],[[114,-31],[114,-32]],[[114,-48],[114,-49]],[[114,-51],[114,-52]],[[114,-66],[114,-67]],[[114,-73],[114,-76]],[[114,-87],[114,-89]],[[114,-207],[114,-208]],[[114,-219],[114,-220]],[[60,-42],[60,-43]],[[60,-75],[60,-82]],[[60,-86],[60,-87]],[[60,-108],[60,-109]],[[60,-125],[60,-126]],[[60,-184],[60,-185]],[[60,-210],[60,-211]],[[195,-86],[195,-87]],[[195,-103],[195,-107]],[[195,-122],[195,-124]],[[195,-174],[195,-178]],[[195,-189],[195,-190]],[[195,-196],[195,-197]],[[195,-236],[195,-237]],[[195,-240],[195,-241]],[[142,-3],[142,-6]],[[142,-60],[142,-61]],[[142,-70],[142,-71]],[[142,-77],[142,-78]],[[142,-105],[142,-109]],[[142,-158],[142,-159]],[[142,-226],[142,-228]],[[142,-229],[142,-234]],[[20,-22],[20,-25]],[[20,-73],[20,-74]],[[20,-78],[20,-79]],[[20,-106],[20,-109]],[[20,-114],[20,-115]],[[20,-126],[20,-129]],[[20,-131],[20,-133]],[[20,-141],[20,-144]],[[20,-170],[20,-171]],[[20,-175],[20,-176]],[[20,-190],[20,-191]],[[20,-222],[20,-223]],[[65,-37],[65,-43]],[[65,-48],[65,-53]],[[65,-73],[65,-74]],[[65,-110],[65,-111]],[[65,-119],[65,-121]],[[65,-182],[65,-183]],[[65,-195],[65,-197]],[[65,-205],[65,-206]],[[192,-71],[192,-72]],[[192,-89],[192,-91]],[[192,-101],[192,-102]],[[192,-124],[192,-125]],[[192,-153],[192,-154]],[[192,-190],[192,-191]],[[192,-198],[192,-199]],[[82,-9],[82,-11]],[[82,-73],[82,-82]],[[82,-144],[82,-146]],[[14,-18],[14,-19]],[[14,-50],[14,-54]],[[14,-107],[14,-108]],[[14,-167],[14,-168]],[[226,-79],[226,-80]],[[226,-108],[226,-110]],[[226,-123],[226,-124]],[[226,-141],[226,-142]],[[226,-172],[226,-173]],[[226,-201],[226,-202]],[[85,-14],[85,-15]],[[85,-43],[85,-47]],[[85,-83],[85,-84]],[[85,-98],[85,-99]],[[85,-120],[85,-121]],[[85,-145],[85,-146]],[[85,-207],[85,-208]],[[85,-228],[85,-229]],[[138,-12],[138,-13]],[[138,-67],[138,-68]],[[138,-72],[138,-73]],[[138,-95],[138,-96]],[[138,-144],[138,-146]],[[138,-160],[138,-161]],[[138,-162],[138,-163]],[[138,-181],[138,-182]],[[138,-226],[138,-227]],[[138,-228],[138,-229]],[[15,-24],[15,-25]],[[15,-131],[15,-132]],[[15,-182],[15,-183]],[[15,-212],[15,-214]],[[15,-215],[15,-216]],[[15,-217],[15,-219]],[[201,-66],[201,-68]],[[201,-114],[201,-115]],[[201,-125],[201,-126]],[[201,-150],[201,-152]],[[201,-189],[201,-190]],[[201,-195],[201,-197]],[[201,-203],[201,-207]],[[201,-208],[201,-209]],[[201,-214],[201,-215]],[[201,-222],[201,-227]],[[203,-28],[203,-29]],[[203,-65],[203,-66]],[[203,-148],[203,-149]],[[203,-196],[203,-197]],[[203,-200],[203,-202]],[[183,-102],[183,-103]],[[183,-129],[183,-131]],[[183,-138],[183,-143]],[[183,-144],[183,-147]],[[183,-213],[183,-214]],[[183,-222],[183,-223]],[[121,-2],[121,-3]],[[121,-34],[121,-35]],[[121,-47],[121,-48]],[[121,-77],[121,-85]],[[121,-159],[121,-160]],[[121,-161],[121,-164]],[[121,-170],[121,-171]],[[153,-46],[153,-47]],[[153,-191],[153,-193]],[[153,-231],[153,-232]],[[55,-31],[55,-32]],[[55,-73],[55,-74]],[[55,-75],[55,-83]],[[55,-163],[55,-164]],[[55,-188],[55,-191]],[[55,-242],[55,-243]],[[187,-25],[187,-26]],[[187,-126],[187,-127]],[[187,-137],[187,-138]],[[187,-204],[187,-205]],[[187,-229],[187,-230]],[[133,-13],[133,-14]],[[133,-28],[133,-31]],[[133,-63],[133,-64]],[[133,-68],[133,-69]],[[133,-89],[133,-90]],[[133,-151],[133,-152]],[[133,-167],[133,-169]],[[133,-171],[133,-176]],[[133,-224],[133,-225]],[[191,-25],[191,-26]],[[191,-91],[191,-92]],[[191,-100],[191,-101]],[[191,-191],[191,-192]],[[191,-199],[191,-200]],[[225,-112],[225,-113]],[[225,-124],[225,-125]],[[225,-142],[225,-143]],[[225,-200],[225,-201]],[[2,-183],[2,-184]],[[2,-195],[2,-196]],[[116,-33],[116,-34]],[[116,-63],[116,-64]],[[116,-88],[116,-92]],[[116,-196],[116,-206]],[[102,-40],[102,-43]],[[102,-47],[102,-48]],[[102,-76],[102,-78]],[[102,-86],[102,-87]],[[102,-101],[102,-103]],[[102,-109],[102,-110]],[[102,-158],[102,-159]],[[102,-164],[102,-166]],[[102,-193],[102,-195]],[[92,-24],[92,-25]],[[92,-44],[92,-45]],[[92,-72],[92,-73]],[[92,-81],[92,-83]],[[92,-85],[92,-86]],[[92,-94],[92,-97]],[[92,-113],[92,-114]],[[92,-186],[92,-187]],[[32,-11],[32,-12]],[[32,-13],[32,-14]],[[32,-20],[32,-21]],[[32,-67],[32,-68]],[[32,-73],[32,-74]],[[32,-77],[32,-78]],[[32,-79],[32,-80]],[[32,-104],[32,-106]],[[32,-159],[32,-162]],[[32,-169],[32,-170]],[[32,-173],[32,-174]],[[32,-224],[32,-225]],[[134,-26],[134,-28]],[[134,-38],[134,-39]],[[134,-64],[134,-65]],[[134,-90],[134,-93]],[[134,-166],[134,-167]],[[134,-176],[134,-177]],[[134,-225],[134,-226]],[[134,-231],[134,-232]],[[235,-138],[235,-139]],[[198,-84],[198,-85]],[[198,-107],[198,-109]],[[198,-112],[198,-113]],[[198,-119],[198,-120]],[[198,-122],[198,-126]],[[198,-138],[198,-139]],[[198,-153],[198,-154]],[[198,-244],[198,-245]],[[239,-108],[239,-109]],[[239,-126],[239,-128]],[[239,-136],[239,-139]],[[170,-99],[170,-101]],[[170,-119],[170,-120]],[[170,-125],[170,-128]],[[170,-129],[170,-131]],[[170,-189],[170,-190]],[[170,-228],[170,-229]],[[170,-241],[170,-242]],[[52,-29],[52,-31]],[[52,-37],[52,-38]],[[52,-71],[52,-72]],[[52,-79],[52,-80]],[[52,-105],[52,-106]],[[52,-125],[52,-126]],[[52,-208],[52,-209]],[[163,-18],[163,-19]],[[163,-85],[163,-86]],[[163,-173],[163,-178]],[[163,-212],[163,-213]],[[163,-247],[163,-249]],[[246,-97],[246,-98]],[[246,-130],[246,-131]],[[246,-132],[246,-133]],[[246,-138],[246,-139]],[[246,-141],[246,-142]],[[246,-143],[246,-146]],[[246,-147],[246,-148]],[[246,-169],[246,-170]],[[246,-197],[246,-199]],[[43,-5],[43,-7]],[[43,-43],[43,-44]],[[43,-69],[43,-70]],[[43,-133],[43,-134]],[[43,-158],[43,-159]],[[43,-225],[43,-226]],[[43,-248],[43,-249]],[[209,-112],[209,-113]],[[209,-127],[209,-128]],[[209,-147],[209,-148]],[[209,-181],[209,-182]],[[209,-249],[209,-250]],[[58,-41],[58,-42]],[[58,-55],[58,-56]],[[58,-69],[58,-70]],[[58,-84],[58,-85]],[[58,-185],[58,-186]],[[58,-240],[58,-241]],[[94,-26],[94,-27]],[[94,-28],[94,-34]],[[94,-41],[94,-43]],[[94,-68],[94,-69]],[[94,-74],[94,-76]],[[94,-79],[94,-80]],[[94,-86],[94,-89]],[[94,-115],[94,-116]],[[94,-188],[94,-191]],[[94,-195],[94,-196]],[[94,-218],[94,-219]],[[253,-108],[253,-109]],[[253,-110],[253,-111]],[[253,-116],[253,-118]],[[253,-126],[253,-128]],[[253,-151],[253,-152]],[[253,-157],[253,-158]],[[253,-182],[253,-183]],[[177,-22],[177,-23]],[[177,-118],[177,-119]],[[177,-137],[177,-138]],[[177,-197],[177,-199]],[[177,-224],[177,-225]],[[177,-234],[177,-235]],[[252,-109],[252,-110]],[[252,-118],[252,-119]],[[252,-150],[252,-151]],[[252,-183],[252,-185]],[[19,-74],[19,-78]],[[19,-117],[19,-118]],[[19,-125],[19,-126]],[[19,-133],[19,-138]],[[19,-144],[19,-146]],[[19,-165],[19,-166]],[[19,-176],[19,-179]],[[19,-189],[19,-190]],[[96,-35],[96,-38]],[[96,-77],[96,-78]],[[96,-105],[96,-108]],[[96,-117],[96,-120]],[[96,-207],[96,-208]],[[11,-19],[11,-20]],[[11,-21],[11,-22]],[[11,-40],[11,-44]],[[11,-45],[11,-46]],[[11,-47],[11,-49]],[[11,-173],[11,-177]],[[17,-22],[17,-24]],[[17,-107],[17,-109]],[[17,-125],[17,-126]],[[17,-128],[17,-129]],[[17,-133],[17,-135]],[[17,-143],[17,-146]],[[17,-166],[17,-167]],[[17,-186],[17,-189]],[[17,-220],[17,-221]],[[86,-15],[86,-16]],[[86,-47],[86,-49]],[[86,-227],[86,-228]],[[124,-5],[124,-7]],[[124,-51],[124,-52]],[[124,-58],[124,-59]],[[124,-110],[124,-111]],[[124,-194],[124,-195]],[[124,-224],[124,-225]],[[124,-240],[124,-241]],[[57,0],[57,-1]],[[57,-32],[57,-33]],[[57,-40],[57,-41]],[[57,-56],[57,-57]],[[57,-70],[57,-72]],[[57,-162],[57,-163]],[[57,-186],[57,-187]],[[57,-191],[57,-192]],[[29,-79],[29,-80]],[[29,-105],[29,-106]],[[29,-172],[29,-173]],[[29,-223],[29,-224]],[[238,-109],[238,-110]],[[238,-125],[238,-126]],[[238,-138],[238,-139]],[[238,-198],[238,-199]],[[111,-4],[111,-5]],[[111,-28],[111,-29]],[[111,-53],[111,-54]],[[111,-184],[111,-185]],[[111,-188],[111,-189]],[[111,-229],[111,-231]],[[111,-235],[111,-242]],[[97,-65],[97,-70]],[[97,-77],[97,-78]],[[97,-104],[97,-105]],[[97,-118],[97,-119]],[[97,-208],[97,-209]],[[80,-16],[80,-17]],[[80,-120],[80,-122]],[[80,-150],[80,-151]],[[93,-25],[93,-26]],[[93,-43],[93,-44]],[[93,-73],[93,-74]],[[93,-80],[93,-81]],[[93,-89],[93,-94]],[[93,-114],[93,-115]],[[93,-144],[93,-145]],[[93,-187],[93,-188]],[[93,-191],[93,-195]],[[33,-21],[33,-22]],[[33,-31],[33,-32]],[[33,-76],[33,-77]],[[33,-78],[33,-79]],[[33,-97],[33,-98]],[[33,-160],[33,-161]],[[33,-170],[33,-171]],[[236,-110],[236,-111]],[[236,-125],[236,-127]],[[157,-5],[157,-7]],[[157,-14],[157,-15]],[[157,-17],[157,-18]],[[157,-101],[157,-103]],[[157,-113],[157,-114]],[[157,-172],[157,-173]],[[157,-208],[157,-209]],[[62,-31],[62,-33]],[[62,-44],[62,-45]],[[62,-73],[62,-74]],[[62,-82],[62,-83]],[[62,-182],[62,-183]],[[62,-208],[62,-209]],[[62,-238],[62,-239]],[[237,-123],[237,-124]],[[237,-127],[237,-128]],[[237,-171],[237,-172]],[[237,-199],[237,-200]],[[189,-99],[189,-100]],[[189,-125],[189,-126]],[[189,-192],[189,-193]],[[189,-201],[189,-202]],[[71,0],[71,-1]],[[71,-22],[71,-23]],[[71,-71],[71,-72]],[[71,-85],[71,-86]],[[71,-104],[71,-106]],[[71,-114],[71,-115]],[[130,-12],[130,-13]],[[130,-40],[130,-41]],[[130,-63],[130,-64]],[[130,-86],[130,-87]],[[130,-90],[130,-91]],[[130,-223],[130,-224]],[[54,-38],[54,-39]],[[54,-106],[54,-107]],[[54,-126],[54,-127]],[[54,-189],[54,-190]],[[54,-244],[54,-245]],[[245,-98],[245,-99]],[[245,-129],[245,-130]],[[245,-139],[245,-141]],[[245,-146],[245,-147]],[[245,-148],[245,-149]],[[245,-170],[245,-171]],[[245,-193],[245,-194]],[[7,-37],[7,-38]],[[7,-181],[7,-182]],[[7,-198],[7,-199]],[[7,-204],[7,-205]],[[78,-6],[78,-7]],[[78,-18],[78,-19]],[[78,-186],[78,-187]],[[78,-207],[78,-208]],[[53,-72],[53,-73]],[[53,-78],[53,-79]],[[53,-163],[53,-164]],[[53,-190],[53,-191]],[[53,-209],[53,-215]],[[53,-243],[53,-245]],[[188,-71],[188,-72]],[[188,-100],[188,-101]],[[188,-193],[188,-194]],[[188,-202],[188,-204]],[[219,-77],[219,-78]],[[219,-87],[219,-88]],[[219,-99],[219,-101]],[[219,-102],[219,-103]],[[219,-112],[219,-113]],[[219,-174],[219,-175]],[[219,-198],[219,-199]],[[208,-39],[208,-42]],[[208,-148],[208,-149]],[[208,-182],[208,-183]],[[175,-19],[175,-20]],[[175,-137],[175,-138]],[[175,-195],[175,-196]],[[175,-225],[175,-226]],[[175,-236],[175,-237]],[[1,-184],[1,-185]],[[1,-194],[1,-195]],[[9,-33],[9,-34]],[[9,-35],[9,-36]],[[9,-40],[9,-42]],[[9,-208],[9,-209]],[[59,-33],[59,-34]],[[59,-85],[59,-86]],[[59,-107],[59,-108]],[[59,-126],[59,-127]],[[59,-161],[59,-162]],[[59,-239],[59,-240]],[[213,-88],[213,-90]],[[213,-114],[213,-115]],[[213,-177],[213,-178]],[[213,-197],[213,-198]],[[167,-76],[167,-78]],[[167,-230],[167,-232]],[[167,-244],[167,-245]],[[181,-154],[181,-155]],[[181,-203],[181,-204]],[[181,-216],[181,-217]],[[181,-218],[181,-219]],[[181,-230],[181,-231]],[[155,-2],[155,-4]],[[155,-36],[155,-40]],[[155,-82],[155,-83]],[[155,-104],[155,-105]],[[155,-111],[155,-112]],[[155,-177],[155,-178]],[[155,-199],[155,-205]],[[6,-197],[6,-198]],[[179,-23],[179,-24]],[[179,-103],[179,-104]],[[179,-135],[179,-136]],[[179,-200],[179,-202]],[[179,-222],[179,-223]],[[179,-231],[179,-233]],[[79,-7],[79,-9]],[[79,-17],[79,-18]],[[79,-74],[79,-75]],[[79,-185],[79,-186]],[[222,-93],[222,-94]],[[222,-113],[222,-114]],[[222,-126],[222,-127]],[[4,-182],[4,-183]],[[4,-196],[4,-197]],[[174,-136],[174,-137]],[[174,-194],[174,-195]],[[174,-237],[174,-238]],[[28,-31],[28,-32]],[[28,-68],[28,-69]],[[28,-76],[28,-77]],[[28,-156],[28,-157]]]}},{"type":"Feature","properties":{"kind":"label","colour":"190,100,80","biome":"Leviathan Coast","ironMultiplier":1.0,"copperMultiplier":0.550000011920929,"stoneMultiplier":1.0,"waterMultiplier":0.6000000238418579,"fertilityMultiplier":0.75,"aridValue":0.5,"greenValue":1.0,"swampValue":0.0,"windMin":0.0,"windMax":70.0,"specialWeather":["酸性雨"],"acidicGround":0.0,"acidicWater":0.0},"geometry":{"type":"Point","coordinates":[58.5,-14.5]}},{"type":"Feature","properties":{"kind":"label","colour":"101,133,255","biome":"Darkfinger","ironMultiplier":1.5,"copperMultiplier":1.0,"stoneMultiplier":1.2000000476837158,"waterMultiplier":1.0,"fertilityMultiplier":1.0,"aridValue":1.0,"greenValue":0.5,"swampValue":0.0,"windMin":0.0,"windMax":70.0,"specialWeather":["酸性雨"],"acidicGround":0.0,"acidicWater":0.0},"geometry":{"type":"Point","coordinates":[120.5,-18.5]}},{"type":"Feature","properties":{"kind":"label","colour":"255,32,128","biome":"Sinkuun","ironMultiplier":1.0,"copperMultiplier":0.6000000238418579,"stoneMultiplier":1.0,"waterMultiplier":0.5,"fertilityMultiplier":0.6000000238418579,"aridValue":1.0,"greenValue":0.10000000149011612,"swampValue":0.0,"windMin":0.0,"windMax":70.0,"specialWeather":[],"acidicGround":0.0,"acidicWater":0.0},"geometry":{"type":"Point","coordinates":[146.5,-22.5]}},{"type":"Feature","properties":{"kind":"label","colour":"200,100,0","biome":"The Great Desert","ironMultiplier":1.0,"copperMultiplier":0.699999988079071,"stoneMultiplier":1.100000023841858,"waterMultiplier":0.20000000298023224,"fertilityMultiplier":0.75,"aridValue":1.0,"greenValue":0.0,"swampValue":0.0,"windMin":0.0,"windMax":70.0,"specialWeather":["砂嵐"],"acidicGround":0.0,"acidicWater":0.0},"geometry":{"type":"Point","coordinates":[174.5,-50.5]}},{"type":"Feature","properties":{"kind":"label","colour":"195,195,195","biome":"Cannibal Plains","ironMultiplier":1.0,"copperMultiplier":0.550000011920929,"stoneMultiplier":1.0,"waterMultiplier":0.6000000238418579,"fertilityMultiplier":0.75,"aridValue":0.5,"greenValue":1.0,"swampValue":0.0,"windMin":0.0,"windMax":70.0,"specialWeather":["酸性雨"],"acidicGround":0.0,"acidicWater":0.0},"geometry":{"type":"Point","coordinates":[79.5,-33.5]}},{"type":"Feature","properties":{"kind":"label","colour":"50,50,100","biome":"The Iron Trail","ironMultiplier":1.0,"copperMultiplier":0.550000011920929,"stoneMultiplier":1.0,"waterMultiplier":0.6000000238418579,"fertilityMultiplier":0.75,"aridValue":0.5,"greenValue":1.0,"swampValue":0.0,"windMin":0.0,"windMax":70.0,"specialWeather":["酸性雨"],"acidicGround":0.0,"acidicWater":0.0},"geometry":{"type":"Point","coordinates":[42.5,-29.5]}},{"type":"Feature","properties":{"kind":"label","colour":"128,0,255","biome":"Northern Coast","ironMultiplier":1.0,"copperMultiplier":0.550000011920929,"stoneMultiplier":1.0,"waterMultiplier":0.6000000238418579,"fertilityMultiplier":0.75,"aridValue":0.5,"greenValue":1.0,"swampValue":0.0,"windMin":0.0,"windMax":70.0,"specialWeather":["酸性雨"],"acidicGround":0.0,"acidicWater":0.0},"geometry":{"type":"Point","coordinates":[111.5,-39.5]}},{"type":"Feature","properties":{"kind":"label","colour":"85,100,30","biome":"Purple Sands","ironMultiplier":0.10000000149011612,"copperMultiplier":0.10000000149011612,"stoneMultiplier":0.0,"waterMultiplier":0.0,"fertilityMultiplier":0.0,"aridValue":1.0,"greenValue":0.0,"swampValue":0.0,"windMin":30.0,"windMax":80.0,"specialWeather":["砂嵐"],"acidicGround":0.0,"acidicWater":0.0},"geometry":{"type":"Point","coordinates":[54.5,-48.5]}},{"type":"Feature","properties":{"kind":"label","colour":"125,100,125","biome":"Hidden Forest","ironMultiplier":1.0,"copperMultiplier":0.20000000298023224,"stoneMultiplier":1.0,"waterMultiplier":1.5,"fertilityMultiplier":1.0,"aridValue":0.0,"greenValue":1.0,"swampValue":0.0,"windMin":0.0,"windMax":30.0,"specialWeather":[],"acidicGround":0.0,"acidicWater":0.0},"geometry":{"type":"Point","coordinates":[95.5,-53.5]}},{"type":"Feature","properties":{"kind":"label","colour":"0,30,140","biome":"Bast","ironMultiplier":1.0,"copperMultiplier":0.800000011920929,"stoneMultiplier":1.0,"waterMultiplier":0.5,"fertilityMultiplier":1.0,"aridValue":1.0,"greenValue":0.10000000149011612,"swampValue":0.0,"windMin":0.0,"windMax":70.0,"specialWeather":["砂嵐"],"acidicGround":0.0,"acidicWater":0.0},"geometry":{"type":"Point","coordinates":[137.5,-49.5]}},{"type":"Feature","properties":{"kind":"label","colour":"0,152,255","biome":"Berserker Country","ironMultiplier":0,"copperMultiplier":0,"stoneMultiplier":0,"waterMultiplier":0,"fertilityMultiplier":0,"aridValue":0,"greenValue":0,"swampValue":0,"windMin":0,"windMax":0,"specialWeather":[],"acidicGround":0.0,"acidicWater":0.0},"geometry":{"type":"Point","coordinates":[41.5,-53.5]}},{"type":"Feature","properties":{"kind":"label","colour":"90,180,255","biome":"Floodlands","ironMultiplier":1.0,"copperMultiplier":1.0,"stoneMultiplier":0.699999988079071,"waterMultiplier":0.0,"fertilityMultiplier":0.0,"aridValue":0.0,"greenValue":0.0,"swampValue":0.0,"windMin":0.0,"windMax":30.0,"specialWeather":[],"acidicGround":0.0,"acidicWater":0.0},"geometry":{"type":"Point","coordinates":[77.5,-59.5]}},{"type":"Feature","properties":{"kind":"label","colour":"0,210,140","biome":"Arm of Okran","ironMultiplier":1.0,"copperMultiplier":0.20000000298023224,"stoneMultiplier":1.0,"waterMultiplier":1.5,"fertilityMultiplier":1.0,"aridValue":0.0,"greenValue":1.0,"swampValue":0.0,"windMin":0,"windMax":0,"specialWeather":[],"acidicGround":0.0,"acidicWater":0.0},"geometry":{"type":"Point","coordinates":[104.5,-57.5]}},{"type":"Feature","properties":{"kind":"label","colour":"230,250,190","biome":"Okran's Valley","ironMultiplier":1.0,"copperMultiplier":0.699999988079071,"stoneMultiplier":1.100000023841858,"waterMultiplier":0.20000000298023224,"fertilityMultiplier":0.75,"aridValue":1.0,"greenValue":0.0,"swampValue":0.0,"windMin":0.0,"windMax":70.0,"specialWeather":[],"acidicGround":0.0,"acidicWater":0.0},"geometry":{"type":"Point","coordinates":[112.5,-64.5]}},{"type":"Feature","properties":{"kind":"label","colour":"130,160,100","biome":"The Shrieking Forest","ironMultiplier":1.0,"copperMultiplier":0.20000000298023224,"stoneMultiplier":1.0,"waterMultiplier":1.5,"fertilityMultiplier":1.0,"aridValue":0.0,"greenValue":1.0,"swampValue":0.0,"windMin":0.0,"windMax":100.0,"specialWeather":["砂嵐"],"acidicGround":0.0,"acidicWater":0.0},"geometry":{"type":"Point","coordinates":[56.5,-63.5]}},{"type":"Feature","properties":{"kind":"label","colour":"0,100,50","biome":"Skimsands","ironMultiplier":1.0,"copperMultiplier":0.699999988079071,"stoneMultiplier":1.100000023841858,"waterMultiplier":0.20000000298023224,"fertilityMultiplier":0.75,"aridValue":1.0,"greenValue":0.0,"swampValue":0.0,"windMin":0.0,"windMax":70.0,"specialWeather":["砂嵐"],"acidicGround":0.0,"acidicWater":0.0},"geometry":{"type":"Point","coordinates":[138.5,-83.5]}},{"type":"Feature","properties":{"kind":"label","colour":"100,50,100","biome":"Dreg","ironMultiplier":0.5,"copperMultiplier":0.10000000149011612,"stoneMultiplier":0.699999988079071,"waterMultiplier":0.4000000059604645,"fertilityMultiplier":0.0,"aridValue":0.0,"greenValue":0.0,"swampValue":0.0,"windMin":0.0,"windMax":70.0,"specialWeather":["酸性雨"],"acidicGround":0.0,"acidicWater":0.0},"geometry":{"type":"Point","coordinates":[44.5,-96.5]}},{"type":"Feature","properties":{"kind":"label","colour":"130,20,0","biome":"Spine Canyon","ironMultiplier":1.0,"copperMultiplier":0.6000000238418579,"stoneMultiplier":1.0,"waterMultiplier":0.5,"fertilityMultiplier":0.6000000238418579,"aridValue":1.0,"greenValue":0.10000000149011612,"swampValue":0.0,"windMin":0.0,"windMax":70.0,"specialWeather":["砂嵐"],"acidicGround":0.0,"acidicWater":0.0},"geometry":{"type":"Point","coordinates":[143.5,-76.5]}},{"type":"Feature","properties":{"kind":"label","colour":"255,80,45","biome":"Heng","ironMultiplier":1.0,"copperMultiplier":0.699999988079071,"stoneMultiplier":1.100000023841858,"waterMultiplier":0.20000000298023224,"fertilityMultiplier":0.75,"aridValue":1.0,"greenValue":0.0,"swampValue":0.0,"windMin":0.0,"windMax":70.0,"specialWeather":["砂嵐"],"acidicGround":0.0,"acidicWater":0.0},"geometry":{"type":"Point","coordinates":[182.5,-84.5]}},{"type":"Feature","properties":{"kind":"label","colour":"100,200,100","biome":"Raptor Island","ironMultiplier":1.0,"copperMultiplier":0.800000011920929,"stoneMultiplier":1.0,"waterMultiplier":0.5,"fertilityMultiplier":1.0,"aridValue":1.0,"greenValue":0.10000000149011612,"swampValue":0.0,"windMin":0.0,"windMax":70.0,"specialWeather":["酸性雨"],"acidicGround":0.0,"acidicWater":0.0},"geometry":{"type":"Point","coordinates":[27.5,-72.5]}},{"type":"Feature","properties":{"kind":"label","colour":"155,20,0","biome":"Wend","ironMultiplier":0,"copperMultiplier":0,"stoneMultiplier":0,"waterMultiplier":0,"fertilityMultiplier":0,"aridValue":0,"greenValue":0,"swampValue":0,"windMin":0.0,"windMax":30.0,"specialWeather":[],"acidicGround":0.0,"acidicWater":0.0},"geometry":{"type":"Point","coordinates":[97.5,-76.5]}},{"type":"Feature","properties":{"kind":"label","colour":"70,210,140","biome":"Rebirth","ironMultiplier":0,"copperMultiplier":0,"stoneMultiplier":0,"waterMultiplier":0,"fertilityMultiplier":0,"aridValue":0,"greenValue":0,"swampValue":0,"windMin":0,"windMax":0,"specialWeather":[],"acidicGround":0.0,"acidicWater":0.0},"geometry":{"type":"Point","coordinates":[87.5,-77.5]}},{"type":"Feature","properties":{"kind":"label","colour":"190,140,190","biome":"Obedience","ironMultiplier":1.0,"copperMultiplier":1.0,"stoneMultiplier":0.699999988079071,"waterMultiplier":0.0,"fertilityMultiplier":0.0,"aridValue":0.0,"greenValue":0.0,"swampValue":0.0,"windMin":0,"windMax":0,"specialWeather":[],"acidicGround":0.0,"acidicWater":0.0},"geometry":{"type":"Point","coordinates":[64.5,-78.5]}},{"type":"Feature","properties":{"kind":"label","colour":"255,100,0","biome":"Okran's Gulf","ironMultiplier":1.0,"copperMultiplier":0.800000011920929,"stoneMultiplier":1.0,"waterMultiplier":0.5,"fertilityMultiplier":1.0,"aridValue":1.0,"greenValue":0.10000000149011612,"swampValue":0.0,"windMin":0.0,"windMax":70.0,"specialWeather":[],"acidicGround":0.0,"acidicWater":0.0},"geometry":{"type":"Point","coordinates":[80.5,-99.5]}},{"type":"Feature","properties":{"kind":"label","colour":"120,100,85","biome":"Okran's Pride","ironMultiplier":1.0,"copperMultiplier":0.20000000298023224,"stoneMultiplier":1.0,"waterMultiplier":1.5,"fertilityMultiplier":1.0,"aridValue":0.0,"greenValue":1.0,"swampValue":0.0,"windMin":0.0,"windMax":30.0,"specialWeather":[],"acidicGround":0.0,"acidicWater":0.0},"geometry":{"type":"Point","coordinates":[97.5,-98.5]}},{"type":"Feature","properties":{"kind":"label","colour":"60,120,120","biome":"Howler Maze","ironMultiplier":1.0,"copperMultiplier":0.550000011920929,"stoneMultiplier":1.0,"waterMultiplier":0.6000000238418579,"fertilityMultiplier":0.75,"aridValue":0.5,"greenValue":1.0,"swampValue":0.0,"windMin":0.0,"windMax":30.0,"specialWeather":["酸性雨"],"acidicGround":0.0,"acidicWater":0.0},"geometry":{"type":"Point","coordinates":[205.5,-96.5]}},{"type":"Feature","properties":{"kind":"label","colour":"0,255,0","biome":"Fog Islands","ironMultiplier":1.0,"copperMultiplier":1.0,"stoneMultiplier":1.100000023841858,"waterMultiplier":1.0,"fertilityMultiplier":1.0,"aridValue":0.75,"greenValue":0.699999988079071,"swampValue":0.0,"windMin":0.0,"windMax":30.0,"specialWeather":[],"acidicGround":0.0,"acidicWater":0.0},"geometry":{"type":"Point","coordinates":[59.5,-95.5]}},{"type":"Feature","properties":{"kind":"label","colour":"25,0,121","biome":"Skinner's Roam","ironMultiplier":1.0,"copperMultiplier":0.6000000238418579,"stoneMultiplier":1.0,"waterMultiplier":0.5,"fertilityMultiplier":0.6000000238418579,"aridValue":1.0,"greenValue":0.10000000149011612,"swampValue":0.0,"windMin":5.0,"windMax":100.0,"specialWeather":["砂嵐"],"acidicGround":0.0,"acidicWater":0.0},"geometry":{"type":"Point","coordinates":[114.5,-115.5]}},{"type":"Feature","properties":{"kind":"label","colour":"170,180,140","biome":"Iron Valleys","ironMultiplier":1.0,"copperMultiplier":1.0,"stoneMultiplier":0.699999988079071,"waterMultiplier":0.0,"fertilityMultiplier":0.0,"aridValue":0.0,"greenValue":0.0,"swampValue":0.0,"windMin":0.0,"windMax":0.0,"specialWeather":["酸性雨"],"acidicGround":0.5,"acidicWater":1.0},"geometry":{"type":"Point","coordinates":[127.5,-97.5]}},{"type":"Feature","properties":{"kind":"label","colour":"110,90,70","biome":"Forbidden Isle","ironMultiplier":1.0,"copperMultiplier":0.550000011920929,"stoneMultiplier":1.0,"waterMultiplier":0.6000000238418579,"fertilityMultiplier":0.75,"aridValue":0.5,"greenValue":1.0,"swampValue":0.0,"windMin":0.0,"windMax":30.0,"specialWeather":["酸性雨"],"acidicGround":0.0,"acidicWater":0.0},"geometry":{"type":"Point","coordinates":[244.5,-110.5]}},{"type":"Feature","properties":{"kind":"label","colour":"4,147,133","biome":"The Black Desert","ironMultiplier":2.0,"copperMultiplier":2.0,"stoneMultiplier":1.5,"waterMultiplier":0.0,"fertilityMultiplier":0.0,"aridValue":0.0,"greenValue":0.0,"swampValue":0.0,"windMin":15.0,"windMax":40.0,"specialWeather":["毒ガス"],"acidicGround":0.4000000059604645,"acidicWater":0.33000001311302185},"geometry":{"type":"Point","coordinates":[145.5,-103.5]}},{"type":"Feature","properties":{"kind":"label","colour":"150,200,50","biome":"The Eye","ironMultiplier":1.0,"copperMultiplier":0.699999988079071,"stoneMultiplier":1.100000023841858,"waterMultiplier":0.20000000298023224,"fertilityMultiplier":0.75,"aridValue":1.0,"greenValue":0.0,"swampValue":0.0,"windMin":0.0,"windMax":60.0,"specialWeather":[],"acidicGround":0.0,"acidicWater":0.0},"geometry":{"type":"Point","coordinates":[163.5,-110.5]}},{"type":"Feature","properties":{"kind":"label","colour":"29,200,182","biome":"Gut","ironMultiplier":1.0,"copperMultiplier":0.550000011920929,"stoneMultiplier":1.0,"waterMultiplier":0.6000000238418579,"fertilityMultiplier":0.75,"aridValue":0.5,"greenValue":1.0,"swampValue":0.0,"windMin":0.0,"windMax":40.0,"specialWeather":[],"acidicGround":0.0,"acidicWater":0.0},"geometry":{"type":"Point","coordinates":[185.5,-111.5]}},{"type":"Feature","properties":{"kind":"label","colour":"100,100,255","biome":"Deadlands","ironMultiplier":1.0,"copperMultiplier":1.0,"stoneMultiplier":0.699999988079071,"waterMultiplier":0.0,"fertilityMultiplier":0.0,"aridValue":0.0,"greenValue":0.0,"swampValue":0.0,"windMin":0.0,"windMax":0.0,"specialWeather":["酸性雨"],"acidicGround":1.0,"acidicWater":1.0},"geometry":{"type":"Point","coordinates":[134.5,-118.5]}},{"type":"Feature","properties":{"kind":"label","colour":"0,255,255","biome":"Vain","ironMultiplier":1.0,"copperMultiplier":1.0,"stoneMultiplier":0.800000011920929,"waterMultiplier":1.0,"fertilityMultiplier":0.75,"aridValue":0.5,"greenValue":0.5,"swampValue":0.20000000298023224,"windMin":0.0,"windMax":33.0,"specialWeather":[],"acidicGround":0.0,"acidicWater":0.5},"geometry":{"type":"Point","coordinates":[40.5,-130.5]}},{"type":"Feature","properties":{"kind":"label","colour":"99,9,199","biome":"Grey Desert","ironMultiplier":1.0,"copperMultiplier":1.0,"stoneMultiplier":1.0,"waterMultiplier":0.20000000298023224,"fertilityMultiplier":0.75,"aridValue":0.5,"greenValue":0.0,"swampValue":0.0,"windMin":0.0,"windMax":60.0,"specialWeather":[],"acidicGround":0.0,"acidicWater":0.0},"geometry":{"type":"Point","coordinates":[151.5,-119.5]}},{"type":"Feature","properties":{"kind":"label","colour":"90,80,20","biome":"Stormgap Coast","ironMultiplier":1.0,"copperMultiplier":0.550000011920929,"stoneMultiplier":1.0,"waterMultiplier":0.6000000238418579,"fertilityMultiplier":0.75,"aridValue":0.5,"greenValue":1.0,"swampValue":0.0,"windMin":0.0,"windMax":70.0,"specialWeather":["酸性雨"],"acidicGround":0.0,"acidicWater":0.0},"geometry":{"type":"Point","coordinates":[198.5,-123.5]}},{"type":"Feature","properties":{"kind":"label","colour":"255,0,0","biome":"Border Zone","ironMultiplier":1.0,"copperMultiplier":0.800000011920929,"stoneMultiplier":1.0,"waterMultiplier":0.5,"fertilityMultiplier":1.0,"aridValue":1.0,"greenValue":0.10000000149011612,"swampValue":0.0,"windMin":0.0,"windMax":70.0,"specialWeather":["砂嵐"],"acidicGround":0.0,"acidicWater":0.0},"geometry":{"type":"Point","coordinates":[88.5,-133.5]}},{"type":"Feature","properties":{"kind":"label","colour":"50,50,50","biome":"The Outlands","ironMultiplier":1.0,"copperMultiplier":0.6000000238418579,"stoneMultiplier":1.0,"waterMultiplier":0.5,"fertilityMultiplier":0.6000000238418579,"aridValue":1.0,"greenValue":0.10000000149011612,"swampValue":0.0,"windMin":20.0,"windMax":60.0,"specialWeather":[],"acidicGround":0.0,"acidicWater":0.0},"geometry":{"type":"Point","coordinates":[208.5,-134.5]}},{"type":"Feature","properties":{"kind":"label","colour":"100,50,0","biome":"Venge","ironMultiplier":1.0,"copperMultiplier":0.800000011920929,"stoneMultiplier":1.0,"waterMultiplier":0.6000000238418579,"fertilityMultiplier":1.0,"aridValue":1.0,"greenValue":0.10000000149011612,"swampValue":0.0,"windMin":0.0,"windMax":70.0,"specialWeather":["光線"],"acidicGround":0.0,"acidicWater":0.0},"geometry":{"type":"Point","coordinates":[158.5,-143.5]}},{"type":"Feature","properties":{"kind":"label","colour":"200,50,200","biome":"Greenbeach","ironMultiplier":1.0,"copperMultiplier":0.550000011920929,"stoneMultiplier":1.0,"waterMultiplier":0.6000000238418579,"fertilityMultiplier":0.75,"aridValue":0.5,"greenValue":1.0,"swampValue":0.0,"windMin":0.0,"windMax":70.0,"specialWeather":["酸性雨"],"acidicGround":0.0,"acidicWater":0.0},"geometry":{"type":"Point","coordinates":[239.5,-154.5]}},{"type":"Feature","properties":{"kind":"label","colour":"32,64,128","biome":"Stenn Desert","ironMultiplier":1.0,"copperMultiplier":0.699999988079071,"stoneMultiplier":1.100000023841858,"waterMultiplier":0.20000000298023224,"fertilityMultiplier":0.75,"aridValue":1.0,"greenValue":0.0,"swampValue":0.0,"windMin":0.0,"windMax":100.0,"specialWeather":["砂嵐"],"acidicGround":0.0,"acidicWater":0.0},"geometry":{"type":"Point","coordinates":[53.5,-148.5]}},{"type":"Feature","properties":{"kind":"label","colour":"125,100,80","biome":"Shem","ironMultiplier":1.0,"copperMultiplier":0.800000011920929,"stoneMultiplier":1.0,"waterMultiplier":0.6000000238418579,"fertilityMultiplier":1.0,"aridValue":1.0,"greenValue":0.10000000149011612,"swampValue":0.0,"windMin":0.0,"windMax":70.0,"specialWeather":[],"acidicGround":0.0,"acidicWater":0.0},"geometry":{"type":"Point","coordinates":[123.5,-146.5]}},{"type":"Feature","properties":{"kind":"label","colour":"150,100,200","biome":"The Unwanted Zone","ironMultiplier":0.5,"copperMultiplier":0.6000000238418579,"stoneMultiplier":0.5,"waterMultiplier":0.5,"fertilityMultiplier":0.5,"aridValue":0.0,"greenValue":1.0,"swampValue":0.0,"windMin":0.0,"windMax":30.0,"specialWeather":["酸性雨"],"acidicGround":0.0,"acidicWater":0.5},"geometry":{"type":"Point","coordinates":[193.5,-145.5]}},{"type":"Feature","properties":{"kind":"label","colour":"230,250,170","biome":"Stobe's Garden","ironMultiplier":1.100000023841858,"copperMultiplier":1.0,"stoneMultiplier":1.5,"waterMultiplier":0.6000000238418579,"fertilityMultiplier":0.8999999761581421,"aridValue":1.0,"greenValue":0.0,"swampValue":0.0,"windMin":0.0,"windMax":70.0,"specialWeather":[],"acidicGround":0.0,"acidicWater":0.0},"geometry":{"type":"Point","coordinates":[215.5,-158.5]}},{"type":"Feature","properties":{"kind":"label","colour":"255,128,128","biome":"The Swamp","ironMultiplier":1.0,"copperMultiplier":1.0,"stoneMultiplier":0.5,"waterMultiplier":2.0,"fertilityMultiplier":1.0,"aridValue":0.0,"greenValue":0.0,"swampValue":1.0,"windMin":0.0,"windMax":0.0,"specialWeather":[],"acidicGround":0.0,"acidicWater":0.0},"geometry":{"type":"Point","coordinates":[89.5,-168.5]}},{"type":"Feature","properties":{"kind":"label","colour":"50,100,100","biome":"Stobe's Gamble","ironMultiplier":1.0,"copperMultiplier":1.0,"stoneMultiplier":0.699999988079071,"waterMultiplier":0.6000000238418579,"fertilityMultiplier":0.0,"aridValue":0.0,"greenValue":0.0,"swampValue":0.0,"windMin":0.0,"windMax":70.0,"specialWeather":["火山灰"],"acidicGround":0.0,"acidicWater":1.0},"geometry":{"type":"Point","coordinates":[177.5,-173.5]}},{"type":"Feature","properties":{"kind":"label","colour":"90,156,0","biome":"Spider Plains","ironMultiplier":1.0,"copperMultiplier":0.6000000238418579,"stoneMultiplier":1.0,"waterMultiplier":0.5,"fertilityMultiplier":0.6000000238418579,"aridValue":1.0,"greenValue":0.10000000149011612,"swampValue":0.0,"windMin":0.0,"windMax":80.0,"specialWeather":["砂嵐"],"acidicGround":0.0,"acidicWater":0.0},"geometry":{"type":"Point","coordinates":[50.5,-171.5]}},{"type":"Feature","properties":{"kind":"label","colour":"10,160,100","biome":"Burning Forest","ironMultiplier":1.0,"copperMultiplier":1.0,"stoneMultiplier":0.5,"waterMultiplier":2.0,"fertilityMultiplier":1.0,"aridValue":0.0,"greenValue":0.0,"swampValue":1.0,"windMin":0.0,"windMax":100.0,"specialWeather":["酸性雨","砂嵐"],"acidicGround":0.0,"acidicWater":0.0},"geometry":{"type":"Point","coordinates":[112.5,-170.5]}},{"type":"Feature","properties":{"kind":"label","colour":"125,100,0","biome":"Flats Lagoon","ironMultiplier":0.5,"copperMultiplier":0.6000000238418579,"stoneMultiplier":0.5,"waterMultiplier":0.5,"fertilityMultiplier":0.5,"aridValue":0.5,"greenValue":0.0,"swampValue":0.0,"windMin":20.0,"windMax":60.0,"specialWeather":[],"acidicGround":0.0,"acidicWater":0.0},"geometry":{"type":"Point","coordinates":[145.5,-171.5]}},{"type":"Feature","properties":{"kind":"label","colour":"255,160,0","biome":"Bonefields","ironMultiplier":1.100000023841858,"copperMultiplier":1.0,"stoneMultiplier":1.5,"waterMultiplier":0.6000000238418579,"fertilityMultiplier":0.8999999761581421,"aridValue":1.0,"greenValue":0.0,"swampValue":0.0,"windMin":0.0,"windMax":70.0,"specialWeather":["砂嵐"],"acidicGround":0.0,"acidicWater":0.0},"geometry":{"type":"Point","coordinates":[131.5,-198.5]}},{"type":"Feature","properties":{"kind":"label","colour":"4,44,44","biome":"Shun","ironMultiplier":1.0,"copperMultiplier":0.800000011920929,"stoneMultiplier":1.0,"waterMultiplier":0.6000000238418579,"fertilityMultiplier":1.0,"aridValue":1.0,"greenValue":0.10000000149011612,"swampValue":0.0,"windMin":0.0,"windMax":70.0,"specialWeather":["砂嵐"],"acidicGround":0.0,"acidicWater":0.0},"geometry":{"type":"Point","coordinates":[26.5,-201.5]}},{"type":"Feature","properties":{"kind":"label","colour":"162,80,162","biome":"Watcher's Rim","ironMultiplier":0.5,"copperMultiplier":0.6000000238418579,"stoneMultiplier":0.5,"waterMultiplier":0.0,"fertilityMultiplier":0.0,"aridValue":0.0,"greenValue":0.0,"swampValue":0.0,"windMin":0,"windMax":0,"specialWeather":[],"acidicGround":0.0,"acidicWater":0.0},"geometry":{"type":"Point","coordinates":[25.5,-172.5]}},{"type":"Feature","properties":{"kind":"label","colour":"44,194,94","biome":"The Crags","ironMultiplier":2.0,"copperMultiplier":1.5,"stoneMultiplier":2.0,"waterMultiplier":0.8999999761581421,"fertilityMultiplier":0.0,"aridValue":0.0,"greenValue":0.0,"swampValue":0.0,"windMin":0.0,"windMax":70.0,"specialWeather":["砂嵐","酸性雨"],"acidicGround":0.0,"acidicWater":0.0},"geometry":{"type":"Point","coordinates":[204.5,-177.5]}},{"type":"Feature","properties":{"kind":"label","colour":"130,194,94","biome":"The Pits East","ironMultiplier":2.0,"copperMultiplier":1.5,"stoneMultiplier":2.0,"waterMultiplier":0.8999999761581421,"fertilityMultiplier":0.0,"aridValue":0.0,"greenValue":0.0,"swampValue":0.0,"windMin":0.0,"windMax":70.0,"specialWeather":["砂嵐","酸性雨"],"acidicGround":0.0,"acidicWater":0.5},"geometry":{"type":"Point","coordinates":[238.5,-183.5]}},{"type":"Feature","properties":{"kind":"label","colour":"64,64,128","biome":"Arach","ironMultiplier":1.0,"copperMultiplier":1.0,"stoneMultiplier":0.699999988079071,"waterMultiplier":0.0,"fertilityMultiplier":0.0,"aridValue":0.0,"greenValue":0.0,"swampValue":0.0,"windMin":0.0,"windMax":33.0,"specialWeather":[],"acidicGround":0.0,"acidicWater":0.0},"geometry":{"type":"Point","coordinates":[27.5,-182.5]}},{"type":"Feature","properties":{"kind":"label","colour":"222,0,0","biome":"The Pits","ironMultiplier":2.0,"copperMultiplier":1.5,"stoneMultiplier":2.0,"waterMultiplier":0.8999999761581421,"fertilityMultiplier":0.0,"aridValue":0.0,"greenValue":0.0,"swampValue":0.0,"windMin":0.0,"windMax":70.0,"specialWeather":["砂嵐","酸性雨"],"acidicGround":0.0,"acidicWater":0.5},"geometry":{"type":"Point","coordinates":[214.5,-187.5]}},{"type":"Feature","properties":{"kind":"label","colour":"105,220,109","biome":"Greyshelf","ironMultiplier":0.5,"copperMultiplier":0.6000000238418579,"stoneMultiplier":0.5,"waterMultiplier":0.0,"fertilityMultiplier":0.0,"aridValue":0.0,"greenValue":0.0,"swampValue":0.0,"windMin":0.0,"windMax":30.0,"specialWeather":["酸性雨"],"acidicGround":0.0,"acidicWater":0.0},"geometry":{"type":"Point","coordinates":[166.5,-199.5]}},{"type":"Feature","properties":{"kind":"label","colour":"255,42,128","biome":"The Grid","ironMultiplier":1.0,"copperMultiplier":1.0,"stoneMultiplier":0.699999988079071,"waterMultiplier":0.0,"fertilityMultiplier":0.0,"aridValue":0.0,"greenValue":0.0,"swampValue":0.0,"windMin":0.0,"windMax":0.0,"specialWeather":[],"acidicGround":0.0,"acidicWater":0.0},"geometry":{"type":"Point","coordinates":[62.5,-189.5]}},{"type":"Feature","properties":{"kind":"label","colour":"90,90,180","biome":"South Wetlands","ironMultiplier":1.0,"copperMultiplier":1.0,"stoneMultiplier":0.5,"waterMultiplier":2.0,"fertilityMultiplier":1.0,"aridValue":0.0,"greenValue":0.0,"swampValue":1.0,"windMin":0.0,"windMax":70.0,"specialWeather":[],"acidicGround":0.0,"acidicWater":0.0},"geometry":{"type":"Point","coordinates":[85.5,-197.5]}},{"type":"Feature","properties":{"kind":"label","colour":"190,50,10","biome":"High Bonefields","ironMultiplier":1.0,"copperMultiplier":0.800000011920929,"stoneMultiplier":1.0,"waterMultiplier":0.5,"fertilityMultiplier":1.0,"aridValue":1.0,"greenValue":0.10000000149011612,"swampValue":0.0,"windMin":20.0,"windMax":60.0,"specialWeather":[],"acidicGround":0.0,"acidicWater":0.0},"geometry":{"type":"Point","coordinates":[114.5,-195.5]}},{"type":"Feature","properties":{"kind":"label","colour":"0,0,255","biome":"The Crater","ironMultiplier":1.0,"copperMultiplier":1.0,"stoneMultiplier":0.699999988079071,"waterMultiplier":0.0,"fertilityMultiplier":0.0,"aridValue":0.0,"greenValue":0.0,"swampValue":0.0,"windMin":0.0,"windMax":70.0,"specialWeather":[],"acidicGround":0.0,"acidicWater":0.0},"geometry":{"type":"Point","coordinates":[56.5,-200.5]}},{"type":"Feature","properties":{"kind":"label","colour":"175,190,10","biome":"Sniper Valley","ironMultiplier":1.0,"copperMultiplier":1.0,"stoneMultiplier":0.699999988079071,"waterMultiplier":0.6000000238418579,"fertilityMultiplier":0.0,"aridValue":0.0,"greenValue":0.0,"swampValue":0.0,"windMin":0.0,"windMax":70.0,"specialWeather":["火山灰"],"acidicGround":0.0,"acidicWater":1.0},"geometry":{"type":"Point","coordinates":[191.5,-195.5]}},{"type":"Feature","properties":{"kind":"label","colour":"205,220,109","biome":"Royal Valley","ironMultiplier":0.5,"copperMultiplier":0.6000000238418579,"stoneMultiplier":0.5,"waterMultiplier":0.5,"fertilityMultiplier":0.5,"aridValue":0.0,"greenValue":1.0,"swampValue":0.0,"windMin":0.0,"windMax":30.0,"specialWeather":["酸性雨"],"acidicGround":0.0,"acidicWater":0.0},"geometry":{"type":"Point","coordinates":[158.5,-217.5]}},{"type":"Feature","properties":{"kind":"label","colour":"90,118,75","biome":"Sonorous Dark","ironMultiplier":2.0,"copperMultiplier":1.5,"stoneMultiplier":2.0,"waterMultiplier":0.8999999761581421,"fertilityMultiplier":0.0,"aridValue":0.0,"greenValue":0.0,"swampValue":0.0,"windMin":0.0,"windMax":0.0,"specialWeather":["酸性雨"],"acidicGround":0.0,"acidicWater":1.0},"geometry":{"type":"Point","coordinates":[193.5,-214.5]}},{"type":"Feature","properties":{"kind":"label","colour":"75,108,118","biome":"Ashlands","ironMultiplier":3.0,"copperMultiplier":3.0,"stoneMultiplier":0.0,"waterMultiplier":0.0,"fertilityMultiplier":0.0,"aridValue":0.0,"greenValue":0.0,"swampValue":0.0,"windMin":0.0,"windMax":33.0,"specialWeather":["毒ガス","火山灰"],"acidicGround":0.0,"acidicWater":0.0},"geometry":{"type":"Point","coordinates":[216.5,-225.5]}},{"type":"Feature","properties":{"kind":"label","colour":"4,156,0","biome":"The Hook","ironMultiplier":1.0,"copperMultiplier":0.800000011920929,"stoneMultiplier":1.0,"waterMultiplier":0.6000000238418579,"fertilityMultiplier":1.0,"aridValue":1.0,"greenValue":0.10000000149011612,"swampValue":0.0,"windMin":0.0,"windMax":70.0,"specialWeather":["砂嵐"],"acidicGround":0.0,"acidicWater":0.0},"geometry":{"type":"Point","coordinates":[65.5,-223.5]}},{"type":"Feature","properties":{"kind":"label","colour":"10,160,255","biome":"Cheaters Run","ironMultiplier":0.5,"copperMultiplier":0.30000001192092896,"stoneMultiplier":0.0,"waterMultiplier":0.0,"fertilityMultiplier":0.0,"aridValue":0.0,"greenValue":0.0,"swampValue":0.0,"windMin":0.0,"windMax":30.0,"specialWeather":["酸性雨"],"acidicGround":0.0,"acidicWater":0.0},"geometry":{"type":"Point","coordinates":[162.5,-235.5]}},{"type":"Feature","properties":{"kind":"label","colour":"130,94,94","biome":"Fishman Island","ironMultiplier":1.0,"copperMultiplier":1.0,"stoneMultiplier":1.0,"waterMultiplier":1.2000000476837158,"fertilityMultiplier":1.2000000476837158,"aridValue":0.0,"greenValue":1.0,"swampValue":0.5,"windMin":0.0,"windMax":70.0,"specialWeather":["酸性雨"],"acidicGround":0.0,"acidicWater":0.0},"geometry":{"type":"Point","coordinates":[122.5,-232.5]}}]}