{"type":"FeatureCollection","features":[{"type":"Feature","id":"1001-Newwworld","properties":{"roadId":"1001-Newwworld","width":76.5,"hidden":false},"geometry":{"type":"LineString","coordinates":[[89.369626,-182.568978],[89.450364,-182.496704]]}},{"type":"Feature","id":"1002-Newwworld","properties":{"roadId":"1002-Newwworld","width":76.5,"hidden":true},"geometry":{"type":"LineString","coordinates":[[89.369626,-182.568978],[89.251249,-182.580454],[89.102194,-182.542485],[88.984112,-182.512398],[88.785805,-182.583362],[88.652037,-182.694057]]}},{"type":"Feature","id":"1003-Newwworld","properties":{"roadId":"1003-Newwworld","width":106.9,"hidden":false},"geometry":{"type":"LineString","coordinates":[[73.469676,-156.088064],[73.65413,-155.657568],[73.728401,-155.276282],[73.993211,-154.975933],[74.289297,-154.859336],[74.404445,-154.573866],[74.559732,-154.357546],[74.721885,-153.965817],[74.719038,-153.759905],[74.929482,-153.634445],[75.058076,-153.219877],[75.191114,-153.088514],[75.38661,-153.160788],[75.699519,-153.107403],[75.969207,-152.92768],[76.07156,-152.265074],[76.438124,-151.84285],[76.965322,-151.717042],[77.258569,-151.378317],[77.468179,-151.214914],[77.75818,-151.132518],[78.267305,-151.219619],[79.087378,-151.264914],[79.733274,-151.334046],[80.455802,-150.574964],[81.210544,-150.080205]]}},{"type":"Feature","id":"1004-Newwworld","properties":{"roadId":"1004-Newwworld","width":87.9,"hidden":false},"geometry":{"type":"LineString","coordinates":[[95.24258,-75.210828],[95.088178,-75.357261],[94.892674,-75.44714],[95.071572,-75.804797],[95.681531,-75.793451],[95.825264,-75.38325],[95.332884,-75.220594],[95.24258,-75.210828]]}},{"type":"Feature","id":"1005-Newwworld","properties":{"roadId":"1005-Newwworld","width":106.9,"hidden":false},"geometry":{"type":"LineString","coordinates":[[74.231962,-157.050402],[74.159774,-157.087538],[74.116232,-157.143042],[74.148776,-157.188085],[74.335104,-157.268788],[74.381841,-157.316046],[74.371329,-157.385134],[74.229019,-157.46898],[73.989747,-157.511715],[73.990129,-157.565673],[74.182908,-157.586576],[74.252596,-157.540057],[74.36033,-157.520959],[74.49376,-157.431688],[74.430409,-157.316375],[74.396233,-157.220941],[74.261658,-157.160646],[74.231962,-157.050402]]}},{"type":"Feature","id":"1006-Newwworld","properties":{"roadId":"1006-Newwworld","width":120.2,"hidden":true},"geometry":{"type":"LineString","coordinates":[[73.906822,-169.200409],[74.116041,-169.140574],[74.775445,-169.200904],[74.934733,-169.130044],[75.214187,-169.123959],[75.845144,-169.231876],[76.545103,-169.085469],[77.28258,-169.159159],[77.560523,-169.095547],[77.763302,-169.521799],[78.1353,-169.949387],[78.40221,-170.182044],[78.748383,-170.192174],[79.522509,-170.864147],[79.931764,-171.727006],[80.267477,-171.856295],[80.365151,-172.08278],[80.332165,-172.242433],[80.683737,-172.47338]]}},{"type":"Feature","id":"1007-Newwworld","properties":{"roadId":"1007-Newwworld","width":86.0,"hidden":true},"geometry":{"type":"LineString","coordinates":[[73.469676,-156.088064],[73.757134,-156.331763],[74.0148,-156.595826],[74.209792,-156.682293]]}},{"type":"Feature","id":"1008-Newwworld","properties":{"roadId":"1008-Newwworld","width":86.0,"hidden":true},"geometry":{"type":"LineString","coordinates":[[74.209792,-156.682293],[74.315738,-156.946114],[74.231962,-157.050402]]}},{"type":"Feature","id":"1010-Newwworld","properties":{"roadId":"1010-Newwworld","width":86.0,"hidden":true},"geometry":{"type":"LineString","coordinates":[[74.209792,-156.682293],[74.440487,-156.516347],[74.772997,-156.120147],[74.920532,-155.889721],[75.564944,-155.828445],[76.08077,-155.969713],[76.415598,-155.880181],[76.909263,-155.964218],[77.490896,-156.150391],[78.074701,-156.360765],[78.676387,-156.471919],[78.929174,-156.639081],[79.453203,-157.122408],[79.717015,-157.992758],[80.219777,-158.399695],[81.469443,-159.173491],[81.740321,-159.386174],[82.182692,-159.405549],[82.499872,-159.604864],[82.689516,-160.15425],[83.168251,-160.612203],[83.388729,-160.749382],[83.419363,-160.903341],[83.611169,-161.064704],[83.59327,-161.225668],[83.723235,-161.443073],[83.710718,-161.563664],[83.730379,-161.635808],[83.856925,-161.713317],[83.92709,-161.811677],[83.939529,-161.980679],[83.947194,-162.28772],[83.900892,-162.390308],[83.904477,-162.599024],[83.863149,-162.647583],[83.92689,-162.83721],[83.914113,-163.029693],[83.88321,-163.216404],[83.83959,-163.380901],[83.899416,-163.511492],[83.831352,-163.627838],[83.849546,-163.831649],[83.944981,-164.094567],[83.970693,-164.245244],[84.20986,-164.310575],[84.285199,-164.3885],[84.346163,-164.663145],[84.436007,-164.749031],[84.508932,-164.914717],[84.543064,-165.101471],[84.643994,-165.266576],[84.898951,-165.382028],[85.083188,-165.419137],[85.319664,-165.496907],[85.54411,-165.579884],[85.606757,-165.659685],[85.556184,-165.963992],[85.753164,-166.13894],[85.97609,-166.172039],[86.116221,-166.318324],[86.356343,-166.485782],[86.376873,-166.927259],[86.435224,-167.0214],[86.527733,-167.058908],[86.793168,-166.99153],[86.955651,-167.122259]]}},{"type":"Feature","id":"1011-Newwworld","properties":{"roadId":"1011-Newwworld","width":87.9,"hidden":false},"geometry":{"type":"LineString","coordinates":[[95.24258,-75.210828],[95.422251,-74.970966],[95.653935,-74.676043],[95.688571,-74.327544],[95.657477,-74.240946],[95.557512,-74.304783],[95.434681,-74.549793],[95.251738,-74.626937],[94.757083,-74.59823],[94.311223,-74.518942],[93.540109,-74.48889],[93.068831,-74.579541],[92.78969,-74.850419],[92.687554,-74.754811],[92.937902,-74.264887],[93.014899,-74.189531],[93.246558,-74.259497],[93.468069,-74.158342],[93.47181,-74.043133],[92.924482,-73.893601],[92.770228,-73.999105],[92.629958,-74.294861],[92.357961,-74.752667],[92.272804,-74.725687],[92.361954,-74.200937],[92.435096,-73.732516],[92.112344,-74.008341],[91.894617,-74.391155],[91.803836,-74.691286]]}},{"type":"Feature","id":"1012-Newwworld","properties":{"roadId":"1012-Newwworld","width":122.1,"hidden":true},"geometry":{"type":"LineString","coordinates":[[33.925115,-201.322896],[33.625548,-201.077982],[33.263915,-201.089805],[33.07407,-201.073859],[32.583183,-199.999281],[32.342558,-199.902735]]}},{"type":"Feature","id":"1013-Newwworld","properties":{"roadId":"1013-Newwworld","width":82.2,"hidden":true},"geometry":{"type":"LineString","coordinates":[[27.174919,-218.551783],[27.633948,-218.374786],[28.181606,-218.071399],[28.655045,-217.535981],[28.597927,-217.116882],[29.260169,-216.875822],[29.556784,-216.177556],[29.767896,-215.213751],[29.793504,-214.359156],[29.748191,-214.101551],[30.184391,-213.432399],[30.579097,-212.900514],[30.686128,-212.637639],[30.890035,-211.818991],[31.207397,-211.313251],[31.330922,-210.961167]]}},{"type":"Feature","id":"1014-Newwworld","properties":{"roadId":"1014-Newwworld","width":82.2,"hidden":true},"geometry":{"type":"LineString","coordinates":[[26.0158,-218.708207],[27.165804,-219.527741]]}},{"type":"Feature","id":"1015-Newwworld","properties":{"roadId":"1015-Newwworld","width":82.2,"hidden":true},"geometry":{"type":"LineString","coordinates":[[27.174919,-218.551783],[27.054866,-219.129562],[27.165804,-219.527741]]}},{"type":"Feature","id":"1016-Newwworld","properties":{"roadId":"1016-Newwworld","width":82.2,"hidden":true},"geometry":{"type":"LineString","coordinates":[[42.703721,-217.250823],[42.530891,-217.585373],[42.433529,-218.260376],[41.783883,-219.307601],[41.499603,-219.831475],[41.390739,-220.278264],[40.867326,-220.523317],[40.572099,-220.825922],[40.566197,-221.260472],[40.747447,-221.70405],[41.11915,-222.090857],[41.217232,-222.349018],[41.081216,-222.627317],[40.601266,-223.153014],[40.392585,-223.85128],[40.150049,-223.970291],[39.306991,-223.69121],[38.6477,-224.008225],[38.259158,-224.527845],[37.968532,-224.41682],[37.408634,-224.012565],[37.308113,-223.879145],[37.071827,-223.864474],[36.869917,-223.760221],[36.464099,-223.74121],[35.764531,-223.662564],[35.397603,-223.55805],[35.064095,-223.561348],[34.479023,-223.685394],[34.112008,-223.71621],[33.537961,-223.554925],[32.226151,-223.097979],[31.590993,-222.501449],[29.711125,-221.700144],[28.289592,-220.530609],[27.165804,-219.527741]]}},{"type":"Feature","id":"1017-Newwworld","properties":{"roadId":"1017-Newwworld","width":97.4,"hidden":true},"geometry":{"type":"LineString","coordinates":[[18.821592,-215.073125],[19.546073,-215.599255],[19.692167,-215.917138],[19.935571,-216.033719],[20.172551,-216.321914],[20.293385,-216.675995],[20.634185,-216.757072],[20.813265,-216.712627],[20.999116,-216.825128],[21.532278,-216.959763],[22.991918,-217.67921],[24.894789,-218.3214],[24.985154,-218.28199],[26.0158,-218.708207]]}},{"type":"Feature","id":"1018-Newwworld","properties":{"roadId":"1018-Newwworld","width":82.2,"hidden":true},"geometry":{"type":"LineString","coordinates":[[18.019419,-213.459769],[18.118117,-213.189551],[18.612042,-212.983674],[19.339388,-212.512856],[20.427587,-212.106023],[21.306583,-211.9963],[21.847036,-211.855085],[21.950508,-211.722688],[21.893043,-211.549485],[22.072384,-211.461359],[22.054328,-211.314718],[21.996516,-211.157695],[21.745647,-210.906765],[21.823512,-210.695949],[21.951637,-210.442233],[21.83089,-210.191937],[21.826463,-209.486249],[21.893303,-209.287394],[21.698424,-208.789875],[21.698685,-208.61786],[21.88306,-208.479006],[22.140266,-208.421957],[22.367003,-208.444952],[22.563531,-208.433806],[22.698428,-208.284621],[22.708931,-208.053553],[22.765876,-207.841894],[22.834366,-207.494054],[22.797039,-207.348012],[22.711535,-207.283698],[22.60841,-206.699494],[22.720997,-206.418851],[22.775858,-206.26129],[23.079853,-206.022686],[23.097561,-205.943832],[23.064141,-205.879127],[23.10329,-205.746279],[22.987752,-205.735203],[22.811622,-205.691253],[22.645823,-205.653718],[22.351291,-205.661782],[22.016655,-205.532199],[21.667869,-205.279976],[21.337833,-205.25475],[21.276374,-205.155661],[21.266999,-205.064923],[21.415698,-204.922926],[21.700074,-204.801649],[21.707799,-204.681649],[21.716306,-204.521292],[21.602417,-204.299703],[21.53957,-204.182732],[21.582365,-204.113635],[21.546948,-203.783816],[21.495299,-203.582027],[21.483059,-203.332834],[21.352243,-203.156401],[21.327242,-202.981365],[21.194777,-202.908145],[20.961009,-202.685279],[20.740435,-202.369783],[20.600851,-202.375582],[20.310572,-202.550739],[20.100763,-202.569159],[19.805536,-202.389931],[19.697723,-202.243681],[19.58123,-202.21974],[19.471333,-202.03131],[19.497722,-201.891605],[19.425674,-201.812733],[19.286524,-201.766136],[19.244076,-201.722273],[19.300326,-201.678982],[19.23826,-201.587602],[19.212131,-201.4182],[19.293381,-201.053156],[19.227235,-200.938034],[19.262739,-200.639942],[19.181836,-200.441148],[19.182964,-200.256148],[19.123936,-200.112962],[19.124631,-199.917188],[19.228103,-199.742917],[19.446941,-199.692691],[19.657098,-199.329287],[19.855102,-198.995319],[19.872637,-198.838982],[19.751803,-198.646654],[19.781143,-198.442695],[19.907967,-198.323728],[20.26769,-198.065819],[20.3775,-197.830089],[20.547379,-197.659012]]}},{"type":"Feature","id":"1019-Newwworld","properties":{"roadId":"1019-Newwworld","width":97.4,"hidden":true},"geometry":{"type":"LineString","coordinates":[[18.821592,-215.073125],[18.279402,-214.157627],[18.019419,-213.459769]]}},{"type":"Feature","id":"101--INGAME","properties":{"roadId":"101--INGAME","width":105.0,"hidden":true},"geometry":{"type":"LineString","coordinates":[[189.918526,-175.260968],[191.414981,-174.49277],[192.402788,-174.194766],[192.865003,-173.642794],[193.438772,-173.046273],[193.559198,-172.903624],[193.686212,-172.712383],[193.650778,-172.53167],[193.644042,-172.344881],[193.686655,-172.248058],[194.027741,-172.010462],[194.59691,-171.691954],[194.897892,-171.657466],[195.467486,-171.635243],[196.091811,-171.463646],[196.314798,-171.180815],[196.666335,-170.853739],[196.97934,-170.356463],[197.336902,-170.197409],[197.401329,-169.915446],[197.637137,-169.645775],[197.747945,-169.246147],[197.781183,-168.843116],[197.836426,-168.212419],[197.696747,-167.902496],[197.74021,-167.645655],[198.556585,-166.850696],[199.106587,-166.421129],[199.525243,-166.14539],[199.701675,-166.07387],[199.879714,-165.956248],[200.069984,-165.852403],[200.228248,-165.77071],[200.294516,-165.709034],[200.403032,-165.721864],[200.422199,-165.716387],[200.517989,-165.776665],[200.747252,-165.787628],[201.072704,-165.774981],[201.438053,-165.787663],[201.755215,-165.7788],[201.849296,-165.715762],[202.07506,-165.716864],[202.37961,-165.62728],[202.642632,-165.577115],[202.834846,-165.454953],[203.102364,-165.324684],[203.266688,-165.16155],[203.368919,-165.155482],[203.445646,-164.961054],[203.50247,-164.768493],[203.455473,-164.562068],[203.543268,-164.319984],[203.668816,-164.305844],[203.98965,-164.171329],[204.17163,-164.158847],[204.290545,-164.067292],[205.252076,-164.008264],[205.624847,-163.87849],[205.851063,-163.860269],[206.3728,-163.82572],[206.797003,-163.803272],[206.955589,-163.823924],[207.302179,-163.693854],[207.569254,-163.767153],[207.825878,-164.032006],[208.072355,-164.140036],[208.403458,-164.285236],[208.690829,-164.332224],[208.957262,-164.319429],[209.269572,-164.371425],[209.629634,-164.475809],[209.943559,-164.474533],[210.598995,-164.095765]]}},{"type":"Feature","id":"1020-Newwworld","properties":{"roadId":"1020-Newwworld","width":80.0,"hidden":false},"geometry":{"type":"LineString","coordinates":[[87.024679,-132.276574],[86.82809,-132.502738],[86.66427,-132.45656],[86.512168,-132.271972],[86.449963,-131.967499],[86.331048,-131.763106]]}},{"type":"Feature","id":"1021-Newwworld","properties":{"roadId":"1021-Newwworld","width":80.0,"hidden":false},"geometry":{"type":"LineString","coordinates":[[89.717934,-133.024849],[89.581476,-133.125602],[89.458012,-133.16368],[89.225467,-133.038762],[88.822011,-132.732837],[88.498486,-132.636085],[88.052347,-132.643571],[87.816261,-132.708531],[87.602684,-132.744801],[87.382362,-132.682654],[87.20941,-132.569997],[87.024679,-132.276574]]}},{"type":"Feature","id":"1022-Newwworld","properties":{"roadId":"1022-Newwworld","width":80.0,"hidden":false},"geometry":{"type":"LineString","coordinates":[[89.808074,-134.457676],[89.795044,-134.422037],[89.816381,-134.28327],[90.258084,-134.198451]]}},{"type":"Feature","id":"1023-Newwworld","properties":{"roadId":"1023-Newwworld","width":80.0,"hidden":false},"geometry":{"type":"LineString","coordinates":[[91.666839,-132.197526],[92.08868,-132.416091],[92.174549,-132.447622],[92.196259,-132.516955],[92.150816,-132.585738],[92.094557,-132.710973],[92.036788,-132.747024],[91.942013,-132.8595],[91.758054,-133.151714],[91.481196,-133.538146],[91.374581,-133.678077],[90.999979,-133.884661],[90.258084,-134.198451]]}},{"type":"Feature","id":"1024-Newwworld","properties":{"roadId":"1024-Newwworld","width":80.0,"hidden":false},"geometry":{"type":"LineString","coordinates":[[90.258084,-134.198451],[89.842631,-133.172905],[89.717934,-133.024849]]}},{"type":"Feature","id":"1025-Newwworld","properties":{"roadId":"1025-Newwworld","width":87.9,"hidden":false},"geometry":{"type":"LineString","coordinates":[[93.394292,-126.764202],[93.84077,-126.908258]]}},{"type":"Feature","id":"1026-Newwworld","properties":{"roadId":"1026-Newwworld","width":87.9,"hidden":false},"geometry":{"type":"LineString","coordinates":[[93.84077,-126.908258],[94.310207,-126.689608],[94.606171,-126.61606]]}},{"type":"Feature","id":"1027-Newwworld","properties":{"roadId":"1027-Newwworld","width":80.0,"hidden":false},"geometry":{"type":"LineString","coordinates":[[93.693026,-127.634896],[93.525742,-127.251106],[93.508729,-127.061696],[93.365117,-126.884389],[93.394292,-126.764202]]}},{"type":"Feature","id":"1028-Newwworld","properties":{"roadId":"1028-Newwworld","width":87.9,"hidden":false},"geometry":{"type":"LineString","coordinates":[[93.84077,-126.908258],[93.737557,-127.079176],[93.739771,-127.175467],[93.693026,-127.634896]]}},{"type":"Feature","id":"1029-Newwworld","properties":{"roadId":"1029-Newwworld","width":80.0,"hidden":false},"geometry":{"type":"LineString","coordinates":[[95.182041,-130.243641],[95.066642,-130.305875],[95.022848,-130.496648],[94.950391,-130.549879],[94.785104,-130.900933],[94.690312,-131.131794],[94.835504,-131.280692],[94.853481,-131.419681],[94.799853,-131.430948],[94.592491,-131.397634],[94.59052,-131.396986],[94.324287,-131.551954],[94.322698,-131.552141],[94.050874,-131.611418],[94.004303,-131.624509],[93.978322,-131.720561],[93.973678,-131.739002],[93.823278,-131.836173],[93.780309,-131.844546],[93.588581,-131.883359],[93.5603,-131.79162],[93.31602,-131.745783],[93.313841,-131.746564],[93.079248,-131.88279],[93.071887,-131.884832],[92.86206,-131.945138],[92.815375,-131.955296],[92.455739,-132.114181],[92.246815,-132.129192],[92.210304,-132.133846],[91.666839,-132.197526]]}},{"type":"Feature","id":"1030-Newwworld","properties":{"roadId":"1030-Newwworld","width":101.2,"hidden":true},"geometry":{"type":"LineString","coordinates":[[47.470109,-141.035869],[47.304023,-140.909115],[46.821417,-141.312545],[46.627294,-141.868719],[46.234132,-142.201654],[45.90868,-142.099371],[45.126177,-142.037452],[44.64898,-141.67509],[43.707006,-141.554404],[42.945996,-142.043589],[42.500813,-142.025065],[42.208598,-141.907261],[41.948918,-141.910273],[41.57061,-141.688718],[41.382718,-141.688276],[41.19172,-141.875524],[40.867673,-141.908788],[40.617065,-142.059449],[40.469148,-141.926922],[40.390328,-141.817608],[40.245796,-141.815264],[39.615065,-142.08372],[39.231557,-142.676682],[38.669055,-142.877099],[38.259765,-142.631343],[37.770527,-142.66505],[37.430509,-142.660301],[36.881375,-142.377879],[36.518353,-142.484589],[35.216092,-142.649477]]}},{"type":"Feature","id":"1031-Newwworld","properties":{"roadId":"1031-Newwworld","width":101.2,"hidden":true},"geometry":{"type":"LineString","coordinates":[[48.368992,-140.400858],[48.069078,-140.57644],[47.76373,-140.757231],[47.470109,-141.035869]]}},{"type":"Feature","id":"1032-Newwworld","properties":{"roadId":"1032-Newwworld","width":116.4,"hidden":true},"geometry":{"type":"LineString","coordinates":[[47.470109,-141.035869],[47.782922,-141.030044],[48.093271,-141.089359]]}},{"type":"Feature","id":"1033-Newwworld","properties":{"roadId":"1033-Newwworld","width":116.4,"hidden":true},"geometry":{"type":"LineString","coordinates":[[48.093271,-141.089359],[48.267716,-140.744522],[48.368992,-140.400858]]}},{"type":"Feature","id":"1034-Newwworld","properties":{"roadId":"1034-Newwworld","width":116.4,"hidden":true},"geometry":{"type":"LineString","coordinates":[[48.093271,-141.089359],[48.596371,-141.147328],[48.902258,-141.267302],[49.160418,-141.130635],[49.40956,-141.287588],[49.671549,-141.248578],[49.80602,-141.241512],[49.901628,-141.213491],[50.138807,-141.051954]]}},{"type":"Feature","id":"1035-Newwworld","properties":{"roadId":"1035-Newwworld","width":116.4,"hidden":true},"geometry":{"type":"LineString","coordinates":[[51.586868,-140.224946],[51.566364,-140.106925]]}},{"type":"Feature","id":"1035-Newwworld-INGAME","properties":{"roadId":"1035-Newwworld-INGAME","width":87.9,"hidden":false},"geometry":{"type":"LineString","coordinates":[[93.192234,-80.667956],[93.349153,-80.431149],[93.592826,-80.15153],[93.842254,-80.022936],[93.939008,-79.853847],[94.090944,-79.700175],[94.182932,-79.416623],[94.272594,-79.211953],[94.563341,-79.084643],[94.790295,-79.078515],[94.91474,-79.182664],[95.036685,-79.457318],[95.153491,-79.654176],[95.262719,-79.848161],[95.435237,-79.902129],[95.767929,-79.920462],[95.953615,-80.321826]]}},{"type":"Feature","id":"1036-Newwworld","properties":{"roadId":"1036-Newwworld","width":116.4,"hidden":false},"geometry":{"type":"LineString","coordinates":[[51.586868,-140.224946],[51.705323,-140.298115],[51.818214,-140.27466],[51.963197,-140.188609]]}},{"type":"Feature","id":"1037-Newwworld","properties":{"roadId":"1037-Newwworld","width":116.4,"hidden":true},"geometry":{"type":"LineString","coordinates":[[50.653245,-140.66164],[50.660519,-140.508315],[50.758584,-140.518176],[50.848593,-140.413063],[50.97519,-140.489018],[51.066779,-140.411882],[51.16092,-140.356327],[51.253577,-140.300172],[51.586868,-140.224946]]}},{"type":"Feature","id":"1038-Newwworld","properties":{"roadId":"1038-Newwworld","width":116.4,"hidden":true},"geometry":{"type":"LineString","coordinates":[[50.138807,-141.051954],[50.179849,-140.931407],[50.292662,-140.827891],[50.469772,-140.818481],[50.653245,-140.66164]]}},{"type":"Feature","id":"1039-Newwworld","properties":{"roadId":"1039-Newwworld","width":116.4,"hidden":true},"geometry":{"type":"LineString","coordinates":[[50.653245,-140.66164],[50.796908,-140.682986],[50.859513,-140.903021],[50.837507,-141.021381],[50.748254,-141.091225],[50.603236,-141.239611]]}},{"type":"Feature","id":"103--INGAME","properties":{"roadId":"103--INGAME","width":148.7,"hidden":false},"geometry":{"type":"LineString","coordinates":[[106.177626,-70.58175],[105.960819,-70.037356],[105.788006,-69.677458],[105.822182,-69.14954],[105.569299,-68.455631],[105.632086,-68.045509],[105.900949,-67.119629],[106.053276,-66.723698],[106.014587,-66.480755],[105.705714,-66.32486],[105.550193,-66.131639],[105.308491,-65.251567],[105.211546,-64.693935],[105.09336,-64.160218],[105.039887,-63.579452],[105.207692,-63.066594],[105.423083,-62.688841],[105.63554,-62.38437],[105.706678,-62.09048],[105.794031,-61.83093],[105.981757,-61.560573],[106.362053,-61.322986]]}},{"type":"Feature","id":"1040-Newwworld","properties":{"roadId":"1040-Newwworld","width":116.4,"hidden":true},"geometry":{"type":"LineString","coordinates":[[50.603236,-141.239611],[50.617758,-141.329464],[50.583739,-141.429169],[50.423582,-141.287172]]}},{"type":"Feature","id":"1041-Newwworld","properties":{"roadId":"1041-Newwworld","width":116.4,"hidden":true},"geometry":{"type":"LineString","coordinates":[[50.423582,-141.287172],[50.20853,-141.197432],[50.138807,-141.051954]]}},{"type":"Feature","id":"1042-Newwworld","properties":{"roadId":"1042-Newwworld","width":116.4,"hidden":true},"geometry":{"type":"LineString","coordinates":[[50.603236,-141.239611],[50.423582,-141.287172]]}},{"type":"Feature","id":"1043-Newwworld","properties":{"roadId":"1043-Newwworld","width":97.4,"hidden":true},"geometry":{"type":"LineString","coordinates":[[175.698217,-152.584892],[175.122417,-153.148905],[174.907294,-153.475329]]}},{"type":"Feature","id":"1044-Newwworld","properties":{"roadId":"1044-Newwworld","width":97.4,"hidden":true},"geometry":{"type":"LineString","coordinates":[[174.907294,-153.475329],[174.98581,-153.837614],[175.145663,-154.008612],[175.666403,-154.172459],[176.022871,-154.431322],[176.262212,-154.822443]]}},{"type":"Feature","id":"1045-Newwworld","properties":{"roadId":"1045-Newwworld","width":87.9,"hidden":false},"geometry":{"type":"LineString","coordinates":[[99.90217,-120.332245],[99.768073,-120.516356],[99.572803,-120.527923],[99.372064,-120.570608],[99.106612,-120.716379],[99.183592,-120.940221],[99.190215,-121.034746],[98.985275,-121.163228],[98.923773,-121.252605],[98.853764,-121.327313],[98.779458,-121.441371],[98.656185,-121.467716],[98.368736,-121.532331],[98.014985,-121.478313],[97.903761,-121.448928],[97.583508,-121.460779],[97.178645,-121.414821],[96.865528,-121.398889],[96.664112,-121.340188],[96.352801,-121.107956],[96.118894,-120.535409],[96.117158,-119.949043],[96.026671,-119.731718],[95.732486,-119.728484],[95.298891,-119.645631]]}},{"type":"Feature","id":"1046-Newwworld","properties":{"roadId":"1046-Newwworld","width":97.4,"hidden":true},"geometry":{"type":"LineString","coordinates":[[174.907294,-153.475329],[174.406182,-153.02801],[173.464494,-152.555969],[172.520351,-151.817633]]}},{"type":"Feature","id":"1047-Newwworld","properties":{"roadId":"1047-Newwworld","width":97.4,"hidden":true},"geometry":{"type":"LineString","coordinates":[[177.686583,-153.178558],[177.544387,-153.155519],[176.980131,-152.987272]]}},{"type":"Feature","id":"1048-Newwworld","properties":{"roadId":"1048-Newwworld","width":97.4,"hidden":true},"geometry":{"type":"LineString","coordinates":[[176.262212,-154.822443],[176.176952,-155.318877],[175.640969,-156.271546],[173.612446,-158.620807],[173.106802,-160.403157],[173.358678,-161.145399],[173.254233,-161.697788],[173.701526,-162.792922],[173.67821,-163.621883],[173.36386,-164.491009],[173.779765,-164.868554],[173.922265,-165.145421],[173.725988,-165.91558],[173.928081,-166.504723],[173.87855,-167.808625],[173.554799,-168.451283],[173.45196,-169.186676]]}},{"type":"Feature","id":"1049-Newwworld","properties":{"roadId":"1049-Newwworld","width":97.4,"hidden":true},"geometry":{"type":"LineString","coordinates":[[177.686583,-153.178558],[177.640116,-153.453871],[177.576861,-153.665929],[177.357468,-154.005331],[177.102267,-154.246999],[176.262212,-154.822443]]}},{"type":"Feature","id":"104--INGAME","properties":{"roadId":"104--INGAME","width":105.0,"hidden":true},"geometry":{"type":"LineString","coordinates":[[214.911493,-158.926954],[215.496824,-158.374192]]}},{"type":"Feature","id":"1050-Newwworld","properties":{"roadId":"1050-Newwworld","width":106.9,"hidden":true},"geometry":{"type":"LineString","coordinates":[[75.514197,-205.594308],[75.741897,-205.458422],[75.874693,-205.369203],[76.209885,-205.13922],[76.299469,-205.217024],[76.628255,-205.243517],[76.885973,-205.262892],[76.978204,-205.533874],[77.005634,-205.756748]]}},{"type":"Feature","id":"1051-Newwworld","properties":{"roadId":"1051-Newwworld","width":106.9,"hidden":true},"geometry":{"type":"LineString","coordinates":[[73.106211,-205.243482],[73.464207,-204.819288]]}},{"type":"Feature","id":"1052-Newwworld","properties":{"roadId":"1052-Newwworld","width":106.9,"hidden":true},"geometry":{"type":"LineString","coordinates":[[75.514197,-205.594308],[75.573555,-205.737764],[75.590421,-205.87838],[75.615222,-206.025143]]}},{"type":"Feature","id":"1053-Newwworld","properties":{"roadId":"1053-Newwworld","width":106.9,"hidden":true},"geometry":{"type":"LineString","coordinates":[[73.106211,-205.243482],[72.752929,-205.195106],[72.574647,-205.064306],[72.475628,-204.981607],[72.55831,-204.358132]]}},{"type":"Feature","id":"1054-Newwworld","properties":{"roadId":"1054-Newwworld","width":106.9,"hidden":true},"geometry":{"type":"LineString","coordinates":[[74.900072,-206.896214],[74.615626,-206.594494]]}},{"type":"Feature","id":"1055-Newwworld","properties":{"roadId":"1055-Newwworld","width":108.8,"hidden":true},"geometry":{"type":"LineString","coordinates":[[71.080128,-213.232641],[70.817679,-212.895218],[70.757315,-212.564818]]}},{"type":"Feature","id":"1056-Newwworld","properties":{"roadId":"1056-Newwworld","width":110.7,"hidden":true},"geometry":{"type":"LineString","coordinates":[[79.944889,-218.483727],[80.447235,-219.11333],[80.702253,-219.638158],[81.069771,-220.116632],[81.816736,-220.855002],[81.972405,-221.108128],[82.055113,-221.528442],[82.135539,-221.716811],[82.156911,-222.09893],[82.12599,-222.260563],[81.867604,-222.518289],[81.455094,-222.762214],[81.225458,-222.998412],[81.178383,-223.394247]]}},{"type":"Feature","id":"1057-Newwworld","properties":{"roadId":"1057-Newwworld","width":106.9,"hidden":true},"geometry":{"type":"LineString","coordinates":[[75.256123,-206.858045],[74.900072,-206.896214]]}},{"type":"Feature","id":"1058-Newwworld","properties":{"roadId":"1058-Newwworld","width":106.9,"hidden":true},"geometry":{"type":"LineString","coordinates":[[77.005634,-205.756748],[77.404785,-206.024969],[77.506773,-206.01819],[77.956966,-206.182427],[78.516143,-206.293495],[78.72525,-206.513799],[79.074912,-206.627289],[79.373168,-206.583878],[80.135966,-206.981127],[81.45999,-207.20243],[82.853067,-207.443412],[84.043653,-206.861778],[84.693664,-206.255708],[85.710108,-206.274927],[86.177462,-206.024058],[86.923298,-206.287088],[87.524151,-206.811266],[88.067451,-206.84933],[88.404197,-207.109426],[89.857015,-207.263784],[90.317346,-207.453507],[90.72062,-207.366007],[91.420779,-207.487231],[91.853792,-207.415365],[92.258212,-207.582779],[93.164457,-207.576181],[94.205328,-207.840392],[94.667795,-208.114768],[95.004454,-208.080853],[95.694083,-208.480334],[96.147461,-208.871941],[96.426291,-209.042948]]}},{"type":"Feature","id":"1059-Newwworld","properties":{"roadId":"1059-Newwworld","width":106.9,"hidden":true},"geometry":{"type":"LineString","coordinates":[[75.256123,-206.858045],[75.312156,-207.00558],[75.313762,-207.209921],[75.319813,-207.417353],[75.372174,-207.511502],[75.535916,-207.553152],[75.724389,-207.615782],[75.877332,-207.480799],[75.894936,-207.192439],[76.062862,-206.885988],[76.074807,-206.660952]]}},{"type":"Feature","id":"105--INGAME","properties":{"roadId":"105--INGAME","width":148.7,"hidden":true},"geometry":{"type":"LineString","coordinates":[[124.590265,-53.697543],[125.030627,-54.872252],[125.757695,-56.280052]]}},{"type":"Feature","id":"1060-Newwworld","properties":{"roadId":"1060-Newwworld","width":106.9,"hidden":true},"geometry":{"type":"LineString","coordinates":[[74.398473,-208.972384],[74.267778,-209.042228],[74.059288,-209.119563],[74.002265,-209.223713],[73.948029,-209.423549],[74.006501,-209.549139],[73.991345,-209.686484],[73.913046,-209.823854],[73.900563,-210.072153],[73.975355,-210.336356],[73.902039,-210.519611]]}},{"type":"Feature","id":"1061-Newwworld","properties":{"roadId":"1061-Newwworld","width":110.7,"hidden":true},"geometry":{"type":"LineString","coordinates":[[81.178383,-223.394247],[81.354998,-223.529143],[81.476587,-223.455619]]}},{"type":"Feature","id":"1062-Newwworld","properties":{"roadId":"1062-Newwworld","width":106.9,"hidden":true},"geometry":{"type":"LineString","coordinates":[[74.398473,-208.972384],[74.346546,-209.185466],[74.406389,-209.33604],[74.616477,-209.476014],[74.686816,-209.675798],[74.794455,-209.820416],[74.785123,-209.993064]]}},{"type":"Feature","id":"1063-Newwworld","properties":{"roadId":"1063-Newwworld","width":108.8,"hidden":true},"geometry":{"type":"LineString","coordinates":[[65.634294,-208.780647],[65.697471,-208.506176],[65.743044,-208.280541],[65.917819,-208.150723],[66.196796,-207.860557],[66.42427,-207.741329],[66.479236,-207.589628],[66.32861,-207.202343],[66.3346,-206.936821],[66.530434,-206.893349],[66.753464,-206.72623],[66.932093,-206.624485],[66.967345,-206.465544],[66.861381,-206.336967],[66.805296,-206.216454],[66.703525,-206.046055],[66.508429,-205.836748]]}},{"type":"Feature","id":"1064-Newwworld","properties":{"roadId":"1064-Newwworld","width":108.8,"hidden":true},"geometry":{"type":"LineString","coordinates":[[66.875071,-209.446136],[66.360989,-209.379937],[66.081465,-209.28992],[65.84597,-209.11169],[65.634294,-208.780647]]}},{"type":"Feature","id":"1065-Newwworld","properties":{"roadId":"1065-Newwworld","width":101.2,"hidden":true},"geometry":{"type":"LineString","coordinates":[[65.634294,-208.780647],[65.621499,-209.255145],[65.500899,-209.951814]]}},{"type":"Feature","id":"1066-Newwworld","properties":{"roadId":"1066-Newwworld","width":101.2,"hidden":true},"geometry":{"type":"LineString","coordinates":[[65.500899,-209.951814],[66.052498,-209.700841],[66.489132,-209.586787],[66.875071,-209.446136]]}},{"type":"Feature","id":"1067-Newwworld","properties":{"roadId":"1067-Newwworld","width":110.7,"hidden":true},"geometry":{"type":"LineString","coordinates":[[59.028117,-227.031933],[59.58969,-226.960579],[60.232548,-226.613182],[60.519103,-226.640352],[60.601863,-226.383927],[61.088914,-226.018822],[61.881425,-226.398771],[62.096408,-226.838877],[62.342277,-226.923339],[62.768051,-226.741567],[63.333791,-226.482973],[63.530658,-226.072468],[63.833012,-226.116045],[64.246685,-226.504935],[64.416321,-226.459448],[64.550193,-226.255107],[64.620644,-226.032798],[65.056965,-226.018822],[65.732367,-225.943301],[65.749042,-225.852502],[65.737862,-225.650678],[65.806742,-225.566824],[65.806508,-225.426285],[65.888565,-225.257274],[66.233471,-224.656578],[66.367308,-224.422376],[66.51171,-224.315257],[66.514687,-224.232618],[66.726346,-224.07142],[66.720695,-223.684613],[67.073752,-223.2485],[68.109137,-223.043204],[68.964288,-223.037649],[69.117899,-222.763082],[69.406841,-222.738863],[69.932312,-223.018812],[70.131687,-222.949454],[70.902593,-222.951016]]}},{"type":"Feature","id":"1068-Newwworld","properties":{"roadId":"1068-Newwworld","width":101.2,"hidden":true},"geometry":{"type":"LineString","coordinates":[[65.500899,-209.951814],[65.098242,-210.73173],[64.917816,-210.949188],[64.69798,-211.144579],[64.495123,-211.220907],[64.247345,-211.669971],[64.096016,-211.764972],[63.663462,-211.879],[63.248175,-212.070424],[63.060891,-212.323003],[63.070735,-213.060141],[62.985682,-213.344317],[62.867505,-213.446887],[62.652053,-213.495359],[62.531731,-213.663415],[62.543615,-213.861602],[62.452495,-213.917201],[62.189525,-213.874909],[62.111912,-213.825265],[61.954516,-213.876585],[61.773725,-214.166447],[61.442561,-214.365267],[61.386666,-214.661283],[61.272421,-215.185452],[61.054148,-215.680245]]}},{"type":"Feature","id":"1069-Newwworld","properties":{"roadId":"1069-Newwworld","width":110.7,"hidden":false},"geometry":{"type":"LineString","coordinates":[[59.028117,-227.031933],[59.156242,-227.205458],[59.166425,-227.281066],[59.177206,-227.361014],[59.007127,-227.55407],[58.909028,-227.605025],[58.825547,-227.624123],[58.627647,-227.748949],[58.55565,-227.656501],[58.250267,-227.754679],[58.39453,-227.638532],[58.46558,-227.473514],[58.544686,-227.425511],[58.659921,-227.40433],[58.625485,-227.527942],[58.674261,-227.693654],[58.782621,-227.54782],[58.671371,-227.513532]]}},{"type":"Feature","id":"106--INGAME","properties":{"roadId":"106--INGAME","width":101.2,"hidden":false},"geometry":{"type":"LineString","coordinates":[[82.588127,-149.660247],[82.868797,-149.527]]}},{"type":"Feature","id":"1070-Newwworld","properties":{"roadId":"1070-Newwworld","width":105.0,"hidden":true},"geometry":{"type":"LineString","coordinates":[[59.028117,-227.031933],[58.736536,-227.01162],[58.48729,-226.931325],[58.125909,-226.97412],[57.770725,-227.257715],[57.54516,-227.250597],[56.362309,-226.648859],[55.332757,-226.26891],[54.627789,-226.062312],[53.703116,-225.95745],[52.670699,-225.703196],[52.115064,-225.382188],[51.900523,-225.238177],[51.324219,-224.944426],[51.055894,-224.878367],[50.992169,-224.747811]]}},{"type":"Feature","id":"1071-Newwworld","properties":{"roadId":"1071-Newwworld","width":101.2,"hidden":true},"geometry":{"type":"LineString","coordinates":[[42.183277,-202.697944],[43.139079,-201.563149],[43.961555,-201.181081],[44.45338,-201.060013],[45.126872,-200.555871],[46.002968,-199.464826],[46.388352,-199.401501],[46.785801,-199.466406],[47.10522,-199.647361],[47.483729,-199.61342],[47.657184,-199.902214],[47.840023,-200.101286],[47.991196,-200.518154],[48.204912,-200.553996],[48.40881,-200.429178],[48.734835,-200.718962],[48.916546,-200.826974],[49.371773,-200.84207],[49.850959,-201.130534],[50.067461,-201.25116],[50.231229,-201.462602],[50.36103,-201.575015],[50.914305,-201.963714],[51.183724,-201.877638],[52.423589,-202.05111],[54.764587,-202.820176],[56.471329,-203.71116],[57.041825,-203.559718],[57.172677,-203.476046],[57.321661,-203.438016],[57.570759,-203.564787],[57.655569,-203.726863],[57.895266,-203.753425],[58.463176,-203.723503],[58.72809,-203.483312],[59.341668,-203.346766],[59.877182,-203.433468],[59.981974,-203.467122],[60.308503,-203.384952],[60.726664,-203.479275],[61.073766,-204.091647],[61.754532,-203.920301],[62.032077,-204.128192],[62.040922,-204.225441],[62.191166,-204.242585],[62.204013,-204.459209],[62.387599,-204.5571],[62.614223,-205.027345],[62.960118,-205.199541],[63.099832,-205.356929],[63.66631,-205.527893],[64.011458,-205.579456],[64.394307,-205.574655],[64.780584,-205.696461],[65.077243,-205.674734],[65.281515,-205.726574],[65.464024,-205.672034],[65.649476,-205.618406],[65.964807,-205.623449],[66.35611,-205.735932],[66.508429,-205.836748]]}},{"type":"Feature","id":"1072-Newwworld","properties":{"roadId":"1072-Newwworld","width":110.7,"hidden":true},"geometry":{"type":"LineString","coordinates":[[39.557339,-215.790662],[39.548224,-215.624255],[39.483294,-215.57278],[39.470794,-215.396824],[39.489717,-215.333282],[39.562981,-215.147865],[39.473832,-214.981545],[39.334335,-214.881458],[39.299352,-214.816874],[39.374352,-214.67854],[39.365758,-214.564295],[39.346748,-214.416934],[39.485203,-214.288452],[39.525915,-214.090275],[39.60812,-213.915908],[39.715499,-213.865578],[39.76142,-213.48226],[39.801437,-213.292833],[39.847357,-213.154013],[39.917496,-213.06442],[40.020014,-213.012259],[40.066803,-212.995193],[40.229563,-212.996191],[40.449616,-213.006069],[40.686336,-213.021478],[40.770364,-212.924837],[40.898489,-212.751286],[41.050834,-212.640521],[41.174011,-212.572986],[41.41087,-212.520825],[41.542077,-212.294661],[41.670957,-212.250268],[41.80963,-212.227872],[41.899092,-212.125624],[41.948884,-211.896587],[42.07128,-211.699919],[42.409397,-211.398772],[42.680631,-211.117218],[42.927724,-210.974413],[43.007524,-210.821253],[43.199044,-210.626287],[43.216353,-210.469047],[43.204183,-210.269237],[43.083393,-209.969939],[43.027412,-209.762196],[43.019417,-209.609018],[43.023818,-209.446873],[42.887932,-209.209399],[42.729416,-209.067219],[42.69531,-208.956099],[42.689337,-208.736116],[42.6359,-208.646211],[42.455621,-208.5499],[42.345395,-208.374318],[42.379753,-208.213154],[42.419024,-208.102242],[42.506108,-207.971565],[42.572288,-207.928735],[42.627063,-207.842936],[42.591229,-207.791017],[42.50813,-207.807528],[42.429762,-207.758187],[42.355109,-207.456259],[42.358104,-207.374514],[42.431429,-207.26914],[42.475943,-207.099157],[42.499536,-206.545605],[42.517974,-206.329085],[42.466481,-205.949709],[42.360248,-205.733163],[42.24451,-205.43173],[42.147617,-204.966962],[42.102131,-203.481089],[42.183277,-202.697944]]}},{"type":"Feature","id":"1073-Newwworld","properties":{"roadId":"1073-Newwworld","width":80.3,"hidden":true},"geometry":{"type":"LineString","coordinates":[[42.703721,-217.250823],[42.510569,-217.244834],[42.393581,-217.210025],[42.017304,-217.069052],[41.54613,-217.027385],[41.360149,-217.067229],[41.23251,-216.588582],[41.127917,-216.499345],[40.931389,-216.519918],[40.748576,-216.271046],[40.699183,-216.096045],[40.54137,-215.929378],[40.498488,-215.928423],[40.309425,-215.92443],[40.117844,-215.905159],[40.114806,-215.904031],[39.875048,-215.810628],[39.831125,-215.820697],[39.744666,-215.831721],[39.654562,-215.827381],[39.557339,-215.790662]]}},{"type":"Feature","id":"1074-Newwworld","properties":{"roadId":"1074-Newwworld","width":80.3,"hidden":true},"geometry":{"type":"LineString","coordinates":[[39.557339,-215.790662],[39.479908,-215.790055],[39.280168,-215.834586],[38.957424,-215.835194],[38.715062,-215.706634],[38.692579,-215.661842],[38.61185,-215.579116],[38.302387,-215.561842],[38.304817,-215.561668],[38.138931,-215.670176],[37.973566,-215.734499],[37.893097,-215.619308],[37.939104,-215.397085],[37.808375,-215.404289],[37.681985,-215.320261],[37.571395,-215.403855],[37.571134,-215.405678],[37.469745,-215.431373],[37.413321,-215.356633],[37.495526,-215.212969],[37.550909,-214.992569],[37.556551,-214.884496],[37.501169,-214.784695],[37.490405,-214.645641],[37.447349,-214.60078],[37.405248,-214.479304]]}},{"type":"Feature","id":"1075-Newwworld","properties":{"roadId":"1075-Newwworld","width":106.9,"hidden":true},"geometry":{"type":"LineString","coordinates":[[74.398473,-208.972384],[74.516572,-208.614206],[74.525895,-208.409526],[74.61935,-208.186513],[74.739299,-207.976929]]}},{"type":"Feature","id":"1076-Newwworld","properties":{"roadId":"1076-Newwworld","width":106.9,"hidden":true},"geometry":{"type":"LineString","coordinates":[[74.841304,-207.487162],[74.893032,-207.410287],[74.894351,-207.269288],[74.891113,-206.916179],[74.900072,-206.896214]]}},{"type":"Feature","id":"1077-Newwworld","properties":{"roadId":"1077-Newwworld","width":106.9,"hidden":true},"geometry":{"type":"LineString","coordinates":[[74.841304,-207.487162],[74.660896,-207.475704]]}},{"type":"Feature","id":"1078-Newwworld","properties":{"roadId":"1078-Newwworld","width":106.9,"hidden":true},"geometry":{"type":"LineString","coordinates":[[74.697588,-207.829385],[74.719455,-207.744993],[74.804255,-207.59757]]}},{"type":"Feature","id":"1079-Newwworld","properties":{"roadId":"1079-Newwworld","width":106.9,"hidden":true},"geometry":{"type":"LineString","coordinates":[[74.697588,-207.829385],[74.583256,-207.869776]]}},{"type":"Feature","id":"107--INGAME","properties":{"roadId":"107--INGAME","width":87.9,"hidden":true},"geometry":{"type":"LineString","coordinates":[[109.178365,-107.510121],[109.255015,-108.723867],[109.135865,-109.315449],[109.427958,-110.595479],[110.157492,-111.78899],[110.311181,-112.590356],[111.024864,-113.546158],[111.83031,-113.873259],[113.957852,-113.906471],[114.519789,-114.034901],[115.126901,-114.616838],[116.42668,-116.541749],[117.335094,-117.627734],[117.824436,-118.750394],[118.901315,-120.208691],[119.254406,-120.774486],[119.372667,-121.39068],[119.28905,-121.844139],[118.824379,-122.517698],[118.145375,-122.999381]]}},{"type":"Feature","id":"1080-Newwworld","properties":{"roadId":"1080-Newwworld","width":106.9,"hidden":true},"geometry":{"type":"LineString","coordinates":[[74.739299,-207.976929],[74.745852,-207.936391],[74.697588,-207.829385]]}},{"type":"Feature","id":"1081-Newwworld","properties":{"roadId":"1081-Newwworld","width":106.9,"hidden":true},"geometry":{"type":"LineString","coordinates":[[74.804255,-207.59757],[74.841304,-207.487162]]}},{"type":"Feature","id":"1082-Newwworld","properties":{"roadId":"1082-Newwworld","width":106.9,"hidden":true},"geometry":{"type":"LineString","coordinates":[[74.739299,-207.976929],[74.927988,-208.039872],[74.98949,-207.927745],[74.924325,-207.849646],[74.926478,-207.71323],[74.967173,-207.618699],[74.804255,-207.59757]]}},{"type":"Feature","id":"1083-Newwworld","properties":{"roadId":"1083-Newwworld","width":110.7,"hidden":true},"geometry":{"type":"LineString","coordinates":[[70.902593,-222.951016],[70.956508,-222.828186],[70.906039,-222.655182],[71.024902,-222.3169],[71.040762,-221.747627],[70.950188,-221.564119],[70.62017,-220.927659],[70.64767,-220.519932],[70.689997,-220.175313],[70.584727,-219.890589],[70.656533,-219.840416],[70.879598,-219.744756],[70.90577,-219.587203],[70.903964,-219.382949],[71.006465,-218.960551],[71.287629,-218.586852],[71.64546,-218.319924],[71.804176,-218.123743]]}},{"type":"Feature","id":"1084-Newwworld","properties":{"roadId":"1084-Newwworld","width":110.7,"hidden":true},"geometry":{"type":"LineString","coordinates":[[81.178383,-223.394247],[80.831594,-223.392685],[80.30035,-223.499716],[79.648161,-223.451886],[79.188741,-223.309611],[78.689737,-223.468119],[78.544563,-223.538518],[78.320161,-223.64581],[77.937495,-223.67654],[77.368839,-223.50015],[77.222831,-223.327059],[77.095973,-223.26508],[76.781189,-223.283396],[76.569687,-223.273847],[76.369894,-223.372025],[75.890605,-223.309872],[75.513398,-223.17758],[75.178779,-223.122718],[74.843058,-223.23166],[74.513933,-223.202146],[74.317882,-223.067076],[74.128454,-223.021069],[73.802464,-223.001103],[73.35044,-223.120982],[73.182167,-223.248413],[72.885759,-223.27975],[72.470836,-223.245983],[72.176712,-223.322632],[71.512821,-223.263344],[71.265328,-223.148326],[71.049581,-223.112736],[70.902593,-222.951016]]}},{"type":"Feature","id":"1085-Newwworld","properties":{"roadId":"1085-Newwworld","width":106.9,"hidden":true},"geometry":{"type":"LineString","coordinates":[[96.426291,-209.042948],[96.061636,-209.638471],[95.733285,-209.995512],[95.495176,-210.831904],[95.347632,-210.980307],[95.303353,-211.658244],[94.962622,-211.781994],[95.121677,-212.139721],[94.887874,-212.390173]]}},{"type":"Feature","id":"1086-Newwworld","properties":{"roadId":"1086-Newwworld","width":106.9,"hidden":true},"geometry":{"type":"LineString","coordinates":[[94.887874,-212.390173],[94.832657,-212.710886],[94.632821,-213.062858],[94.577239,-213.49516],[94.284061,-213.77049],[93.762644,-214.035057],[93.66537,-214.814096],[93.454605,-215.000555]]}},{"type":"Feature","id":"1087-Newwworld","properties":{"roadId":"1087-Newwworld","width":106.9,"hidden":true},"geometry":{"type":"LineString","coordinates":[[79.225607,-216.457071],[79.185025,-216.750301],[79.581259,-217.354817],[79.643751,-217.595182],[79.654966,-218.021399],[79.690018,-218.25456],[79.944889,-218.483727]]}},{"type":"Feature","id":"1087-Newwworld-INGAME","properties":{"roadId":"1087-Newwworld-INGAME","width":87.9,"hidden":false},"geometry":{"type":"LineString","coordinates":[[96.632237,-81.942674],[96.034727,-82.338491]]}},{"type":"Feature","id":"1088-Newwworld","properties":{"roadId":"1088-Newwworld","width":106.9,"hidden":true},"geometry":{"type":"LineString","coordinates":[[94.887874,-212.390173],[94.437664,-212.40789],[94.008869,-212.590026],[93.648894,-212.622874],[93.042685,-212.484332],[92.705948,-212.379479],[92.402006,-212.279244],[92.047812,-212.232569],[91.786431,-212.126622],[91.428044,-211.846595],[91.222453,-211.897342],[90.872105,-212.228758],[90.358145,-212.563898],[89.752153,-213.318137],[89.294851,-213.258978],[89.06834,-213.45897],[88.441671,-213.651037],[87.5962,-213.811168],[87.234541,-213.858477],[86.958706,-214.097809],[86.700346,-214.238339],[85.980995,-214.424017],[85.477755,-214.671544],[84.804715,-214.844218],[84.719324,-214.992917],[84.573342,-214.86019],[84.442804,-214.990226],[83.97288,-215.076163],[82.832546,-215.246216],[82.41508,-215.636582],[81.901319,-215.983111],[81.364182,-216.163233],[81.0509,-216.381116],[80.622982,-216.795093]]}},{"type":"Feature","id":"1089-Newwworld","properties":{"roadId":"1089-Newwworld","width":106.9,"hidden":true},"geometry":{"type":"LineString","coordinates":[[80.622982,-216.795093],[79.891278,-216.676776],[79.225607,-216.457071]]}},{"type":"Feature","id":"108--INGAME","properties":{"roadId":"108--INGAME","width":74.6,"hidden":false},"geometry":{"type":"LineString","coordinates":[[67.379977,-181.91079],[67.146608,-182.345696],[66.756164,-182.835073],[66.251839,-183.384285],[65.972871,-183.601977],[65.538234,-183.663131],[65.308642,-183.57439]]}},{"type":"Feature","id":"1090-Newwworld","properties":{"roadId":"1090-Newwworld","width":106.9,"hidden":true},"geometry":{"type":"LineString","coordinates":[[80.622982,-216.795093],[80.282711,-217.402386],[80.236487,-217.743013],[80.381089,-217.910895],[80.392148,-218.199698],[79.944889,-218.483727]]}},{"type":"Feature","id":"1091-Newwworld","properties":{"roadId":"1091-Newwworld","width":110.7,"hidden":true},"geometry":{"type":"LineString","coordinates":[[78.118876,-218.054906],[78.810762,-218.493189],[79.505087,-218.568189],[79.944889,-218.483727]]}},{"type":"Feature","id":"1092-Newwworld","properties":{"roadId":"1092-Newwworld","width":110.7,"hidden":true},"geometry":{"type":"LineString","coordinates":[[78.118876,-218.054906],[79.225607,-216.457071]]}},{"type":"Feature","id":"1093-Newwworld","properties":{"roadId":"1093-Newwworld","width":108.8,"hidden":true},"geometry":{"type":"LineString","coordinates":[[72.910039,-215.498213],[72.43601,-215.119913],[71.850287,-214.130683],[71.334079,-213.559136],[71.080128,-213.232641]]}},{"type":"Feature","id":"1094-Newwworld","properties":{"roadId":"1094-Newwworld","width":108.8,"hidden":true},"geometry":{"type":"LineString","coordinates":[[72.910039,-215.498213],[72.641679,-215.562363],[72.240662,-215.723561],[71.799341,-215.768266],[71.057941,-215.914013],[70.514979,-215.938493]]}},{"type":"Feature","id":"1095-Newwworld","properties":{"roadId":"1095-Newwworld","width":108.8,"hidden":false},"geometry":{"type":"LineString","coordinates":[[70.017243,-215.67495],[69.945602,-215.850211],[69.78462,-215.897694],[69.724091,-215.858718],[69.687719,-215.930159],[69.721113,-216.104986],[69.796617,-215.912104]]}},{"type":"Feature","id":"1096-Newwworld","properties":{"roadId":"1096-Newwworld","width":108.8,"hidden":true},"geometry":{"type":"LineString","coordinates":[[70.110047,-212.06144],[69.675818,-211.510613],[69.698926,-211.254709],[69.108333,-210.424733],[68.458921,-210.102822],[67.842001,-209.827369],[67.426053,-209.807517],[67.273813,-209.719305],[67.069767,-209.647629],[66.875071,-209.446136]]}},{"type":"Feature","id":"1097-Newwworld","properties":{"roadId":"1097-Newwworld","width":108.8,"hidden":true},"geometry":{"type":"LineString","coordinates":[[70.017243,-215.67495],[70.035906,-215.521477],[70.166549,-215.328595],[70.168788,-214.976337],[70.258884,-214.672646],[70.442904,-214.447585],[70.483885,-214.28314],[70.44839,-213.986793],[70.29549,-213.639032],[70.278884,-213.307928]]}},{"type":"Feature","id":"1098-Newwworld","properties":{"roadId":"1098-Newwworld","width":139.2,"hidden":false},"geometry":{"type":"LineString","coordinates":[[100.738701,-201.805511],[101.220994,-201.421707],[101.520917,-200.951602]]}},{"type":"Feature","id":"1099-Newwworld","properties":{"roadId":"1099-Newwworld","width":139.2,"hidden":false},"geometry":{"type":"LineString","coordinates":[[100.312076,-200.492728],[100.602277,-200.576913],[101.093884,-200.658224],[101.520917,-200.951602]]}},{"type":"Feature","id":"1100-Newwworld","properties":{"roadId":"1100-Newwworld","width":80.0,"hidden":true},"geometry":{"type":"LineString","coordinates":[[100.738701,-201.805511],[100.769586,-201.465805],[100.714083,-201.191559],[100.429177,-200.652764],[100.312076,-200.492728]]}},{"type":"Feature","id":"1100-Newwworld-INGAME","properties":{"roadId":"1100-Newwworld-INGAME","width":76.5,"hidden":false},"geometry":{"type":"LineString","coordinates":[[66.810756,-177.278214],[67.369447,-177.044732],[67.834232,-176.705408],[68.26156,-176.622882],[68.926527,-176.599444],[69.417657,-176.644089],[69.93285,-176.64224],[70.188979,-176.543758],[70.378251,-176.737162],[70.972975,-176.720157],[71.583073,-176.610825],[71.94323,-176.531293],[72.299117,-176.284634],[73.297315,-176.296214],[73.529208,-176.112299],[73.727038,-175.834581],[74.146944,-175.769615],[74.448386,-175.29944],[74.768656,-174.829864],[75.577913,-174.338438],[75.964633,-173.843923],[76.06551,-173.234372]]}},{"type":"Feature","id":"1101-Newwworld","properties":{"roadId":"1101-Newwworld","width":82.2,"hidden":false},"geometry":{"type":"LineString","coordinates":[[101.773062,-199.386553],[101.921526,-198.961378],[102.409436,-198.284926]]}},{"type":"Feature","id":"1102-Newwworld","properties":{"roadId":"1102-Newwworld","width":82.2,"hidden":true},"geometry":{"type":"LineString","coordinates":[[100.312076,-200.492728],[100.306286,-200.363943],[100.366608,-200.289447],[101.028823,-199.763898],[101.773062,-199.386553]]}},{"type":"Feature","id":"1103-Newwworld","properties":{"roadId":"1103-Newwworld","width":82.2,"hidden":false},"geometry":{"type":"LineString","coordinates":[[101.732862,-199.51809],[101.773062,-199.386553]]}},{"type":"Feature","id":"1104-Newwworld","properties":{"roadId":"1104-Newwworld","width":82.2,"hidden":false},"geometry":{"type":"LineString","coordinates":[[102.63211,-202.747771],[102.701633,-203.119118],[102.82481,-203.338025],[102.924819,-203.69208],[103.198892,-203.975041],[104.334139,-204.703897],[104.92691,-205.100548],[105.66364,-205.772052],[105.705497,-205.810203],[106.50826,-206.238451],[107.057108,-206.603148],[107.53908,-206.909052],[107.923621,-207.04137],[108.229004,-207.198828],[108.678702,-207.643534],[108.947045,-207.861894],[109.501699,-208.133171],[110.447536,-208.587435]]}},{"type":"Feature","id":"1105-Newwworld","properties":{"roadId":"1105-Newwworld","width":139.2,"hidden":true},"geometry":{"type":"LineString","coordinates":[[102.63211,-202.747771],[103.099334,-202.498933],[103.327477,-201.977421],[103.388614,-201.30386],[103.517955,-201.022939],[103.315793,-200.76911],[103.415681,-200.486765],[103.276427,-200.232511],[103.003249,-199.7702],[103.050783,-199.286908],[102.736781,-198.886204],[102.409436,-198.284926]]}},{"type":"Feature","id":"1106-Newwworld","properties":{"roadId":"1106-Newwworld","width":139.2,"hidden":false},"geometry":{"type":"LineString","coordinates":[[102.334375,-202.47685],[102.63211,-202.747771]]}},{"type":"Feature","id":"1107-Newwworld","properties":{"roadId":"1107-Newwworld","width":139.2,"hidden":true},"geometry":{"type":"LineString","coordinates":[[102.334375,-202.47685],[101.697793,-202.228099],[101.251489,-202.1271],[101.054101,-201.889157],[100.738701,-201.805511]]}},{"type":"Feature","id":"1108-Newwworld","properties":{"roadId":"1108-Newwworld","width":82.2,"hidden":false},"geometry":{"type":"LineString","coordinates":[[102.409436,-198.284926],[102.711676,-197.865905],[103.647009,-197.164514],[103.819796,-197.107049],[104.099285,-196.895807],[104.194511,-196.775884],[104.343106,-196.588748],[104.529,-196.456717],[104.73802,-196.243408],[104.976649,-195.991533],[105.06573,-195.898208],[105.12698,-195.583918],[105.156589,-195.3341],[105.193473,-195.194967],[105.256477,-195.073769],[105.427814,-194.994541],[105.558709,-194.95126],[105.805949,-194.832023],[105.904543,-194.629358],[106.000464,-194.424783],[106.213285,-194.089616],[106.399692,-193.747541],[106.71478,-193.39017],[107.140103,-193.119014],[107.350208,-192.876809],[107.485981,-192.714881],[107.51401,-192.28836],[107.602405,-191.925304]]}},{"type":"Feature","id":"1109-Newwworld","properties":{"roadId":"1109-Newwworld","width":82.2,"hidden":false},"geometry":{"type":"LineString","coordinates":[[117.637769,-185.286765],[117.369018,-185.337113]]}},{"type":"Feature","id":"110--INGAME","properties":{"roadId":"110--INGAME","width":105.0,"hidden":true},"geometry":{"type":"LineString","coordinates":[[193.7186,-153.583299],[194.112933,-153.898933],[194.472109,-154.207059],[194.990036,-154.627929],[195.387364,-154.845864],[195.792695,-154.973017],[196.230127,-155.013138],[196.487194,-155.05313],[196.709634,-155.477637],[196.827048,-155.926883],[196.972013,-156.347518],[197.018324,-156.667528],[196.984626,-157.045611],[197.065798,-157.651463],[197.209792,-157.808417],[197.245868,-157.99755],[197.514107,-158.33815],[197.630106,-158.391813],[198.059595,-158.366179],[198.200134,-158.193783],[198.473529,-157.950423],[198.581116,-157.817801],[198.985223,-157.462166],[199.337429,-157.11963],[199.519756,-156.950714],[200.03514,-156.653187],[201.106915,-156.220452]]}},{"type":"Feature","id":"1110-Newwworld","properties":{"roadId":"1110-Newwworld","width":139.2,"hidden":false},"geometry":{"type":"LineString","coordinates":[[101.732862,-199.51809],[101.584173,-199.935122],[101.595266,-200.098448],[101.551968,-200.191825],[101.566291,-200.547937],[101.520917,-200.951602]]}},{"type":"Feature","id":"1111-Newwworld","properties":{"roadId":"1111-Newwworld","width":139.2,"hidden":false},"geometry":{"type":"LineString","coordinates":[[102.334375,-202.47685],[102.078124,-201.654668],[101.929538,-201.499103],[101.855137,-201.402688],[101.520917,-200.951602]]}},{"type":"Feature","id":"1112-Newwworld","properties":{"roadId":"1112-Newwworld","width":74.6,"hidden":false},"geometry":{"type":"LineString","coordinates":[[140.805365,-185.470941],[140.820078,-185.886707],[140.981355,-186.342776],[140.943238,-186.81855],[140.748611,-187.329238],[140.580807,-187.458092],[140.17275,-187.687833],[139.21588,-188.221324],[138.808839,-188.644763],[138.578083,-188.764052]]}},{"type":"Feature","id":"1113-Newwworld","properties":{"roadId":"1113-Newwworld","width":68.9,"hidden":false},"geometry":{"type":"LineString","coordinates":[[137.369363,-182.61897],[137.323061,-182.87371],[137.253738,-183.106402],[137.29846,-184.25743]]}},{"type":"Feature","id":"1114-Newwworld","properties":{"roadId":"1114-Newwworld","width":68.9,"hidden":false},"geometry":{"type":"LineString","coordinates":[[137.369363,-182.61897],[137.782915,-182.383457],[138.123281,-182.156382],[138.381737,-182.071182],[138.872407,-181.647465]]}},{"type":"Feature","id":"1115-Newwworld","properties":{"roadId":"1115-Newwworld","width":99.3,"hidden":false},"geometry":{"type":"LineString","coordinates":[[140.805365,-185.470941],[140.603784,-185.306201],[140.384313,-185.123501],[140.304521,-184.974412],[139.721316,-184.899681],[139.623399,-184.74692]]}},{"type":"Feature","id":"1115-Newwworld-INGAME","properties":{"roadId":"1115-Newwworld-INGAME","width":148.7,"hidden":false},"geometry":{"type":"LineString","coordinates":[[106.362053,-61.322986],[106.502601,-61.468116],[106.904347,-61.458681],[107.183549,-61.703933],[107.414027,-61.537969],[107.734306,-61.482769],[107.999585,-61.53869],[108.211582,-61.654593],[108.579162,-61.625704],[108.994797,-61.593273],[109.20544,-61.727553],[109.338548,-61.594784],[109.859175,-61.538229],[110.289983,-61.800713],[110.698552,-61.786659]]}},{"type":"Feature","id":"1116-Newwworld","properties":{"roadId":"1116-Newwworld","width":74.6,"hidden":false},"geometry":{"type":"LineString","coordinates":[[138.872407,-181.647465],[138.942112,-181.824063],[139.042537,-182.365289],[139.036496,-182.875282],[139.869007,-183.252201],[140.396283,-183.397497],[140.579704,-183.522636]]}},{"type":"Feature","id":"1117-Newwworld","properties":{"roadId":"1117-Newwworld","width":99.3,"hidden":false},"geometry":{"type":"LineString","coordinates":[[137.742151,-184.710175],[137.29846,-184.25743]]}},{"type":"Feature","id":"1118-Newwworld","properties":{"roadId":"1118-Newwworld","width":74.6,"hidden":false},"geometry":{"type":"LineString","coordinates":[[137.29846,-184.25743],[137.380362,-184.687588],[137.479494,-185.184447]]}},{"type":"Feature","id":"1119-Newwworld","properties":{"roadId":"1119-Newwworld","width":74.6,"hidden":false},"geometry":{"type":"LineString","coordinates":[[137.479494,-185.184447],[137.742151,-184.710175]]}},{"type":"Feature","id":"111--INGAME","properties":{"roadId":"111--INGAME","width":106.9,"hidden":false},"geometry":{"type":"LineString","coordinates":[[70.339101,-166.338819],[70.29273,-165.702741],[70.254266,-164.553822],[70.401081,-163.836016],[70.43102,-163.374556],[70.734971,-162.830474],[71.318185,-162.054829],[71.686241,-161.117604],[71.750104,-160.881466],[71.777466,-160.149831],[71.663498,-159.032128],[72.034185,-157.943852],[72.214741,-157.188484],[72.960968,-156.595028],[73.072696,-156.359176],[73.469676,-156.088064]]}},{"type":"Feature","id":"1120-Newwworld","properties":{"roadId":"1120-Newwworld","width":74.6,"hidden":false},"geometry":{"type":"LineString","coordinates":[[138.578083,-188.764052],[138.170225,-188.901578],[137.932681,-189.32454],[137.488782,-189.842119],[137.129501,-190.194855],[136.64178,-190.235194],[136.005597,-190.498649],[136.005275,-190.498502]]}},{"type":"Feature","id":"1121-Newwworld","properties":{"roadId":"1121-Newwworld","width":84.1,"hidden":false},"geometry":{"type":"LineString","coordinates":[[137.479494,-185.184447],[137.528444,-185.665803],[137.536404,-185.88833],[137.735406,-185.995856],[137.944261,-186.219616],[138.144687,-186.65085],[138.512006,-186.957526],[138.671807,-187.349741],[138.691668,-187.750437],[138.824177,-187.943441],[138.79245,-188.203095],[138.631928,-188.581221],[138.578083,-188.764052]]}},{"type":"Feature","id":"1122-Newwworld","properties":{"roadId":"1122-Newwworld","width":99.3,"hidden":false},"geometry":{"type":"LineString","coordinates":[[139.623399,-184.74692],[139.428823,-184.443368],[139.304544,-184.498976]]}},{"type":"Feature","id":"1122-Newwworld-INGAME","properties":{"roadId":"1122-Newwworld-INGAME","width":125.9,"hidden":false},"geometry":{"type":"LineString","coordinates":[[136.005275,-190.498502],[136.038881,-190.556992],[136.099673,-190.735404],[136.431625,-190.990526],[137.041064,-191.295683],[138.032126,-192.219228]]}},{"type":"Feature","id":"1123-Newwworld","properties":{"roadId":"1123-Newwworld","width":99.3,"hidden":false},"geometry":{"type":"LineString","coordinates":[[138.016162,-184.805149],[137.742151,-184.710175]]}},{"type":"Feature","id":"1124-Newwworld","properties":{"roadId":"1124-Newwworld","width":99.3,"hidden":false},"geometry":{"type":"LineString","coordinates":[[139.623399,-184.74692],[139.75951,-184.549983],[139.709423,-184.357413],[139.654467,-184.232283],[139.568216,-184.251415],[139.521211,-184.210356],[139.302052,-184.180034],[139.249439,-184.184201]]}},{"type":"Feature","id":"1125-Newwworld","properties":{"roadId":"1125-Newwworld","width":99.3,"hidden":false},"geometry":{"type":"LineString","coordinates":[[139.304544,-184.498976],[138.81087,-184.719871]]}},{"type":"Feature","id":"1126-Newwworld","properties":{"roadId":"1126-Newwworld","width":99.3,"hidden":false},"geometry":{"type":"LineString","coordinates":[[139.249439,-184.184201],[138.211172,-184.26651],[138.00901,-184.394184],[138.016162,-184.805149]]}},{"type":"Feature","id":"1127-Newwworld","properties":{"roadId":"1127-Newwworld","width":99.3,"hidden":false},"geometry":{"type":"LineString","coordinates":[[139.304544,-184.498976],[139.249439,-184.184201]]}},{"type":"Feature","id":"1128-Newwworld","properties":{"roadId":"1128-Newwworld","width":99.3,"hidden":false},"geometry":{"type":"LineString","coordinates":[[138.81087,-184.719871],[138.54613,-184.838335],[138.481051,-184.867458],[138.35658,-184.923144],[138.016162,-184.805149]]}},{"type":"Feature","id":"1129-Newwworld","properties":{"roadId":"1129-Newwworld","width":99.3,"hidden":false},"geometry":{"type":"LineString","coordinates":[[138.81087,-184.719871],[138.863388,-184.848795],[138.679029,-184.951226],[138.676885,-185.07772],[138.550461,-184.882988],[138.638925,-184.876946],[138.7912,-184.799359]]}},{"type":"Feature","id":"1132-Newwworld","properties":{"roadId":"1132-Newwworld","width":105.0,"hidden":true},"geometry":{"type":"LineString","coordinates":[[236.860959,-187.565028],[236.924588,-186.887491],[237.181533,-186.681406],[238.294211,-186.495789],[239.095776,-186.021516],[239.401767,-185.671888],[239.433798,-185.521436],[239.38293,-185.389396],[239.564875,-185.036131],[239.68024,-184.306467],[239.627983,-184.017039],[239.688747,-183.80288],[239.316784,-183.311229],[239.303502,-183.16622],[239.462444,-182.983216],[239.537531,-182.583527],[239.867654,-181.828247],[239.833626,-181.609496],[239.904546,-181.397334],[239.893782,-181.320528],[239.692219,-180.930127],[239.711577,-180.592809],[239.743868,-180.493303],[239.631889,-180.425256],[239.748816,-179.863379],[239.588399,-179.313421],[239.500031,-178.774512],[239.622253,-178.563375],[239.519475,-178.289849],[239.685882,-177.561262],[239.84656,-177.243735],[239.91965,-177.043604],[239.849858,-176.868699],[239.801074,-176.777448],[239.841351,-176.385537],[239.532323,-175.293876],[239.536403,-175.050967],[239.337357,-174.244671],[239.370169,-173.687967],[239.00489,-172.956411],[238.847685,-172.858841],[238.381885,-172.760881],[238.155495,-172.778728],[237.949939,-172.879275],[237.803237,-172.786263],[237.537958,-172.629448],[237.308617,-172.479673],[236.919901,-172.607391],[236.794119,-172.750725],[236.409482,-172.8149],[236.163995,-172.723789],[235.929706,-172.35134],[235.979099,-171.860548],[235.962953,-171.594401],[235.981269,-171.470156],[235.913474,-171.395295],[235.980574,-171.375798],[236.107571,-171.279956],[235.906182,-171.178341],[235.946286,-171.045059],[235.881442,-170.848027],[235.945505,-170.584242],[236.044898,-170.213259],[235.924237,-169.89996],[235.721633,-169.698136]]}},{"type":"Feature","id":"1134-Newwworld","properties":{"roadId":"1134-Newwworld","width":105.0,"hidden":true},"geometry":{"type":"LineString","coordinates":[[218.732599,-183.463912],[218.251869,-183.301672]]}},{"type":"Feature","id":"1135-Newwworld","properties":{"roadId":"1135-Newwworld","width":105.0,"hidden":true},"geometry":{"type":"LineString","coordinates":[[213.426653,-160.857082],[214.003304,-160.547793],[214.522498,-159.988737],[214.75947,-159.901454]]}},{"type":"Feature","id":"1136-Newwworld","properties":{"roadId":"1136-Newwworld","width":105.0,"hidden":true},"geometry":{"type":"LineString","coordinates":[[218.251869,-183.301672],[218.073048,-183.324745],[217.805773,-183.444068],[217.102559,-183.253607],[216.417487,-183.288286],[216.249952,-183.631378],[216.038059,-183.884261]]}},{"type":"Feature","id":"1145-Newwworld","properties":{"roadId":"1145-Newwworld","width":105.0,"hidden":true},"geometry":{"type":"LineString","coordinates":[[218.251869,-183.301672],[218.603345,-183.077227]]}},{"type":"Feature","id":"1147-Newwworld","properties":{"roadId":"1147-Newwworld","width":89.8,"hidden":true},"geometry":{"type":"LineString","coordinates":[[189.063358,-186.74526],[189.077941,-186.740312],[190.379413,-185.663798],[190.720673,-185.528363],[191.650754,-185.729527],[191.92651,-185.674015],[193.437583,-185.349318]]}},{"type":"Feature","id":"1148-Newwworld","properties":{"roadId":"1148-Newwworld","width":97.4,"hidden":true},"geometry":{"type":"LineString","coordinates":[[172.520351,-151.817633],[172.666011,-150.507351],[173.095691,-147.989642],[173.299233,-147.459172],[173.387637,-147.17589],[173.401569,-147.131245]]}},{"type":"Feature","id":"1149-Newwworld","properties":{"roadId":"1149-Newwworld","width":97.4,"hidden":true},"geometry":{"type":"LineString","coordinates":[[173.401569,-147.131245],[173.888706,-145.57012],[174.062344,-144.793295],[174.003897,-144.342868],[173.314199,-143.456164],[172.783529,-142.20556],[172.611045,-141.418874]]}},{"type":"Feature","id":"114--INGAME","properties":{"roadId":"114--INGAME","width":89.8,"hidden":true},"geometry":{"type":"LineString","coordinates":[[189.063358,-186.74526],[189.057716,-185.587339],[189.226006,-185.347174],[189.136813,-184.462865],[188.743209,-183.690649],[188.49511,-183.560675],[188.122791,-183.273321],[188.33517,-182.679474],[188.369996,-182.248309],[188.062652,-181.913308],[187.700749,-181.777049],[187.180791,-181.68112],[186.826345,-181.429565],[186.615737,-181.352325],[186.016603,-180.805995],[185.454917,-180.752488],[185.261748,-180.628191],[185.117598,-180.42424],[184.96594,-180.335177],[184.77087,-180.101548],[184.629298,-179.830636],[184.440079,-179.70975],[184.206458,-179.417961],[184.309523,-179.091675],[184.481398,-178.939018],[184.348802,-178.525883],[183.302227,-178.148208]]}},{"type":"Feature","id":"1150-Newwworld","properties":{"roadId":"1150-Newwworld","width":97.4,"hidden":true},"geometry":{"type":"LineString","coordinates":[[176.980131,-152.987272],[175.698217,-152.584892]]}},{"type":"Feature","id":"1151-Newwworld","properties":{"roadId":"1151-Newwworld","width":97.4,"hidden":true},"geometry":{"type":"LineString","coordinates":[[173.401569,-147.131245],[173.597698,-147.328763],[173.672221,-147.694555],[173.864487,-148.014964],[174.066458,-149.076339],[174.42159,-149.992592],[174.71028,-150.328105],[175.334935,-150.653124],[175.677531,-151.185487],[176.443697,-151.712997],[176.980131,-152.987272]]}},{"type":"Feature","id":"1152-Newwworld","properties":{"roadId":"1152-Newwworld","width":106.9,"hidden":true},"geometry":{"type":"LineString","coordinates":[[180.88906,-96.788488],[180.301332,-96.735641],[179.889039,-96.422046],[179.686208,-96.381863],[179.294401,-96.370422],[179.095165,-96.293573],[179.12789,-96.065734],[178.988341,-95.731531]]}},{"type":"Feature","id":"1153-Newwworld","properties":{"roadId":"1153-Newwworld","width":143.0,"hidden":true},"geometry":{"type":"LineString","coordinates":[[131.162198,-159.27409],[131.340898,-158.768863],[131.624458,-158.071977],[132.302221,-157.643634],[132.752212,-157.010784],[132.883009,-156.157066],[132.898935,-155.233999],[133.358575,-154.383484],[134.026189,-154.014376],[134.94007,-153.683151],[135.413825,-153.135198],[135.670693,-152.486151],[136.215046,-151.903788],[136.46596,-151.513595],[136.552513,-150.907447],[136.599571,-149.618528],[136.878025,-149.022389],[138.220859,-147.689312],[138.351077,-147.434745],[138.523187,-146.995403],[138.832111,-146.555592],[140.231153,-145.670225],[141.5664,-145.501769],[141.77937,-145.286847],[142.036636,-144.910839]]}},{"type":"Feature","id":"1154-Newwworld","properties":{"roadId":"1154-Newwworld","width":116.4,"hidden":true},"geometry":{"type":"LineString","coordinates":[[153.633854,-131.785882],[153.247447,-132.275732],[153.241275,-132.474257],[152.893947,-132.855464],[152.606611,-133.015107],[152.344813,-133.327626],[152.206601,-133.40867],[152.151384,-133.51828],[151.924847,-133.711655],[151.875689,-133.855529],[151.850385,-134.047848],[151.797945,-134.143066],[151.781713,-134.671346],[151.659421,-134.78627],[151.641816,-134.980346],[151.500071,-135.190503],[151.148837,-135.318865],[150.83907,-135.308557],[150.738115,-135.446251],[150.625719,-136.071102],[150.409651,-136.374005],[149.981611,-136.778059],[149.588693,-137.099727],[148.873638,-137.379225],[148.006023,-137.540032],[147.704398,-137.745762],[147.162331,-138.158255],[146.991974,-138.334401],[147.10431,-138.684758],[147.264701,-138.742719],[147.246949,-139.044161],[147.18819,-139.733929],[147.00161,-140.004407],[146.270869,-140.361717],[145.286925,-140.780634],[144.677261,-141.28633],[144.387764,-141.802009],[143.833647,-142.279406],[143.256736,-143.084435],[143.06815,-143.207586],[142.931492,-143.452075],[142.938757,-143.569159],[142.539936,-144.041964],[142.25109,-144.553667],[142.059917,-144.831602],[142.036636,-144.910839]]}},{"type":"Feature","id":"1155-Newwworld","properties":{"roadId":"1155-Newwworld","width":122.1,"hidden":true},"geometry":{"type":"LineString","coordinates":[[13.029645,-194.423533],[12.495702,-194.966737],[12.164798,-195.311253],[11.995874,-195.729049],[12.044138,-195.913043],[12.122871,-196.221707],[11.928947,-196.633028],[11.886412,-196.987022],[11.760977,-197.254046],[11.699172,-197.482006],[11.395178,-197.672866],[11.121392,-197.788648],[10.859412,-198.235212],[10.54205,-198.842888],[10.324601,-199.778099]]}},{"type":"Feature","id":"1156-Newwworld","properties":{"roadId":"1156-Newwworld","width":82.2,"hidden":true},"geometry":{"type":"LineString","coordinates":[[16.414118,-197.186571],[15.911339,-196.966085],[15.586685,-196.680762],[15.480348,-196.437341],[15.133211,-196.360883],[14.478782,-195.9026],[13.389455,-195.449569],[13.091103,-195.123448],[13.029645,-194.423533]]}},{"type":"Feature","id":"1157-Newwworld","properties":{"roadId":"1157-Newwworld","width":122.1,"hidden":true},"geometry":{"type":"LineString","coordinates":[[10.324601,-199.778099],[10.185885,-200.30916],[9.944305,-200.638128],[9.82486,-201.123434],[9.443001,-201.587368],[9.248035,-202.162239],[8.978937,-202.719021],[8.775203,-202.998614],[8.58154,-203.337773],[8.52989,-204.289946],[8.633883,-205.048977],[8.762182,-205.503483],[8.707321,-205.765212],[8.886575,-206.421082],[9.059666,-206.845806],[9.528939,-207.51836],[9.528939,-207.51836],[10.190139,-207.90607],[10.852033,-208.112824],[11.238667,-208.551931],[11.496827,-208.528398],[11.771828,-208.668859],[11.900822,-208.687244],[12.069919,-208.931238],[12.623133,-209.068747],[12.991711,-209.001039],[13.834682,-208.988851],[14.437115,-209.038608],[14.533383,-209.087072],[14.883297,-209.182862],[15.083645,-209.228565],[15.466025,-209.719114],[15.623664,-210.12053],[15.817849,-210.380262],[15.787554,-210.795385],[16.017502,-211.193997],[16.639727,-211.855666],[17.112124,-212.46829],[16.832522,-213.291027],[16.851706,-213.788997]]}},{"type":"Feature","id":"1158-Newwworld","properties":{"roadId":"1158-Newwworld","width":82.2,"hidden":true},"geometry":{"type":"LineString","coordinates":[[16.414118,-197.186571],[16.367156,-197.393178],[16.217937,-197.56666],[15.739029,-197.648787],[15.562466,-197.619542],[14.791109,-197.960194],[14.507862,-198.277452],[13.793276,-198.437123],[13.348743,-198.416272],[13.09935,-198.346515],[12.628428,-198.607783],[11.992489,-198.741264],[11.383372,-199.098965],[11.091791,-199.196127],[10.739793,-199.631519],[10.324601,-199.778099]]}},{"type":"Feature","id":"1159-Newwworld","properties":{"roadId":"1159-Newwworld","width":82.2,"hidden":true},"geometry":{"type":"LineString","coordinates":[[20.547379,-197.659012],[20.387309,-197.465496],[20.213871,-197.179323],[20.04538,-197.033819],[19.197808,-196.688184],[18.602667,-196.404885],[18.241294,-196.39439],[17.160822,-197.029835],[16.414118,-197.186571]]}},{"type":"Feature","id":"1160-Newwworld","properties":{"roadId":"1160-Newwworld","width":122.1,"hidden":true},"geometry":{"type":"LineString","coordinates":[[30.719115,-195.979354],[30.582395,-195.554656],[30.418419,-195.19548],[30.35427,-194.805591],[30.339513,-194.147611],[30.14446,-193.506064],[30.16729,-193.174995],[29.982914,-192.985134],[30.015032,-192.803518],[29.975188,-192.604238],[30.037081,-192.325869],[29.953313,-192.061962],[29.791247,-191.906371],[29.73109,-191.815928],[29.608173,-191.732994],[29.424666,-191.862369],[29.28812,-191.833472],[29.065029,-191.681188],[28.953831,-191.527993],[28.962425,-191.320085],[28.926313,-191.148417],[28.896452,-190.854562],[28.950966,-190.641784]]}},{"type":"Feature","id":"1161-Newwworld","properties":{"roadId":"1161-Newwworld","width":82.2,"hidden":true},"geometry":{"type":"LineString","coordinates":[[20.547379,-197.659012],[20.913352,-197.605566],[21.407364,-197.260226],[21.901376,-197.254393],[22.208929,-197.077795],[22.348513,-196.742724],[22.79322,-196.603497],[23.010755,-196.621092],[23.172474,-196.496092],[23.478812,-196.503904],[23.731591,-196.560232],[24.058502,-196.751778],[24.38602,-196.9269],[24.710934,-196.799357],[25.428819,-196.644226],[25.678559,-196.482394],[25.992796,-196.467619],[26.784119,-196.407758],[27.337332,-196.465961],[27.840199,-196.392732],[28.33395,-196.219016],[28.890463,-196.048824],[29.104873,-196.105821],[29.291419,-196.063998],[29.519631,-196.086359],[29.637861,-196.04563],[29.659302,-196.124354],[29.714163,-196.173816],[29.988383,-196.178139],[30.12788,-196.168183],[30.152446,-196.058729],[30.316422,-196.067913],[30.582743,-196.151533],[30.719115,-195.979354]]}},{"type":"Feature","id":"1162-Newwworld","properties":{"roadId":"1162-Newwworld","width":87.9,"hidden":true},"geometry":{"type":"LineString","coordinates":[[30.905574,-204.318609],[30.905834,-204.321361],[30.740382,-204.584817],[30.829792,-204.905999],[31.140731,-205.009298],[31.150019,-205.010027],[31.495246,-205.192493],[31.739257,-205.625124],[31.739604,-205.620307],[31.944987,-205.923641],[32.08813,-206.171272],[32.097678,-206.270482],[32.139866,-206.622333],[32.144727,-206.620076],[32.033702,-206.906196],[32.008963,-207.154652],[31.981185,-207.208038],[32.037956,-207.282231],[31.91174,-207.614376],[31.910351,-208.064785],[31.765733,-208.373693],[31.671462,-208.539987],[31.438822,-208.819597],[31.384655,-209.03504],[31.4166,-209.139581],[31.402884,-209.224972],[31.246894,-209.278184]]}},{"type":"Feature","id":"1163-Newwworld","properties":{"roadId":"1163-Newwworld","width":122.1,"hidden":true},"geometry":{"type":"LineString","coordinates":[[32.342558,-199.902735],[32.141949,-199.774367],[31.871028,-199.090692],[32.018945,-198.817818],[31.898285,-198.408312],[31.775629,-198.265855],[31.58318,-197.959213],[31.461044,-197.620601],[31.43752,-197.427718],[31.427711,-197.233811],[31.392554,-197.121094],[31.19455,-196.74473],[31.296373,-196.484095]]}},{"type":"Feature","id":"1164-Newwworld","properties":{"roadId":"1164-Newwworld","width":82.2,"hidden":true},"geometry":{"type":"LineString","coordinates":[[30.905574,-204.318609],[30.902362,-204.005926],[31.094637,-203.703694],[31.133352,-203.441549],[31.286998,-203.242425],[31.434916,-203.143649],[31.506964,-202.977858],[31.501062,-202.550583],[31.454187,-202.30691],[31.444898,-201.73005],[31.530315,-201.51781],[31.686739,-201.414884],[31.72667,-201.272045],[31.796115,-201.198512],[31.804361,-200.989709],[31.899587,-200.849214],[31.886046,-200.599352],[31.981879,-200.408935],[32.342558,-199.902735]]}},{"type":"Feature","id":"1166-Newwworld","properties":{"roadId":"1166-Newwworld","width":105.0,"hidden":true},"geometry":{"type":"LineString","coordinates":[[210.598995,-164.095765],[210.59166,-163.817335],[210.640332,-163.571605],[210.580697,-163.402507],[210.586218,-163.152715],[210.71489,-162.651619],[210.604074,-162.265246],[210.669881,-161.890054],[210.919248,-161.670305],[211.085065,-161.270937]]}},{"type":"Feature","id":"1168-Newwworld","properties":{"roadId":"1168-Newwworld","width":105.0,"hidden":true},"geometry":{"type":"LineString","coordinates":[[211.085065,-161.270937],[211.742341,-160.920624],[212.466345,-160.871561],[212.902545,-160.752542],[213.426653,-160.857082]]}},{"type":"Feature","id":"1169-Newwworld","properties":{"roadId":"1169-Newwworld","width":105.0,"hidden":true},"geometry":{"type":"LineString","coordinates":[[201.106915,-156.220452],[201.365787,-156.11592]]}},{"type":"Feature","id":"1170-Newwworld","properties":{"roadId":"1170-Newwworld","width":105.0,"hidden":true},"geometry":{"type":"LineString","coordinates":[[211.085065,-161.270937],[210.840975,-161.220017],[210.285861,-160.992265],[209.687699,-160.923775],[209.559747,-161.016405],[209.25505,-161.102117],[209.080266,-161.047786],[208.788885,-160.932985],[208.240828,-160.670015],[207.907589,-160.625996],[207.591989,-160.600866],[207.394167,-160.666092],[207.23309,-160.661508],[207.165763,-160.634503],[206.962334,-160.43215],[206.70571,-160.313712],[206.52235,-160.326229],[206.220222,-160.1176],[206.018598,-159.946567],[205.847226,-159.914362],[205.660298,-159.775932],[205.582372,-159.677425],[205.417164,-159.427624],[205.385696,-159.080618],[205.329333,-158.948629],[205.319472,-158.846285],[204.69204,-158.171561],[204.486813,-157.687731],[204.072923,-157.303155],[203.562218,-157.114404],[203.162599,-157.055246],[202.853665,-157.064187],[202.586815,-156.98338],[202.242891,-156.799256],[202.065564,-156.734255],[201.895086,-156.575166],[201.610849,-156.481885],[201.335709,-156.359706]]}},{"type":"Feature","id":"1171-Newwworld","properties":{"roadId":"1171-Newwworld","width":105.0,"hidden":true},"geometry":{"type":"LineString","coordinates":[[201.365787,-156.11592],[201.434355,-156.088238],[201.895797,-155.796292],[202.533517,-155.312853],[203.118293,-154.906124],[203.224014,-154.679717],[203.38733,-154.601922],[203.852427,-154.102389],[204.080371,-153.976937],[204.648906,-153.624158],[205.089966,-152.981178],[205.472841,-152.593104],[205.667685,-152.352149],[205.726835,-151.895498],[206.093494,-151.549811],[206.244823,-151.215131],[206.550475,-150.88671],[206.85716,-150.874149],[207.587075,-151.032083],[208.151947,-151.022734],[208.74635,-151.144124],[209.300875,-151.58975],[209.678506,-151.72285],[210.562016,-151.714143]]}},{"type":"Feature","id":"1172-Newwworld","properties":{"roadId":"1172-Newwworld","width":105.0,"hidden":true},"geometry":{"type":"LineString","coordinates":[[201.335709,-156.359706],[201.106915,-156.220452]]}},{"type":"Feature","id":"1173-Newwworld","properties":{"roadId":"1173-Newwworld","width":105.0,"hidden":true},"geometry":{"type":"LineString","coordinates":[[201.365787,-156.11592],[201.335709,-156.359706]]}},{"type":"Feature","id":"1174-Newwworld","properties":{"roadId":"1174-Newwworld","width":93.6,"hidden":true},"geometry":{"type":"LineString","coordinates":[[90.296435,-163.588376],[89.975513,-163.675338]]}},{"type":"Feature","id":"1175-Newwworld","properties":{"roadId":"1175-Newwworld","width":116.4,"hidden":true},"geometry":{"type":"LineString","coordinates":[[92.264627,-168.35025],[92.031944,-168.617013],[91.962821,-168.761588],[92.03072,-169.045573],[91.954886,-169.218282],[91.688523,-169.40047],[91.594712,-169.789343],[91.612403,-169.988189],[91.453314,-170.391342],[91.32853,-170.605526],[91.127922,-170.784494],[91.046672,-170.917081],[90.386817,-171.231839]]}},{"type":"Feature","id":"1175-Newwworld-INGAME","properties":{"roadId":"1175-Newwworld-INGAME","width":97.4,"hidden":false},"geometry":{"type":"LineString","coordinates":[[90.146017,-88.964199],[89.539982,-88.729433]]}},{"type":"Feature","id":"1176-Newwworld","properties":{"roadId":"1176-Newwworld","width":93.6,"hidden":true},"geometry":{"type":"LineString","coordinates":[[90.296435,-163.588376],[90.525229,-163.639227],[90.682209,-163.586431],[91.111385,-163.737283],[91.6563,-164.294186],[91.857499,-164.793302],[91.91927,-165.009457],[91.754183,-165.468287],[91.668714,-166.100685],[91.726483,-166.293211],[91.918246,-166.577683],[91.905529,-166.82659],[91.742065,-167.084586],[91.752698,-167.340463],[91.85427,-167.582183],[92.020329,-167.76773],[92.043975,-167.921264],[92.149384,-168.235206],[92.264627,-168.35025]]}},{"type":"Feature","id":"1177-Newwworld","properties":{"roadId":"1177-Newwworld","width":68.9,"hidden":false},"geometry":{"type":"LineString","coordinates":[[126.333432,-164.324498],[126.514682,-164.449854],[126.813859,-164.453231]]}},{"type":"Feature","id":"1178-Newwworld","properties":{"roadId":"1178-Newwworld","width":169.6,"hidden":false},"geometry":{"type":"LineString","coordinates":[[122.917341,-159.492789],[123.234107,-159.512598],[123.636464,-159.360254],[124.140398,-159.119064],[124.388999,-159.064732],[124.908259,-159.167831],[125.385274,-159.297728],[125.984037,-159.235844],[126.260936,-159.037475],[127.04028,-158.930096],[127.536749,-159.012683],[127.937858,-159.276903],[128.345413,-159.760299],[128.466959,-159.875785],[129.111256,-159.495098],[129.534475,-159.47956],[130.28967,-159.466704],[131.062992,-159.295992],[131.162198,-159.27409]]}},{"type":"Feature","id":"1179-Newwworld","properties":{"roadId":"1179-Newwworld","width":93.6,"hidden":false},"geometry":{"type":"LineString","coordinates":[[111.247929,-161.166475],[110.761235,-160.99473],[110.721938,-160.980867]]}},{"type":"Feature","id":"1180-Newwworld","properties":{"roadId":"1180-Newwworld","width":103.1,"hidden":false},"geometry":{"type":"LineString","coordinates":[[121.038669,-168.652108],[121.735634,-168.73822],[122.539588,-168.708471],[122.864094,-168.354555],[123.745162,-167.714466],[123.86341,-167.5097],[124.300663,-167.108952],[124.67285,-166.465035],[124.826228,-166.178159],[125.070014,-165.96203],[125.31925,-165.633964],[125.357969,-165.493721],[125.54072,-165.343503],[125.727498,-165.120299],[125.787937,-164.895741],[125.935374,-164.742034],[126.068391,-164.513796],[126.208739,-164.364221],[126.333432,-164.324498]]}},{"type":"Feature","id":"1181-Newwworld","properties":{"roadId":"1181-Newwworld","width":86.0,"hidden":false},"geometry":{"type":"LineString","coordinates":[[125.114934,-163.575494],[124.650464,-163.415172]]}},{"type":"Feature","id":"1182-Newwworld","properties":{"roadId":"1182-Newwworld","width":86.0,"hidden":false},"geometry":{"type":"LineString","coordinates":[[124.650464,-163.415172],[124.52485,-163.371813],[124.145891,-163.346951],[124.017276,-163.283219],[123.863226,-163.051751],[123.599523,-162.95906],[123.104023,-163.027801],[122.594835,-162.957254],[122.174857,-162.706845],[121.775115,-162.525924],[121.287206,-162.290654],[121.043727,-162.156166],[120.88044,-161.680097],[120.92867,-161.210495],[121.168979,-161.092847],[121.303513,-160.947117],[121.435742,-160.853401],[121.630544,-160.626534],[121.726249,-160.583123],[121.837017,-160.610102],[122.127637,-160.466759],[122.273093,-160.351776],[122.359973,-160.246064],[122.454087,-160.228764],[122.678106,-160.081897],[122.740272,-160.002574],[122.917341,-159.492789]]}},{"type":"Feature","id":"1183-Newwworld","properties":{"roadId":"1183-Newwworld","width":86.0,"hidden":false},"geometry":{"type":"LineString","coordinates":[[125.114934,-163.575494],[124.757673,-163.701987]]}},{"type":"Feature","id":"1184-Newwworld","properties":{"roadId":"1184-Newwworld","width":86.0,"hidden":false},"geometry":{"type":"LineString","coordinates":[[125.114934,-163.575494],[125.266466,-163.594339],[125.391014,-163.609834],[125.860577,-163.634834],[126.175741,-163.790035],[126.304447,-163.906276]]}},{"type":"Feature","id":"1185-Newwworld","properties":{"roadId":"1185-Newwworld","width":86.0,"hidden":false},"geometry":{"type":"LineString","coordinates":[[124.757673,-163.701987],[124.650464,-163.415172]]}},{"type":"Feature","id":"1186-Newwworld","properties":{"roadId":"1186-Newwworld","width":93.6,"hidden":false},"geometry":{"type":"LineString","coordinates":[[119.521713,-165.166437],[119.185864,-165.119978],[119.034492,-165.203156],[118.778762,-165.213789],[118.678284,-165.110777],[118.630585,-164.916054],[118.514282,-164.81759],[117.891893,-164.483848],[117.683889,-164.037848],[117.518732,-163.860113],[117.302186,-163.887856],[116.810162,-164.127874],[116.518789,-164.095721],[116.36352,-163.982249],[116.158389,-163.745937],[115.94653,-163.66901],[115.639342,-163.555902],[115.530453,-163.40282],[115.028802,-162.776837],[114.537515,-162.344005],[114.266716,-162.209968],[114.164181,-162.251635],[113.966237,-162.218571],[113.768658,-162.117251],[113.601982,-162.035957],[113.102666,-162.137147],[112.705165,-162.018223],[112.469583,-161.785748],[112.189191,-161.460157],[111.247929,-161.166475]]}},{"type":"Feature","id":"1187-Newwworld","properties":{"roadId":"1187-Newwworld","width":86.0,"hidden":false},"geometry":{"type":"LineString","coordinates":[[124.757673,-163.701987],[124.413381,-163.832569],[124.155485,-163.980191],[123.951695,-164.03066],[123.820449,-164.150748],[123.765829,-164.288986],[123.635707,-164.342536],[123.387297,-164.334246],[123.272027,-164.343986],[122.986147,-164.257059],[122.790823,-164.293916],[122.648127,-164.419429],[122.35599,-164.460219],[122.036106,-164.448283],[121.602042,-164.480488],[121.34358,-164.557433],[121.135104,-164.57791],[120.702918,-164.586339],[120.377244,-164.607025],[120.133423,-164.711809],[119.816923,-164.81838],[119.521713,-165.166437]]}},{"type":"Feature","id":"1188-Newwworld","properties":{"roadId":"1188-Newwworld","width":86.0,"hidden":false},"geometry":{"type":"LineString","coordinates":[[126.304447,-163.906276],[126.32946,-164.059923],[126.333432,-164.324498]]}},{"type":"Feature","id":"1189-Newwworld","properties":{"roadId":"1189-Newwworld","width":68.9,"hidden":false},"geometry":{"type":"LineString","coordinates":[[126.813859,-164.453231],[126.793208,-164.290852],[126.832207,-164.054367],[126.785454,-163.83092],[126.488215,-163.780677],[126.304447,-163.906276]]}},{"type":"Feature","id":"1190-Newwworld","properties":{"roadId":"1190-Newwworld","width":59.4,"hidden":true},"geometry":{"type":"LineString","coordinates":[[110.721938,-160.980867],[110.550731,-161.189956],[110.433482,-161.409419],[110.523864,-161.560209],[110.677971,-161.407961],[110.799751,-161.305851],[110.933979,-161.327656],[111.092035,-161.314471],[111.247929,-161.166475]]}},{"type":"Feature","id":"1191-Newwworld","properties":{"roadId":"1191-Newwworld","width":93.6,"hidden":false},"geometry":{"type":"LineString","coordinates":[[111.062564,-159.259984],[110.870914,-159.663718],[110.725176,-160.014892],[110.571373,-160.236698],[110.475019,-160.372054],[110.50343,-160.707316],[110.660054,-160.903384],[110.721938,-160.980867]]}},{"type":"Feature","id":"1192-Newwworld","properties":{"roadId":"1192-Newwworld","width":80.0,"hidden":false},"geometry":{"type":"LineString","coordinates":[[99.382707,-109.975052],[99.440971,-110.218507]]}},{"type":"Feature","id":"1193-Newwworld","properties":{"roadId":"1193-Newwworld","width":80.0,"hidden":false},"geometry":{"type":"LineString","coordinates":[[99.382707,-109.975052],[99.27341,-109.967482],[99.20156,-110.013133],[99.115787,-110.187683],[99.094754,-110.237596],[99.060544,-110.235573],[99.133704,-110.31915],[99.139893,-110.402458],[99.068661,-110.590687],[99.044277,-110.641278],[98.995596,-110.725289],[98.997393,-110.624247],[98.887523,-110.677693],[98.751897,-110.689455],[98.720977,-110.715653],[98.663477,-110.802277],[98.62313,-110.813492],[98.594701,-110.861157],[98.591932,-110.912312],[98.651611,-110.990871],[98.681593,-111.076123],[98.678911,-111.122773],[98.62477,-111.171766]]}},{"type":"Feature","id":"1195-Newwworld","properties":{"roadId":"1195-Newwworld","width":105.0,"hidden":true},"geometry":{"type":"LineString","coordinates":[[236.860959,-187.565028],[236.131183,-187.68127],[235.467031,-187.248508],[235.31052,-187.313769],[235.027359,-187.378604],[234.739598,-187.714074],[234.372062,-187.610428],[233.999925,-187.185782],[233.762511,-187.037353],[233.453656,-186.7071],[233.359038,-186.661701],[233.260947,-186.573905],[233.161034,-186.571778],[233.088377,-186.4667],[232.951484,-186.400493],[232.722838,-186.309408],[232.143322,-185.951264],[231.608511,-185.996724],[231.055384,-185.991586],[230.833682,-185.868946],[230.653299,-185.658998],[230.598004,-185.41411],[230.681945,-185.230741],[230.535851,-184.970662],[230.320139,-184.742701],[230.261458,-184.403264],[230.214409,-184.280425],[230.184374,-184.234878],[230.194444,-184.070129],[230.014148,-183.926587],[229.738019,-183.554546],[228.869873,-183.034544],[228.130374,-182.7518],[227.965964,-182.609074],[227.410754,-182.49916],[227.198687,-182.394603],[226.92195,-182.494872],[226.597123,-183.018155],[226.130975,-183.166897],[225.33974,-183.936709],[224.87637,-184.432561],[224.555536,-184.507978],[224.199805,-184.550661],[224.044423,-184.695583],[223.952582,-184.855054],[223.573328,-184.900497],[223.076972,-184.654203],[222.409869,-184.294045],[221.938687,-184.054522],[221.777575,-184.071275],[221.686776,-184.183133],[221.311341,-184.139965],[221.081913,-184.318108],[220.998058,-184.423264],[220.83929,-184.444766],[220.364897,-184.180989],[220.248316,-183.953575],[219.966197,-183.800042],[219.765068,-183.789417],[219.45465,-183.782707],[218.732599,-183.463912]]}},{"type":"Feature","id":"1197-Newwworld","properties":{"roadId":"1197-Newwworld","width":105.0,"hidden":true},"geometry":{"type":"LineString","coordinates":[[235.721633,-169.698136],[235.943595,-168.094928]]}},{"type":"Feature","id":"1198-Newwworld","properties":{"roadId":"1198-Newwworld","width":105.0,"hidden":true},"geometry":{"type":"LineString","coordinates":[[235.943595,-168.094928],[235.956703,-167.610976],[236.087085,-167.227459],[236.120332,-166.962215],[236.511653,-166.312543],[236.203405,-164.736453],[236.421548,-163.878741],[236.623806,-163.474382],[236.701757,-163.126456],[236.419118,-162.707635],[237.077193,-161.814637],[237.257315,-161.42599],[237.423722,-161.084348],[237.537524,-160.741075],[237.686917,-160.48735],[237.649157,-159.858849],[237.472941,-159.70266],[237.234398,-159.503431],[237.123808,-159.427155],[237.095075,-159.271113],[237.171204,-159.018239],[237.158443,-158.683264],[237.145509,-158.499774],[237.168599,-158.28354],[237.291777,-158.096691],[237.30393,-157.772262],[237.226238,-157.666568],[236.98405,-157.692479],[236.690039,-157.562279],[236.504621,-157.244483],[236.31226,-156.936062],[236.102276,-156.751538],[236.076235,-156.462978]]}},{"type":"Feature","id":"1199-Newwworld","properties":{"roadId":"1199-Newwworld","width":105.0,"hidden":true},"geometry":{"type":"LineString","coordinates":[[235.721633,-169.698136],[234.98413,-169.002231]]}},{"type":"Feature","id":"1200-Newwworld","properties":{"roadId":"1200-Newwworld","width":105.0,"hidden":true},"geometry":{"type":"LineString","coordinates":[[234.98413,-169.002231],[235.400625,-168.401074],[235.943595,-168.094928]]}},{"type":"Feature","id":"1202-Newwworld","properties":{"roadId":"1202-Newwworld","width":105.0,"hidden":true},"geometry":{"type":"LineString","coordinates":[[234.98413,-169.002231],[234.726404,-168.974583],[234.349493,-169.132422],[233.702008,-169.576947],[233.193499,-169.705584],[232.882387,-169.698544],[232.600007,-169.748345],[232.413635,-169.972121],[232.134468,-169.999622],[231.838547,-169.939934],[231.691063,-169.948771],[231.423701,-170.036714],[231.050783,-170.251593],[230.604601,-170.182487],[230.21519,-170.367375]]}},{"type":"Feature","id":"1203-Newwworld","properties":{"roadId":"1203-Newwworld","width":116.4,"hidden":true},"geometry":{"type":"LineString","coordinates":[[92.264627,-168.35025],[92.326233,-168.246673],[92.49935,-168.191994],[92.60205,-168.044823],[92.741556,-167.779414],[93.112981,-167.295515],[93.357738,-167.029829],[93.455221,-166.812189],[93.892324,-166.668933],[93.974468,-166.522032],[94.145163,-166.381936],[94.335103,-165.932212],[94.412508,-165.832785],[94.925791,-165.439103],[95.223075,-165.388946],[95.657269,-165.217652],[96.191194,-164.933433],[96.582871,-164.875333],[96.725658,-164.741175],[97.082152,-164.493006],[97.275191,-164.33863],[97.360712,-164.277345],[97.698309,-164.264073],[97.932242,-164.046372],[98.114673,-163.823351]]}},{"type":"Feature","id":"1205-Newwworld","properties":{"roadId":"1205-Newwworld","width":122.1,"hidden":true},"geometry":{"type":"LineString","coordinates":[[21.727938,-182.023716],[21.852157,-181.868585],[22.077071,-181.802057],[22.268826,-181.674132],[22.576031,-181.639236],[22.840355,-181.744158],[22.944956,-181.816745],[23.209714,-181.808438],[23.531156,-181.681015],[23.86015,-181.458905],[23.987668,-181.251361],[24.265186,-180.966447],[24.658677,-180.719875],[24.854685,-180.65162],[24.980814,-180.688764],[25.06163,-180.750127],[25.120919,-180.754076]]}},{"type":"Feature","id":"1206-Newwworld","properties":{"roadId":"1206-Newwworld","width":122.1,"hidden":false},"geometry":{"type":"LineString","coordinates":[[26.423614,-182.706288],[26.435854,-182.911419],[26.374395,-183.08161],[26.301304,-183.129536],[26.291235,-183.274849],[26.371444,-183.444789],[26.371183,-183.577584],[26.294881,-183.880094],[26.297832,-184.045919],[26.444795,-184.377431],[26.560941,-184.524219],[26.770924,-184.726217],[26.777695,-184.823309],[26.752608,-184.887302],[26.748875,-184.96982],[26.829692,-185.030749],[26.938807,-185.136687],[27.057557,-185.222182],[27.130214,-185.15186],[27.324919,-185.217659],[27.598531,-185.208137],[27.788462,-185.176487],[27.832994,-185.187616],[27.959643,-185.293597],[28.131693,-185.313137],[28.175443,-185.292338]]}},{"type":"Feature","id":"1207-Newwworld","properties":{"roadId":"1207-Newwworld","width":122.1,"hidden":true},"geometry":{"type":"LineString","coordinates":[[26.423614,-182.706288],[26.573528,-182.897955],[26.569101,-183.093485],[26.615715,-183.334241],[26.78681,-183.472332],[27.043929,-183.570944],[27.22353,-183.849721],[27.548444,-183.854018],[27.790719,-184.057386],[27.929001,-184.091579],[27.990112,-184.196119],[28.104522,-184.19013],[28.127005,-184.272561],[28.286381,-184.31717],[28.464593,-184.34553],[28.701833,-184.262031],[28.755479,-184.165104],[28.8014,-183.949834],[28.91607,-183.838184],[28.920671,-183.743974],[28.748622,-183.66821],[28.425704,-183.681144],[28.289332,-183.678618],[28.223099,-183.612428],[28.252353,-183.3682],[28.182821,-183.249606],[27.993758,-183.138694],[27.886032,-183.038824],[27.777091,-182.812122],[27.778393,-182.712104]]}},{"type":"Feature","id":"1208-Newwworld","properties":{"roadId":"1208-Newwworld","width":116.4,"hidden":false},"geometry":{"type":"LineString","coordinates":[[97.939803,-162.028171],[97.782736,-162.532426],[97.853847,-162.712279]]}},{"type":"Feature","id":"1209-Newwworld","properties":{"roadId":"1209-Newwworld","width":86.0,"hidden":true},"geometry":{"type":"LineString","coordinates":[[89.975513,-163.675338],[89.332352,-163.687109],[88.984303,-163.961372],[88.71748,-164.309715],[88.236376,-165.169258],[88.186757,-165.396472],[88.080004,-165.458999],[88.004934,-165.681143],[87.990099,-165.831127],[87.688388,-166.026961],[87.12961,-166.771998],[87.044349,-167.048188],[86.955651,-167.122259]]}},{"type":"Feature","id":"1210-Newwworld","properties":{"roadId":"1210-Newwworld","width":87.9,"hidden":false},"geometry":{"type":"LineString","coordinates":[[99.986849,-120.2906],[99.90217,-120.332245]]}},{"type":"Feature","id":"1211-Newwworld","properties":{"roadId":"1211-Newwworld","width":87.9,"hidden":false},"geometry":{"type":"LineString","coordinates":[[99.90217,-120.332245],[99.986849,-120.2906]]}},{"type":"Feature","id":"1212-Newwworld","properties":{"roadId":"1212-Newwworld","width":97.4,"hidden":true},"geometry":{"type":"LineString","coordinates":[[69.853127,-184.676138],[69.700766,-184.959759],[69.726209,-185.14594],[69.341598,-185.428893],[69.146406,-185.650352],[69.087292,-186.201439],[68.909565,-186.504461],[68.799044,-187.023968],[68.589382,-187.264064],[68.46505,-187.651513],[68.396135,-187.938415],[68.335796,-188.062643],[68.309416,-188.257722],[68.387992,-188.429033],[68.574104,-189.587474],[68.458531,-190.173622],[68.51913,-190.370932],[68.515658,-190.742912],[68.755615,-191.446231],[68.68762,-191.792282],[68.495224,-192.736956],[68.321812,-193.207851],[68.391135,-193.761725],[68.526413,-194.046083],[68.317228,-194.413498],[68.362723,-194.699888],[68.587333,-195.292902],[68.822482,-195.879466],[68.859661,-196.06241],[68.947847,-196.275978],[69.149662,-196.573297],[69.309836,-196.615649],[69.34264,-196.704764],[69.371398,-197.054019],[69.269098,-197.895567],[69.558795,-198.54484],[69.612198,-198.976699],[69.654056,-199.401362],[69.832607,-199.675616],[69.812502,-200.596574],[69.935602,-201.305292],[69.903701,-201.669616],[69.709663,-201.842351],[69.553977,-201.867924],[69.357822,-202.033532],[69.063541,-202.195113],[68.925286,-202.570878],[68.955911,-203.1768],[68.962456,-203.502417]]}},{"type":"Feature","id":"1213-Newwworld","properties":{"roadId":"1213-Newwworld","width":87.9,"hidden":false},"geometry":{"type":"LineString","coordinates":[[95.581244,-90.897287],[95.811375,-91.693297]]}},{"type":"Feature","id":"1214-Newwworld","properties":{"roadId":"1214-Newwworld","width":87.9,"hidden":false},"geometry":{"type":"LineString","coordinates":[[95.741384,-90.064003],[95.667755,-89.96547],[95.627503,-89.948395],[95.520923,-89.986546],[95.415237,-90.015896],[95.286408,-89.936859],[95.167554,-89.949203],[95.066538,-90.061095],[95.011841,-90.172832],[95.024801,-90.357086],[95.129863,-90.480107],[95.16205,-90.618102],[95.162232,-90.783728],[95.312884,-90.886593],[95.581244,-90.897287]]}},{"type":"Feature","id":"1215-Newwworld","properties":{"roadId":"1215-Newwworld","width":80.0,"hidden":false},"geometry":{"type":"LineString","coordinates":[[135.552211,-116.265707],[135.466064,-116.363285]]}},{"type":"Feature","id":"1216-Newwworld","properties":{"roadId":"1216-Newwworld","width":80.0,"hidden":false},"geometry":{"type":"LineString","coordinates":[[135.170779,-116.466784],[135.051828,-116.539119],[135.040563,-116.586194]]}},{"type":"Feature","id":"1217-Newwworld","properties":{"roadId":"1217-Newwworld","width":80.0,"hidden":false},"geometry":{"type":"LineString","coordinates":[[135.170779,-116.466784],[135.099358,-116.339804],[134.902037,-116.244431],[134.699036,-116.066835],[134.584225,-115.91173]]}},{"type":"Feature","id":"1220-Newwworld","properties":{"roadId":"1220-Newwworld","width":80.0,"hidden":false},"geometry":{"type":"LineString","coordinates":[[135.434066,-116.464206],[135.282422,-116.4476],[135.170779,-116.466784]]}},{"type":"Feature","id":"1221-Newwworld","properties":{"roadId":"1221-Newwworld","width":80.0,"hidden":false},"geometry":{"type":"LineString","coordinates":[[135.466064,-116.363285],[135.434066,-116.464206]]}},{"type":"Feature","id":"1222-Newwworld","properties":{"roadId":"1222-Newwworld","width":80.0,"hidden":false},"geometry":{"type":"LineString","coordinates":[[135.434066,-116.464206],[135.580474,-116.471636]]}},{"type":"Feature","id":"1223-Newwworld","properties":{"roadId":"1223-Newwworld","width":80.0,"hidden":false},"geometry":{"type":"LineString","coordinates":[[135.580474,-116.471636],[135.466064,-116.363285]]}},{"type":"Feature","id":"1224-Newwworld","properties":{"roadId":"1224-Newwworld","width":80.0,"hidden":false},"geometry":{"type":"LineString","coordinates":[[135.580474,-116.471636],[135.717501,-116.400282],[135.961359,-116.324943],[136.257321,-116.298094],[137.531317,-116.214396],[137.699087,-116.195385],[137.821049,-116.237512]]}},{"type":"Feature","id":"1225-Newwworld","properties":{"roadId":"1225-Newwworld","width":200.0,"hidden":false},"geometry":{"type":"LineString","coordinates":[[92.311485,-65.486915],[92.149766,-65.663018],[91.936805,-66.006014],[91.652394,-66.197334],[91.525814,-66.468463],[91.543548,-66.654028],[91.722221,-67.084533],[92.064427,-67.24173],[92.496668,-67.224672],[92.721573,-67.304013],[93.00061,-67.758068],[93.246184,-68.101472],[93.251123,-68.462116],[93.60958,-68.62426],[93.850171,-68.85756],[93.877054,-68.997118],[93.942411,-69.336346],[94.127533,-69.585956],[94.143054,-69.906218],[94.822769,-70.458156],[95.08389,-70.453511],[95.418414,-70.330872],[95.916063,-70.273415]]}},{"type":"Feature","id":"1226-Newwworld","properties":{"roadId":"1226-Newwworld","width":144.9,"hidden":false},"geometry":{"type":"LineString","coordinates":[[92.311485,-65.486915],[92.600375,-65.136037],[92.865836,-64.616886],[93.006635,-64.394298],[93.24154,-64.152622],[93.546385,-64.062387],[93.983331,-64.086632]]}},{"type":"Feature","id":"1227-Newwworld","properties":{"roadId":"1227-Newwworld","width":106.9,"hidden":true},"geometry":{"type":"LineString","coordinates":[[181.072263,-94.746363],[180.890223,-94.572057]]}},{"type":"Feature","id":"1228-Newwworld","properties":{"roadId":"1228-Newwworld","width":106.9,"hidden":true},"geometry":{"type":"LineString","coordinates":[[180.88906,-96.788488],[181.114885,-96.191949],[181.025649,-95.416695],[180.845648,-94.915938],[181.072263,-94.746363]]}},{"type":"Feature","id":"1229-Newwworld","properties":{"roadId":"1229-Newwworld","width":105.0,"hidden":true},"geometry":{"type":"LineString","coordinates":[[180.88906,-96.788488],[182.255123,-97.85166],[182.305601,-97.890948]]}},{"type":"Feature","id":"1231-Newwworld","properties":{"roadId":"1231-Newwworld","width":80.0,"hidden":true},"geometry":{"type":"LineString","coordinates":[[92.44876,-155.2559],[92.427848,-155.286933],[92.335582,-155.432602],[92.329697,-155.763115],[92.392006,-155.867134],[92.375331,-156.063064],[92.436069,-156.277552],[92.373968,-156.573074],[92.427805,-156.985819],[92.389237,-157.271627],[92.435183,-157.673937],[92.497926,-157.873261]]}},{"type":"Feature","id":"1232-Newwworld","properties":{"roadId":"1232-Newwworld","width":200.0,"hidden":true},"geometry":{"type":"LineString","coordinates":[[174.674629,-47.239561],[174.353812,-47.713695],[173.515606,-48.020935],[172.272329,-47.950432],[171.547552,-48.222551],[170.307018,-48.224269],[169.41646,-49.11455]]}},{"type":"Feature","id":"1233-Newwworld","properties":{"roadId":"1233-Newwworld","width":61.3,"hidden":true},"geometry":{"type":"LineString","coordinates":[[90.453883,-150.047592],[90.706966,-150.251221],[90.809396,-150.405545],[90.927235,-150.471187],[90.94109,-150.588271],[91.098035,-151.216034],[91.424945,-151.598292],[91.567376,-151.762997],[91.614217,-151.98792],[91.808002,-152.11667],[92.052812,-152.185195],[92.122118,-152.375256],[92.236814,-152.583399],[92.625939,-152.751291],[93.023814,-153.170754],[93.159457,-153.44901],[93.380438,-153.755209],[93.267009,-154.191122],[93.168345,-154.577017],[93.222165,-154.755056],[93.129535,-154.87398],[93.079343,-154.914119],[93.039109,-155.014727],[92.981409,-155.144745],[92.781148,-155.294138],[92.610253,-155.354667],[92.44876,-155.2559]]}},{"type":"Feature","id":"1234-Newwworld","properties":{"roadId":"1234-Newwworld","width":105.0,"hidden":true},"geometry":{"type":"LineString","coordinates":[[197.685054,-130.434153],[197.852476,-130.281139],[197.9291,-130.122283],[198.260047,-129.907771],[198.477991,-129.814716],[198.64826,-129.844432],[198.800292,-129.771396],[198.888773,-129.756197],[199.066291,-129.749059],[199.255598,-129.661446],[199.550078,-129.592618],[199.864567,-129.798053],[200.014333,-130.01533],[200.218969,-130.05919],[200.260584,-130.216107],[200.163326,-130.480446],[200.181399,-130.701708],[200.240479,-130.823512],[200.224134,-131.126005],[200.26765,-131.324451],[200.278535,-131.601033],[200.281087,-131.825654],[200.419039,-131.957363]]}},{"type":"Feature","id":"1235-Newwworld","properties":{"roadId":"1235-Newwworld","width":106.9,"hidden":false},"geometry":{"type":"LineString","coordinates":[[174.674629,-47.239561],[174.798492,-46.975159],[174.784612,-46.606243]]}},{"type":"Feature","id":"1236-Newwworld","properties":{"roadId":"1236-Newwworld","width":106.9,"hidden":false},"geometry":{"type":"LineString","coordinates":[[174.784612,-46.606243],[174.528422,-46.533969],[174.245244,-46.715488],[174.137648,-46.567753],[174.34547,-46.35856],[174.236902,-46.154132],[174.018055,-46.035286],[174.031458,-45.858541],[174.373682,-45.94592],[174.543977,-45.721683]]}},{"type":"Feature","id":"1237-Newwworld","properties":{"roadId":"1237-Newwworld","width":106.9,"hidden":false},"geometry":{"type":"LineString","coordinates":[[174.543977,-45.721683],[174.506251,-45.607672],[174.46771,-45.459911],[174.500757,-45.165822]]}},{"type":"Feature","id":"1238-Newwworld","properties":{"roadId":"1238-Newwworld","width":106.9,"hidden":false},"geometry":{"type":"LineString","coordinates":[[174.784612,-46.606243],[174.892616,-46.299306],[174.760836,-46.213325],[174.700523,-46.000729],[174.587788,-45.91309],[174.633639,-45.796657],[174.543977,-45.721683]]}},{"type":"Feature","id":"1239-Newwworld","properties":{"roadId":"1239-Newwworld","width":200.0,"hidden":true},"geometry":{"type":"LineString","coordinates":[[175.570708,-48.560807],[175.268936,-48.753577],[174.812737,-48.078661],[174.674629,-47.239561]]}},{"type":"Feature","id":"1240-Newwworld","properties":{"roadId":"1240-Newwworld","width":133.5,"hidden":true},"geometry":{"type":"LineString","coordinates":[[175.570708,-48.560807],[175.832766,-49.215957],[175.845075,-49.764353],[176.045918,-50.08155],[176.068679,-51.033585],[176.344912,-51.523378],[177.262467,-51.785002],[178.042496,-52.278606],[178.580979,-53.526553],[179.686304,-54.865438],[180.237825,-56.442457],[180.710292,-56.993483],[180.950813,-58.011785],[180.994624,-58.120892]]}},{"type":"Feature","id":"1241-Newwworld","properties":{"roadId":"1241-Newwworld","width":89.8,"hidden":true},"geometry":{"type":"LineString","coordinates":[[197.809247,-74.71771],[198.102946,-74.457318],[198.253007,-74.363221]]}},{"type":"Feature","id":"1242-Newwworld","properties":{"roadId":"1242-Newwworld","width":120.2,"hidden":true},"geometry":{"type":"LineString","coordinates":[[197.75008,-74.227561],[197.809247,-74.71771]]}},{"type":"Feature","id":"1243-Newwworld","properties":{"roadId":"1243-Newwworld","width":89.8,"hidden":true},"geometry":{"type":"LineString","coordinates":[[198.253007,-74.363221],[199.44098,-73.618244],[200.07073,-72.695828],[201.04069,-71.790894],[201.700858,-71.508567],[202.332657,-71.425381],[202.926513,-70.92761],[203.02377,-69.525236],[203.05252,-69.011015],[203.432843,-67.899492],[203.098414,-67.188631],[202.901747,-66.117967],[202.68764,-65.080342],[202.633066,-64.376633],[202.108593,-63.688653],[201.821726,-62.984432],[201.635527,-62.748216],[201.354589,-62.408033],[201.068069,-62.269421],[201.033642,-61.370755],[200.52877,-60.215152],[200.529769,-59.170296],[200.140193,-58.581032]]}},{"type":"Feature","id":"1244-Newwworld","properties":{"roadId":"1244-Newwworld","width":120.2,"hidden":true},"geometry":{"type":"LineString","coordinates":[[197.75008,-74.227561],[198.253007,-74.363221]]}},{"type":"Feature","id":"1245-Newwworld","properties":{"roadId":"1245-Newwworld","width":120.2,"hidden":true},"geometry":{"type":"LineString","coordinates":[[189.95751,-66.978647],[190.098388,-67.03139],[190.561532,-66.981885],[190.810994,-67.121834],[191.250015,-67.263318],[192.308855,-67.745759],[192.848918,-67.825117],[193.277982,-68.036767],[194.797101,-69.202509],[195.481027,-69.709811],[195.639587,-70.415543],[195.829058,-71.253184],[195.458649,-71.417369],[195.474439,-71.993794],[195.913407,-72.586731],[196.986128,-73.251377],[197.75008,-74.227561]]}},{"type":"Feature","id":"1246-Newwworld","properties":{"roadId":"1246-Newwworld","width":110.7,"hidden":true},"geometry":{"type":"LineString","coordinates":[[186.651926,-80.70036],[186.648524,-80.2566],[186.841701,-79.940966],[186.965929,-79.526389],[186.948516,-79.022317]]}},{"type":"Feature","id":"1247-Newwworld","properties":{"roadId":"1247-Newwworld","width":120.2,"hidden":true},"geometry":{"type":"LineString","coordinates":[[189.273081,-66.506232],[189.442248,-66.447847],[189.766833,-66.566762],[189.869385,-66.692162],[189.95751,-66.978647]]}},{"type":"Feature","id":"1248-Newwworld","properties":{"roadId":"1248-Newwworld","width":120.2,"hidden":false},"geometry":{"type":"LineString","coordinates":[[189.273081,-66.506232],[189.164122,-66.420147],[188.893826,-66.332951]]}},{"type":"Feature","id":"1249-Newwworld","properties":{"roadId":"1249-Newwworld","width":120.2,"hidden":false},"geometry":{"type":"LineString","coordinates":[[188.104917,-66.212855],[187.941002,-66.327916],[187.844031,-66.369678],[187.737729,-66.458455],[187.701478,-66.524097]]}},{"type":"Feature","id":"124--INGAME","properties":{"roadId":"124--INGAME","width":143.0,"hidden":true},"geometry":{"type":"LineString","coordinates":[[139.120914,-159.973121],[138.682397,-160.055213],[138.551182,-160.149675],[138.312222,-160.175126],[137.437402,-160.0849],[137.111645,-160.169744],[136.815151,-160.145014],[136.620595,-160.128789],[136.053742,-159.925855]]}},{"type":"Feature","id":"1250-Newwworld","properties":{"roadId":"1250-Newwworld","width":120.2,"hidden":false},"geometry":{"type":"LineString","coordinates":[[188.104917,-66.212855],[187.984474,-66.071821],[187.784474,-65.945484],[187.592693,-65.917246],[187.424333,-66.104009],[187.483223,-65.900206],[187.206659,-65.791569]]}},{"type":"Feature","id":"1251-Newwworld","properties":{"roadId":"1251-Newwworld","width":120.2,"hidden":false},"geometry":{"type":"LineString","coordinates":[[186.612308,-65.450665],[186.477004,-65.394119],[186.210067,-65.286298]]}},{"type":"Feature","id":"1252-Newwworld","properties":{"roadId":"1252-Newwworld","width":120.2,"hidden":false},"geometry":{"type":"LineString","coordinates":[[186.939071,-65.596941],[186.701328,-65.705995],[186.728906,-65.590474],[186.597169,-65.607436],[186.612308,-65.450665]]}},{"type":"Feature","id":"1253-Newwworld","properties":{"roadId":"1253-Newwworld","width":120.2,"hidden":false},"geometry":{"type":"LineString","coordinates":[[186.612308,-65.450665],[186.939071,-65.596941]]}},{"type":"Feature","id":"1254-Newwworld","properties":{"roadId":"1254-Newwworld","width":120.2,"hidden":false},"geometry":{"type":"LineString","coordinates":[[188.893826,-66.332951],[188.746933,-66.266579]]}},{"type":"Feature","id":"1255-Newwworld","properties":{"roadId":"1255-Newwworld","width":120.2,"hidden":false},"geometry":{"type":"LineString","coordinates":[[188.393495,-66.1492],[188.216376,-66.259799],[188.104917,-66.212855]]}},{"type":"Feature","id":"1256-Newwworld","properties":{"roadId":"1256-Newwworld","width":120.2,"hidden":false},"geometry":{"type":"LineString","coordinates":[[188.893826,-66.332951],[188.844416,-66.497942],[188.672888,-66.518229],[188.575804,-66.462795],[188.472974,-66.351432],[188.393495,-66.1492]]}},{"type":"Feature","id":"1257-Newwworld","properties":{"roadId":"1257-Newwworld","width":120.2,"hidden":false},"geometry":{"type":"LineString","coordinates":[[188.746933,-66.266579],[188.681308,-66.244782],[188.393495,-66.1492]]}},{"type":"Feature","id":"1258-Newwworld","properties":{"roadId":"1258-Newwworld","width":120.2,"hidden":false},"geometry":{"type":"LineString","coordinates":[[188.746933,-66.266579],[188.710162,-66.111387],[188.759269,-66.012351]]}},{"type":"Feature","id":"1259-Newwworld","properties":{"roadId":"1259-Newwworld","width":120.2,"hidden":false},"geometry":{"type":"LineString","coordinates":[[187.701478,-66.524097],[187.666201,-66.587978]]}},{"type":"Feature","id":"1260-Newwworld","properties":{"roadId":"1260-Newwworld","width":120.2,"hidden":false},"geometry":{"type":"LineString","coordinates":[[187.701478,-66.524097],[187.808736,-66.621971],[188.002738,-66.652066]]}},{"type":"Feature","id":"1261-Newwworld","properties":{"roadId":"1261-Newwworld","width":120.2,"hidden":false},"geometry":{"type":"LineString","coordinates":[[187.206659,-65.791569],[186.939071,-65.596941]]}},{"type":"Feature","id":"1262-Newwworld","properties":{"roadId":"1262-Newwworld","width":120.2,"hidden":false},"geometry":{"type":"LineString","coordinates":[[187.701478,-66.524097],[187.500332,-66.519792],[187.324203,-66.437534],[187.09849,-66.408723],[187.218647,-66.380433],[187.211468,-66.291431],[187.043282,-66.142177],[187.005834,-66.00966],[187.067067,-65.903678],[187.18527,-65.927402],[187.206659,-65.791569]]}},{"type":"Feature","id":"1263-Newwworld","properties":{"roadId":"1263-Newwworld","width":106.9,"hidden":true},"geometry":{"type":"LineString","coordinates":[[174.217761,-90.16133],[174.308308,-89.989533],[174.620332,-89.494922]]}},{"type":"Feature","id":"1264-Newwworld","properties":{"roadId":"1264-Newwworld","width":106.9,"hidden":true},"geometry":{"type":"LineString","coordinates":[[166.756581,-86.161568],[165.140022,-85.292642],[163.928768,-85.29107]]}},{"type":"Feature","id":"1265-Newwworld","properties":{"roadId":"1265-Newwworld","width":106.9,"hidden":true},"geometry":{"type":"LineString","coordinates":[[174.217761,-90.16133],[173.898116,-90.18725],[173.711544,-90.153995],[173.386977,-90.432572],[173.300648,-90.949432],[173.406091,-91.20412],[173.393175,-91.342879],[173.179823,-91.56031],[172.609092,-91.720841],[172.293857,-91.617073]]}},{"type":"Feature","id":"1266-Newwworld","properties":{"roadId":"1266-Newwworld","width":106.9,"hidden":true},"geometry":{"type":"LineString","coordinates":[[169.766531,-92.350157],[169.722138,-92.438109],[169.586573,-92.384966],[169.321364,-92.534663],[169.168204,-92.533777]]}},{"type":"Feature","id":"1267-Newwworld","properties":{"roadId":"1267-Newwworld","width":106.9,"hidden":false},"geometry":{"type":"LineString","coordinates":[[169.766531,-92.350157],[169.823562,-92.017473]]}},{"type":"Feature","id":"1268-Newwworld","properties":{"roadId":"1268-Newwworld","width":106.9,"hidden":false},"geometry":{"type":"LineString","coordinates":[[169.475835,-91.402011],[169.408752,-91.458999],[169.284289,-91.35116],[169.209766,-91.484989],[169.2681,-91.725676],[169.417666,-91.804678]]}},{"type":"Feature","id":"1269-Newwworld","properties":{"roadId":"1269-Newwworld","width":106.9,"hidden":false},"geometry":{"type":"LineString","coordinates":[[169.475835,-91.402011],[169.374194,-91.295631],[169.445514,-91.186724]]}},{"type":"Feature","id":"126--INGAME","properties":{"roadId":"126--INGAME","width":82.2,"hidden":false},"geometry":{"type":"LineString","coordinates":[[138.032126,-192.219228],[138.181319,-192.594985],[138.256328,-193.002],[138.270521,-193.814338],[138.449541,-194.19354],[138.484871,-195.124915],[138.436598,-195.406366],[138.347431,-195.728337],[138.067065,-196.314971]]}},{"type":"Feature","id":"1270-Newwworld","properties":{"roadId":"1270-Newwworld","width":106.9,"hidden":false},"geometry":{"type":"LineString","coordinates":[[169.870073,-91.647646],[169.763744,-91.727941],[169.688475,-91.687603],[169.791808,-91.60551],[169.685766,-91.529434],[169.706088,-91.383157],[169.475835,-91.402011]]}},{"type":"Feature","id":"1271-Newwworld","properties":{"roadId":"1271-Newwworld","width":106.9,"hidden":false},"geometry":{"type":"LineString","coordinates":[[169.870073,-91.647646],[169.976748,-91.705207],[170.049995,-91.689365],[170.100959,-91.768653],[170.125499,-91.850962],[170.220499,-91.904053]]}},{"type":"Feature","id":"1272-Newwworld","properties":{"roadId":"1272-Newwworld","width":106.9,"hidden":false},"geometry":{"type":"LineString","coordinates":[[169.823562,-92.017473],[169.948128,-91.955268],[169.848449,-91.857777]]}},{"type":"Feature","id":"1273-Newwworld","properties":{"roadId":"1273-Newwworld","width":106.9,"hidden":false},"geometry":{"type":"LineString","coordinates":[[169.848449,-91.857777],[169.870073,-91.647646]]}},{"type":"Feature","id":"1274-Newwworld","properties":{"roadId":"1274-Newwworld","width":106.9,"hidden":false},"geometry":{"type":"LineString","coordinates":[[169.823562,-92.017473],[169.848449,-91.857777]]}},{"type":"Feature","id":"1275-Newwworld","properties":{"roadId":"1275-Newwworld","width":105.0,"hidden":true},"geometry":{"type":"LineString","coordinates":[[180.062086,-134.16546],[180.257261,-134.815299]]}},{"type":"Feature","id":"1276-Newwworld","properties":{"roadId":"1276-Newwworld","width":105.0,"hidden":false},"geometry":{"type":"LineString","coordinates":[[180.062086,-134.16546],[180.254474,-133.941133],[180.319066,-133.567474],[180.619033,-133.190518],[181.038652,-133.177946],[181.133557,-133.150907],[181.273931,-133.03744],[181.309781,-133.040287],[181.337603,-133.077549],[181.433636,-133.073256],[181.468662,-133.10291],[181.526614,-133.075408]]}},{"type":"Feature","id":"1277-Newwworld","properties":{"roadId":"1277-Newwworld","width":105.0,"hidden":false},"geometry":{"type":"LineString","coordinates":[[181.966589,-133.168722],[182.039341,-133.364125]]}},{"type":"Feature","id":"1278-Newwworld","properties":{"roadId":"1278-Newwworld","width":105.0,"hidden":false},"geometry":{"type":"LineString","coordinates":[[181.669852,-133.205104],[181.76408,-133.113798],[181.827318,-133.075109],[181.966589,-133.168722]]}},{"type":"Feature","id":"1279-Newwworld","properties":{"roadId":"1279-Newwworld","width":105.0,"hidden":false},"geometry":{"type":"LineString","coordinates":[[181.966589,-133.168722],[181.809106,-133.330354],[181.669852,-133.205104]]}},{"type":"Feature","id":"1280-Newwworld","properties":{"roadId":"1280-Newwworld","width":105.0,"hidden":false},"geometry":{"type":"LineString","coordinates":[[181.526614,-133.075408],[181.669852,-133.205104]]}},{"type":"Feature","id":"1281-Newwworld","properties":{"roadId":"1281-Newwworld","width":105.0,"hidden":false},"geometry":{"type":"LineString","coordinates":[[181.526614,-133.075408],[181.549921,-132.946426],[181.490555,-132.824912],[181.522126,-132.602713],[181.585347,-132.787793],[181.711328,-132.659979],[181.740955,-132.551693],[181.827995,-132.504637],[181.902518,-132.555647],[181.933725,-132.531419],[182.04869,-132.371956],[182.116815,-132.108773]]}},{"type":"Feature","id":"1282-Newwworld","properties":{"roadId":"1282-Newwworld","width":105.0,"hidden":true},"geometry":{"type":"LineString","coordinates":[[176.62191,-130.188425],[176.9304,-130.796247],[177.028855,-130.940074],[177.626418,-131.307658],[177.661271,-131.32824],[178.46182,-132.175674],[178.504598,-132.240901],[178.869513,-132.920946],[179.00368,-133.083081],[179.677502,-133.662331],[179.805011,-133.947467],[180.062086,-134.16546]]}},{"type":"Feature","id":"1283-Newwworld","properties":{"roadId":"1283-Newwworld","width":116.4,"hidden":true},"geometry":{"type":"LineString","coordinates":[[170.704016,-127.462563],[170.861178,-127.587445],[171.041057,-127.972228]]}},{"type":"Feature","id":"1284-Newwworld","properties":{"roadId":"1284-Newwworld","width":116.4,"hidden":true},"geometry":{"type":"LineString","coordinates":[[170.704016,-127.462563],[170.575144,-127.094607],[170.59958,-126.503792],[170.277366,-125.760724],[169.985672,-125.429286],[169.914378,-125.140423],[169.977807,-124.959086],[170.002781,-124.604903],[169.896019,-124.232651],[169.793388,-123.99125],[169.844343,-123.668969],[170.124969,-123.30961],[170.428547,-122.808217],[170.667185,-122.143662],[171.233775,-121.276228],[171.363437,-119.591564],[171.417786,-119.348398]]}},{"type":"Feature","id":"1285-Newwworld","properties":{"roadId":"1285-Newwworld","width":84.1,"hidden":true},"geometry":{"type":"LineString","coordinates":[[187.118421,-83.748886],[187.062509,-83.295864],[186.864514,-82.912147],[186.90375,-82.523578],[186.756354,-82.287961],[186.723281,-81.642924],[186.713428,-81.471943],[186.794505,-81.107584],[186.651926,-80.70036]]}},{"type":"Feature","id":"1286-Newwworld","properties":{"roadId":"1286-Newwworld","width":84.1,"hidden":true},"geometry":{"type":"LineString","coordinates":[[187.118421,-83.748886],[186.728862,-83.842402],[186.490962,-83.806743],[186.157011,-83.961023],[185.831047,-84.025919]]}},{"type":"Feature","id":"1287-Newwworld","properties":{"roadId":"1287-Newwworld","width":106.9,"hidden":true},"geometry":{"type":"LineString","coordinates":[[186.352793,-89.676502],[185.990145,-89.882588],[185.465802,-90.461166],[185.420143,-90.753971],[185.098978,-90.862921],[184.588612,-91.303869],[184.245911,-91.864244],[183.912993,-92.870801],[183.609069,-93.152113],[183.121098,-93.351106],[182.105348,-94.193227],[181.983872,-94.293948],[181.783186,-94.547769]]}},{"type":"Feature","id":"1288-Newwworld","properties":{"roadId":"1288-Newwworld","width":80.0,"hidden":true},"geometry":{"type":"LineString","coordinates":[[186.352793,-89.676502],[186.269972,-89.523585],[186.349104,-89.104139],[186.1334,-88.847254],[186.001915,-88.45372]]}},{"type":"Feature","id":"1289-Newwworld","properties":{"roadId":"1289-Newwworld","width":80.0,"hidden":false},"geometry":{"type":"LineString","coordinates":[[184.605192,-85.307546],[184.710444,-85.195228],[184.876616,-84.946963]]}},{"type":"Feature","id":"1290-Newwworld","properties":{"roadId":"1290-Newwworld","width":80.0,"hidden":false},"geometry":{"type":"LineString","coordinates":[[184.222526,-85.583919],[184.333802,-85.496201],[184.38467,-85.391722],[184.421467,-85.352607]]}},{"type":"Feature","id":"1291-Newwworld","properties":{"roadId":"1291-Newwworld","width":80.0,"hidden":false},"geometry":{"type":"LineString","coordinates":[[184.605192,-85.307546],[184.505035,-85.473771],[184.434167,-85.54424],[184.316415,-85.615855],[184.222526,-85.583919]]}},{"type":"Feature","id":"1292-Newwworld","properties":{"roadId":"1292-Newwworld","width":80.0,"hidden":false},"geometry":{"type":"LineString","coordinates":[[184.57001,-85.304664],[184.605192,-85.307546]]}},{"type":"Feature","id":"1292-Newwworld-INGAME","properties":{"roadId":"1292-Newwworld-INGAME","width":105.0,"hidden":true},"geometry":{"type":"LineString","coordinates":[[211.794269,-152.098901],[212.140155,-152.915293],[212.262629,-153.495295],[212.339895,-153.768421],[212.382977,-153.896017],[212.376675,-154.054021],[212.431658,-154.207294],[212.450703,-154.410081],[212.455929,-154.72858],[212.603403,-155.371048],[212.958326,-156.016119],[212.836772,-157.035315],[213.479899,-157.440482],[213.764084,-157.679979],[213.920448,-157.935197],[214.262905,-158.212325],[214.463505,-158.433358]]}},{"type":"Feature","id":"1293-Newwworld","properties":{"roadId":"1293-Newwworld","width":80.0,"hidden":false},"geometry":{"type":"LineString","coordinates":[[184.57001,-85.304664],[184.552162,-85.179369],[184.588517,-85.116079],[184.468351,-84.888491]]}},{"type":"Feature","id":"1294-Newwworld","properties":{"roadId":"1294-Newwworld","width":80.0,"hidden":false},"geometry":{"type":"LineString","coordinates":[[184.057872,-85.947331],[184.090485,-85.821871],[184.201918,-85.664752],[184.222526,-85.583919]]}},{"type":"Feature","id":"1295-Newwworld","properties":{"roadId":"1295-Newwworld","width":84.1,"hidden":true},"geometry":{"type":"LineString","coordinates":[[185.031791,-84.717405],[184.880601,-84.440191],[184.439879,-84.251874],[184.24092,-84.043749]]}},{"type":"Feature","id":"1296-Newwworld","properties":{"roadId":"1296-Newwworld","width":80.0,"hidden":true},"geometry":{"type":"LineString","coordinates":[[182.322476,-81.886779],[182.363379,-82.230426],[182.345167,-82.532789],[182.452624,-82.683753],[182.478622,-82.720272],[182.313092,-83.010837],[182.274411,-83.098112]]}},{"type":"Feature","id":"1297-Newwworld","properties":{"roadId":"1297-Newwworld","width":84.1,"hidden":false},"geometry":{"type":"LineString","coordinates":[[185.031791,-84.717405],[184.876616,-84.946963]]}},{"type":"Feature","id":"1298-Newwworld","properties":{"roadId":"1298-Newwworld","width":80.0,"hidden":true},"geometry":{"type":"LineString","coordinates":[[184.057872,-85.947331],[183.756795,-85.864345],[183.381976,-85.405993],[183.189423,-84.865105],[182.879787,-84.783673],[182.472572,-84.896937]]}},{"type":"Feature","id":"1298-Newwworld-INGAME","properties":{"roadId":"1298-Newwworld-INGAME","width":95.5,"hidden":false},"geometry":{"type":"LineString","coordinates":[[60.150195,-168.01057],[60.510014,-167.88675],[60.784989,-167.62194],[61.369271,-167.246244],[61.855626,-167.181105],[62.643207,-166.7981],[63.188417,-166.732371],[63.560641,-166.759168],[63.90651,-166.858561],[65.099665,-167.560099],[65.726126,-167.691107],[66.481328,-167.964059],[67.45713,-168.01544],[67.733719,-168.091915],[68.153486,-168.417038],[68.621682,-168.508367],[69.470149,-167.977557],[69.692545,-167.573745],[69.955541,-166.995384],[70.1647,-166.498846],[70.339101,-166.338819]]}},{"type":"Feature","id":"1299-Newwworld","properties":{"roadId":"1299-Newwworld","width":110.7,"hidden":true},"geometry":{"type":"LineString","coordinates":[[186.651926,-80.70036],[185.716289,-80.484743]]}},{"type":"Feature","id":"1300-Newwworld","properties":{"roadId":"1300-Newwworld","width":105.0,"hidden":true},"geometry":{"type":"LineString","coordinates":[[182.305601,-97.890948],[182.513379,-98.052659]]}},{"type":"Feature","id":"1301-Newwworld","properties":{"roadId":"1301-Newwworld","width":105.0,"hidden":true},"geometry":{"type":"LineString","coordinates":[[182.513379,-98.052659],[183.069701,-98.146652],[183.27662,-97.987146],[183.341898,-97.58994],[183.955103,-97.575183],[184.339123,-97.089791]]}},{"type":"Feature","id":"1302-Newwworld","properties":{"roadId":"1302-Newwworld","width":105.0,"hidden":true},"geometry":{"type":"LineString","coordinates":[[182.305601,-97.890948],[182.186425,-98.276522]]}},{"type":"Feature","id":"1303-Newwworld","properties":{"roadId":"1303-Newwworld","width":105.0,"hidden":true},"geometry":{"type":"LineString","coordinates":[[182.186425,-98.276522],[182.513379,-98.052659]]}},{"type":"Feature","id":"1304-Newwworld","properties":{"roadId":"1304-Newwworld","width":105.0,"hidden":true},"geometry":{"type":"LineString","coordinates":[[182.262684,-100.503848],[182.244437,-100.104393],[182.235184,-99.902031],[182.130279,-99.420268],[181.989636,-99.292611]]}},{"type":"Feature","id":"1305-Newwworld","properties":{"roadId":"1305-Newwworld","width":131.6,"hidden":false},"geometry":{"type":"LineString","coordinates":[[182.262684,-100.503848],[181.989992,-100.674204],[181.846381,-100.596591],[181.517317,-100.676808],[181.398966,-100.625063],[181.23097,-100.649708],[181.142151,-100.698293],[180.814302,-100.69509],[180.733677,-100.779673],[180.681272,-100.97621],[180.688208,-101.448321],[180.895023,-101.693991],[181.180128,-101.846257],[181.654323,-101.764295],[181.826945,-101.683956],[182.019567,-101.527749],[182.318795,-101.100508],[182.164012,-100.773015],[182.262684,-100.503848]]}},{"type":"Feature","id":"1306-Newwworld","properties":{"roadId":"1306-Newwworld","width":105.0,"hidden":true},"geometry":{"type":"LineString","coordinates":[[200.683797,-137.325006],[200.878363,-137.478591],[200.970586,-137.475674],[201.206125,-137.507272],[201.274294,-137.5713],[201.38728,-137.704165],[201.480831,-137.743592],[201.645493,-137.763158],[201.779573,-137.737377],[201.929582,-137.689017],[202.571303,-137.675154],[202.559272,-137.676726],[202.923796,-137.837646],[202.955376,-137.922152],[202.98002,-137.987803],[202.981825,-138.002438],[202.8314,-138.362257],[202.927919,-138.462284],[203.175376,-138.72192],[203.158276,-138.803413],[203.218927,-139.110923],[203.227746,-139.112885],[203.432773,-139.22851],[203.450508,-139.220958],[204.035102,-139.057277],[204.225649,-139.035254],[204.407855,-139.147017],[204.446422,-139.218076],[204.548836,-139.440186],[204.538871,-139.662913],[204.464634,-139.92182],[204.4569,-139.941126],[204.517421,-140.101673],[204.537074,-140.130406],[204.767187,-140.240901],[205.130175,-140.181343]]}},{"type":"Feature","id":"1307-Newwworld","properties":{"roadId":"1307-Newwworld","width":105.0,"hidden":true},"geometry":{"type":"LineString","coordinates":[[200.419039,-131.957363],[200.628996,-131.955921],[200.913094,-131.956052],[200.956202,-131.952887]]}},{"type":"Feature","id":"1308-Newwworld","properties":{"roadId":"1308-Newwworld","width":105.0,"hidden":true},"geometry":{"type":"LineString","coordinates":[[200.683797,-137.325006],[200.895351,-137.133755],[201.008963,-137.091793],[201.04339,-136.993963],[201.179458,-136.930256],[201.234484,-136.845386],[201.181325,-136.718094],[201.042444,-136.553598],[200.729457,-136.376266],[200.539326,-136.336356],[200.444152,-136.239827],[200.448206,-136.088487],[200.28061,-135.784233],[200.209837,-135.513363],[200.150427,-135.286107]]}},{"type":"Feature","id":"1309-Newwworld","properties":{"roadId":"1309-Newwworld","width":105.0,"hidden":true},"geometry":{"type":"LineString","coordinates":[[200.672521,-132.142452],[200.419039,-131.957363]]}},{"type":"Feature","id":"1310-Newwworld","properties":{"roadId":"1310-Newwworld","width":105.0,"hidden":true},"geometry":{"type":"LineString","coordinates":[[200.891905,-132.196216],[200.891905,-132.196216]]}},{"type":"Feature","id":"1311-Newwworld","properties":{"roadId":"1311-Newwworld","width":105.0,"hidden":true},"geometry":{"type":"LineString","coordinates":[[200.672521,-132.142452],[200.891905,-132.196216]]}},{"type":"Feature","id":"1312-Newwworld","properties":{"roadId":"1312-Newwworld","width":105.0,"hidden":true},"geometry":{"type":"LineString","coordinates":[[208.589232,-132.842463],[208.648407,-132.743257],[208.747296,-132.411143],[208.797444,-132.20578],[208.786524,-131.816431],[208.806498,-131.687065],[208.835309,-131.189881],[208.850951,-131.13148],[209.063808,-130.441848],[209.102219,-130.286019],[209.120596,-129.568594],[209.131681,-129.52735],[209.31196,-128.944284],[209.308331,-128.948287],[209.586822,-128.502079]]}},{"type":"Feature","id":"1313-Newwworld","properties":{"roadId":"1313-Newwworld","width":105.0,"hidden":true},"geometry":{"type":"LineString","coordinates":[[200.891905,-132.196216],[201.158434,-132.644965],[201.444025,-132.868677],[201.637107,-133.106036],[202.044826,-133.082307],[202.561277,-133.219749],[203.110081,-132.615461],[203.93945,-132.221717],[204.247437,-132.086128],[204.653151,-132.383008],[205.128005,-132.464825],[205.451165,-132.335643],[205.790585,-132.420304],[206.142348,-132.465897],[206.385761,-132.342459],[206.712845,-132.282415],[207.113081,-132.147278],[207.493646,-132.25242],[207.732336,-132.46004],[207.859932,-132.495369],[208.106539,-132.538438],[208.589232,-132.842463]]}},{"type":"Feature","id":"1314-Newwworld","properties":{"roadId":"1314-Newwworld","width":105.0,"hidden":true},"geometry":{"type":"LineString","coordinates":[[200.956202,-131.952887],[200.891905,-132.196216]]}},{"type":"Feature","id":"1315-Newwworld","properties":{"roadId":"1315-Newwworld","width":105.0,"hidden":false},"geometry":{"type":"LineString","coordinates":[[200.956202,-131.952887],[201.206759,-131.844817],[201.286091,-131.745315],[201.351638,-131.747073]]}},{"type":"Feature","id":"1316-Newwworld","properties":{"roadId":"1316-Newwworld","width":105.0,"hidden":false},"geometry":{"type":"LineString","coordinates":[[201.351638,-131.747073],[201.392193,-131.695425],[201.448652,-131.610777],[201.399537,-131.474199],[201.472133,-131.392933],[201.613921,-131.366832],[201.705519,-131.341655],[201.8715,-131.2008],[201.909348,-131.321497],[201.933341,-131.517197],[201.947438,-131.648946]]}},{"type":"Feature","id":"1317-Newwworld","properties":{"roadId":"1317-Newwworld","width":105.0,"hidden":false},"geometry":{"type":"LineString","coordinates":[[201.947438,-131.648946],[201.906093,-131.856047]]}},{"type":"Feature","id":"1318-Newwworld","properties":{"roadId":"1318-Newwworld","width":105.0,"hidden":false},"geometry":{"type":"LineString","coordinates":[[201.351638,-131.747073],[201.550015,-131.854194],[201.723922,-131.887884]]}},{"type":"Feature","id":"1319-Newwworld","properties":{"roadId":"1319-Newwworld","width":105.0,"hidden":false},"geometry":{"type":"LineString","coordinates":[[201.906093,-131.856047],[202.152812,-132.113863],[202.14506,-132.358181],[201.860806,-132.395271],[201.777394,-132.244163],[201.703635,-132.245983],[201.568322,-132.048505]]}},{"type":"Feature","id":"1320-Newwworld","properties":{"roadId":"1320-Newwworld","width":105.0,"hidden":false},"geometry":{"type":"LineString","coordinates":[[201.723922,-131.887884],[201.773688,-131.74529],[201.947438,-131.648946]]}},{"type":"Feature","id":"1321-Newwworld","properties":{"roadId":"1321-Newwworld","width":105.0,"hidden":false},"geometry":{"type":"LineString","coordinates":[[201.906093,-131.856047],[201.723922,-131.887884]]}},{"type":"Feature","id":"1322-Boneyard Wolf","properties":{"roadId":"1322-Boneyard Wolf","width":116.4,"hidden":true},"geometry":{"type":"LineString","coordinates":[[171.502595,-118.538666],[171.896034,-118.60594],[172.052997,-118.750455],[172.257546,-118.835863]]}},{"type":"Feature","id":"1322-Newwworld","properties":{"roadId":"1322-Newwworld","width":105.0,"hidden":false},"geometry":{"type":"LineString","coordinates":[[201.568322,-132.048505],[201.28083,-131.951405],[201.212592,-131.833104]]}},{"type":"Feature","id":"1323-Boneyard Wolf","properties":{"roadId":"1323-Boneyard Wolf","width":106.9,"hidden":true},"geometry":{"type":"LineString","coordinates":[[178.988341,-95.731531],[179.235174,-95.256903],[179.021926,-95.040982],[178.8671,-94.744097]]}},{"type":"Feature","id":"1323-Newwworld","properties":{"roadId":"1323-Newwworld","width":105.0,"hidden":false},"geometry":{"type":"LineString","coordinates":[[201.568322,-132.048505],[201.723922,-131.887884]]}},{"type":"Feature","id":"1324-Boneyard Wolf","properties":{"roadId":"1324-Boneyard Wolf","width":116.4,"hidden":true},"geometry":{"type":"LineString","coordinates":[[171.502595,-118.538666],[171.049061,-117.769644],[170.801777,-117.17722],[170.228398,-116.267738],[169.971375,-115.130451],[170.170794,-114.646109],[170.296211,-113.530637],[170.625535,-113.052085],[170.784494,-112.074929],[170.547002,-111.316081],[170.73215,-109.079571],[170.670926,-108.266331],[170.31372,-107.31493],[170.277626,-106.896795],[170.458599,-106.283711],[170.502002,-105.739126],[171.148289,-104.979245],[171.372855,-104.761996],[171.482378,-104.364416],[172.085462,-103.398319],[172.178223,-102.821373],[172.59384,-101.694433],[173.078243,-100.568162],[173.479382,-100.049133]]}},{"type":"Feature","id":"1324-Newwworld","properties":{"roadId":"1324-Newwworld","width":108.8,"hidden":true},"geometry":{"type":"LineString","coordinates":[[70.278884,-213.307928],[70.258936,-212.910288],[70.258658,-212.562874],[70.110047,-212.06144]]}},{"type":"Feature","id":"1325-Boneyard Wolf","properties":{"roadId":"1325-Boneyard Wolf","width":116.4,"hidden":true},"geometry":{"type":"LineString","coordinates":[[177.508137,-96.18372],[177.586253,-96.141967],[178.054779,-96.00477],[178.497454,-95.72772],[178.988341,-95.731531]]}},{"type":"Feature","id":"1325-Newwworld","properties":{"roadId":"1325-Newwworld","width":89.8,"hidden":true},"geometry":{"type":"LineString","coordinates":[[187.01415,-35.835104],[187.952208,-36.037449],[188.211506,-35.960712],[188.369979,-35.643263],[188.995953,-34.914441],[190.448649,-33.293516],[191.61525,-32.9844],[192.128664,-33.139783],[192.685445,-33.332491],[194.012837,-32.893254],[194.425998,-32.664868],[194.930809,-32.205752],[195.386044,-31.932487],[195.852713,-32.018425],[196.218912,-32.283964],[196.369859,-32.732663],[196.64966,-32.893167],[196.943958,-32.78084],[197.171259,-31.979362],[197.58791,-31.377277],[197.648396,-31.097328],[197.838466,-30.877188],[198.078302,-31.013907],[198.537635,-31.08396],[199.000163,-31.095765],[199.547682,-31.100453],[200.292025,-30.903143],[200.853112,-31.139168],[201.311941,-31.456183],[201.670241,-31.567815]]}},{"type":"Feature","id":"1326-Boneyard Wolf","properties":{"roadId":"1326-Boneyard Wolf","width":106.9,"hidden":true},"geometry":{"type":"LineString","coordinates":[[177.301218,-94.414044],[177.305645,-94.220502]]}},{"type":"Feature","id":"1326-Newwworld","properties":{"roadId":"1326-Newwworld","width":89.8,"hidden":true},"geometry":{"type":"LineString","coordinates":[[201.670241,-31.567815],[201.531039,-32.038129],[201.11221,-32.82841],[201.158408,-33.729541],[201.696404,-34.191956],[201.849139,-34.809233],[202.285886,-35.644131],[203.237538,-36.093004],[203.275533,-36.354116],[204.032055,-36.891879],[203.865448,-37.409241],[203.834537,-37.818097]]}},{"type":"Feature","id":"1327-Boneyard Wolf","properties":{"roadId":"1327-Boneyard Wolf","width":116.4,"hidden":true},"geometry":{"type":"LineString","coordinates":[[177.508137,-96.18372],[177.485949,-95.938546],[177.363561,-95.790854],[177.320419,-95.45502],[177.3864,-95.085262],[177.301218,-94.414044]]}},{"type":"Feature","id":"1327-Newwworld","properties":{"roadId":"1327-Newwworld","width":89.8,"hidden":true},"geometry":{"type":"LineString","coordinates":[[203.681324,-33.594124],[203.604041,-33.686052],[203.414891,-33.635183],[203.199248,-33.236658],[203.187694,-32.850459],[203.217321,-32.280491],[203.066973,-31.989431],[202.847658,-31.715646],[202.150139,-31.586045],[201.670241,-31.567815]]}},{"type":"Feature","id":"1328-Boneyard Wolf","properties":{"roadId":"1328-Boneyard Wolf","width":105.0,"hidden":true},"geometry":{"type":"LineString","coordinates":[[181.989636,-99.292611],[181.991207,-99.150275],[182.134854,-98.786715],[182.186425,-98.276522]]}},{"type":"Feature","id":"1328-Newwworld","properties":{"roadId":"1328-Newwworld","width":89.8,"hidden":true},"geometry":{"type":"LineString","coordinates":[[203.834537,-37.818097],[204.044893,-37.690232],[204.511067,-37.359415],[205.241191,-37.264623],[205.496747,-36.966445],[205.40686,-36.505419],[205.307389,-35.954289],[205.028456,-35.171126],[205.185574,-34.673729],[205.403995,-34.434665]]}},{"type":"Feature","id":"1329-Boneyard Wolf","properties":{"roadId":"1329-Boneyard Wolf","width":116.4,"hidden":true},"geometry":{"type":"LineString","coordinates":[[176.014347,-98.187078],[176.234617,-97.774576],[176.623212,-97.472501],[176.79211,-97.236007],[176.69112,-96.868289]]}},{"type":"Feature","id":"1329-Newwworld","properties":{"roadId":"1329-Newwworld","width":89.8,"hidden":false},"geometry":{"type":"LineString","coordinates":[[204.872769,-33.083359],[205.026876,-32.933185],[205.186954,-32.961136],[205.224793,-32.859226],[205.140288,-32.766517],[205.143838,-32.659833],[205.265826,-32.579538],[205.334446,-32.339953],[205.323326,-32.057053],[205.279976,-31.96339]]}},{"type":"Feature","id":"1330-Boneyard Wolf","properties":{"roadId":"1330-Boneyard Wolf","width":105.0,"hidden":true},"geometry":{"type":"LineString","coordinates":[[181.989636,-99.292611],[180.899077,-98.994381],[179.921357,-98.855735],[179.104626,-98.917245],[178.010065,-98.647817],[177.818251,-98.566975],[177.650602,-98.737236],[177.414126,-98.766116],[176.848013,-98.512938],[176.204313,-98.409309],[176.014347,-98.187078]]}},{"type":"Feature","id":"1330-Newwworld","properties":{"roadId":"1330-Newwworld","width":120.2,"hidden":false},"geometry":{"type":"LineString","coordinates":[[203.681324,-33.594124],[203.736793,-33.380582],[203.830422,-33.243602]]}},{"type":"Feature","id":"1331-Boneyard Wolf","properties":{"roadId":"1331-Boneyard Wolf","width":106.9,"hidden":true},"geometry":{"type":"LineString","coordinates":[[172.293857,-91.617073],[172.04955,-91.536656],[171.809923,-91.636943],[171.497092,-91.811093],[171.245503,-91.826804],[170.821091,-91.994157]]}},{"type":"Feature","id":"1331-Newwworld","properties":{"roadId":"1331-Newwworld","width":120.2,"hidden":false},"geometry":{"type":"LineString","coordinates":[[203.830422,-33.243602],[203.955284,-33.206015]]}},{"type":"Feature","id":"1332-Boneyard Wolf","properties":{"roadId":"1332-Boneyard Wolf","width":106.9,"hidden":true},"geometry":{"type":"LineString","coordinates":[[175.130906,-94.221734],[175.739051,-94.295276],[176.227429,-94.103045],[176.530737,-93.984025],[176.721624,-93.847323],[176.947918,-93.888495]]}},{"type":"Feature","id":"1332-Newwworld","properties":{"roadId":"1332-Newwworld","width":200.0,"hidden":true},"geometry":{"type":"LineString","coordinates":[[159.741635,-64.116085],[160.312514,-63.536752],[160.296932,-62.771897],[161.621529,-61.679766],[162.706672,-61.304644],[163.015683,-60.501229],[163.434547,-59.61048],[163.344269,-59.134141]]}},{"type":"Feature","id":"1333-Boneyard Wolf","properties":{"roadId":"1333-Boneyard Wolf","width":106.9,"hidden":true},"geometry":{"type":"LineString","coordinates":[[175.130906,-94.221734],[174.461946,-93.524909],[174.131033,-93.221323]]}},{"type":"Feature","id":"1333-Newwworld","properties":{"roadId":"1333-Newwworld","width":200.0,"hidden":true},"geometry":{"type":"LineString","coordinates":[[159.741635,-64.116085],[159.609474,-65.113198]]}},{"type":"Feature","id":"1334-Boneyard Wolf","properties":{"roadId":"1334-Boneyard Wolf","width":116.4,"hidden":true},"geometry":{"type":"LineString","coordinates":[[176.69112,-96.868289],[176.770721,-96.648522],[176.968795,-96.471959],[177.508137,-96.18372]]}},{"type":"Feature","id":"1334-Newwworld","properties":{"roadId":"1334-Newwworld","width":200.0,"hidden":true},"geometry":{"type":"LineString","coordinates":[[159.08856,-65.125542],[159.741635,-64.116085]]}},{"type":"Feature","id":"1335-Boneyard Wolf","properties":{"roadId":"1335-Boneyard Wolf","width":106.9,"hidden":true},"geometry":{"type":"LineString","coordinates":[[175.130906,-94.221734],[175.396914,-94.714948],[175.513798,-95.094125],[175.494527,-95.234576],[175.397513,-95.525367],[175.44385,-95.802148],[175.623694,-96.058824],[175.585838,-96.372566],[175.626125,-96.485822],[175.884806,-96.879547],[176.136899,-97.103906]]}},{"type":"Feature","id":"1335-Newwworld","properties":{"roadId":"1335-Newwworld","width":200.0,"hidden":true},"geometry":{"type":"LineString","coordinates":[[159.609474,-65.113198],[159.821314,-65.643]]}},{"type":"Feature","id":"1336-Boneyard Wolf","properties":{"roadId":"1336-Boneyard Wolf","width":106.9,"hidden":true},"geometry":{"type":"LineString","coordinates":[[176.136899,-97.103906],[176.69112,-96.868289]]}},{"type":"Feature","id":"1336-Newwworld","properties":{"roadId":"1336-Newwworld","width":200.0,"hidden":true},"geometry":{"type":"LineString","coordinates":[[159.08856,-65.125542],[159.609474,-65.113198]]}},{"type":"Feature","id":"1337-Boneyard Wolf","properties":{"roadId":"1337-Boneyard Wolf","width":106.9,"hidden":true},"geometry":{"type":"LineString","coordinates":[[176.136899,-97.103906],[175.778851,-97.549393],[175.768469,-97.9085],[176.014347,-98.187078]]}},{"type":"Feature","id":"1337-Newwworld","properties":{"roadId":"1337-Newwworld","width":200.0,"hidden":false},"geometry":{"type":"LineString","coordinates":[[159.08856,-65.125542],[158.846112,-65.34523]]}},{"type":"Feature","id":"1338-Boneyard Wolf","properties":{"roadId":"1338-Boneyard Wolf","width":106.9,"hidden":true},"geometry":{"type":"LineString","coordinates":[[169.168204,-92.533777],[169.080608,-92.483248],[168.904054,-92.302596],[168.743749,-92.251172],[168.556049,-92.179401],[168.351257,-92.052786],[168.151551,-92.031224],[167.906073,-92.029453],[167.625056,-91.908506],[167.256617,-91.219337],[167.401644,-90.100566],[167.403623,-89.489904],[167.086061,-88.764199],[167.121617,-87.607927],[166.975471,-86.839505],[166.800887,-86.688211],[166.705131,-86.321708],[166.756581,-86.161568]]}},{"type":"Feature","id":"1338-Newwworld","properties":{"roadId":"1338-Newwworld","width":200.0,"hidden":false},"geometry":{"type":"LineString","coordinates":[[158.137264,-66.077455],[158.199399,-66.510469]]}},{"type":"Feature","id":"1339-Newwworld","properties":{"roadId":"1339-Newwworld","width":200.0,"hidden":false},"geometry":{"type":"LineString","coordinates":[[158.137264,-66.077455],[157.947358,-65.951014]]}},{"type":"Feature","id":"1340-Boneyard Wolf","properties":{"roadId":"1340-Boneyard Wolf","width":106.9,"hidden":true},"geometry":{"type":"LineString","coordinates":[[169.168204,-92.533777],[169.098134,-92.698196],[169.194124,-92.83765],[169.155643,-92.902858],[168.972057,-92.953588],[168.963802,-93.09292],[169.220721,-93.419119],[169.40179,-94.097698],[169.339802,-95.128196],[169.322362,-95.235844],[169.274281,-95.415445],[168.818498,-96.124345],[168.755286,-96.35465],[168.615902,-96.860276],[168.554105,-97.297352]]}},{"type":"Feature","id":"1340-Newwworld","properties":{"roadId":"1340-Newwworld","width":200.0,"hidden":true},"geometry":{"type":"LineString","coordinates":[[157.35266,-66.024026],[157.111566,-66.145589],[156.960662,-66.133401]]}},{"type":"Feature","id":"1341-Newwworld","properties":{"roadId":"1341-Newwworld","width":200.0,"hidden":false},"geometry":{"type":"LineString","coordinates":[[157.35266,-66.024026],[157.310273,-65.786343]]}},{"type":"Feature","id":"1342-Newwworld","properties":{"roadId":"1342-Newwworld","width":200.0,"hidden":false},"geometry":{"type":"LineString","coordinates":[[157.603868,-66.011439],[157.35266,-66.024026]]}},{"type":"Feature","id":"1343-Newwworld","properties":{"roadId":"1343-Newwworld","width":200.0,"hidden":false},"geometry":{"type":"LineString","coordinates":[[157.603868,-66.011439],[157.428702,-65.859946]]}},{"type":"Feature","id":"1344-Newwworld","properties":{"roadId":"1344-Newwworld","width":200.0,"hidden":false},"geometry":{"type":"LineString","coordinates":[[157.809346,-65.931161],[157.603868,-66.011439]]}},{"type":"Feature","id":"1345-Newwworld","properties":{"roadId":"1345-Newwworld","width":200.0,"hidden":false},"geometry":{"type":"LineString","coordinates":[[157.809346,-65.931161],[157.915041,-65.739034],[157.942358,-65.552479]]}},{"type":"Feature","id":"1346-Newwworld","properties":{"roadId":"1346-Newwworld","width":200.0,"hidden":true},"geometry":{"type":"LineString","coordinates":[[157.942358,-65.552479],[157.797115,-65.49846]]}},{"type":"Feature","id":"1347-Newwworld","properties":{"roadId":"1347-Newwworld","width":200.0,"hidden":false},"geometry":{"type":"LineString","coordinates":[[157.942358,-65.552479],[158.063444,-65.639311],[158.077914,-65.75491]]}},{"type":"Feature","id":"1348-Newwworld","properties":{"roadId":"1348-Newwworld","width":200.0,"hidden":false},"geometry":{"type":"LineString","coordinates":[[158.077914,-65.75491],[158.255806,-65.846534]]}},{"type":"Feature","id":"1349-Newwworld","properties":{"roadId":"1349-Newwworld","width":200.0,"hidden":false},"geometry":{"type":"LineString","coordinates":[[157.947358,-65.951014],[157.809346,-65.931161]]}},{"type":"Feature","id":"1350-Newwworld","properties":{"roadId":"1350-Newwworld","width":200.0,"hidden":false},"geometry":{"type":"LineString","coordinates":[[158.077914,-65.75491],[157.947358,-65.951014]]}},{"type":"Feature","id":"1351-Newwworld","properties":{"roadId":"1351-Newwworld","width":200.0,"hidden":false},"geometry":{"type":"LineString","coordinates":[[158.137264,-66.077455],[158.189625,-65.949364],[158.255806,-65.846534]]}},{"type":"Feature","id":"1352-Newwworld","properties":{"roadId":"1352-Newwworld","width":200.0,"hidden":true},"geometry":{"type":"LineString","coordinates":[[156.582172,-70.35095],[157.629085,-68.601439],[157.623772,-68.186637],[157.966716,-67.594561],[158.607925,-66.964463]]}},{"type":"Feature","id":"1353-Newwworld","properties":{"roadId":"1353-Newwworld","width":200.0,"hidden":true},"geometry":{"type":"LineString","coordinates":[[135.144956,-36.347953],[135.091034,-36.428162],[134.73313,-36.714187],[134.139793,-36.970091],[133.316656,-36.915924]]}},{"type":"Feature","id":"1354-Newwworld","properties":{"roadId":"1354-Newwworld","width":200.0,"hidden":false},"geometry":{"type":"LineString","coordinates":[[158.846112,-65.34523],[158.7275,-65.452713],[158.573454,-65.679415]]}},{"type":"Feature","id":"1355-Newwworld","properties":{"roadId":"1355-Newwworld","width":200.0,"hidden":false},"geometry":{"type":"LineString","coordinates":[[158.573454,-65.679415],[158.327568,-65.735015],[158.255806,-65.846534]]}},{"type":"Feature","id":"1356-Newwworld","properties":{"roadId":"1356-Newwworld","width":200.0,"hidden":false},"geometry":{"type":"LineString","coordinates":[[158.846112,-65.34523],[158.573454,-65.679415]]}},{"type":"Feature","id":"1357-Newwworld","properties":{"roadId":"1357-Newwworld","width":200.0,"hidden":true},"geometry":{"type":"LineString","coordinates":[[157.797115,-65.49846],[157.733538,-65.395977],[157.625456,-65.322661],[157.487965,-65.154639],[156.803127,-64.862677],[155.937248,-64.758353],[155.744512,-64.353907],[155.673618,-63.84467],[155.379251,-63.2388],[155.111238,-62.114915],[154.566036,-61.090589],[154.038925,-60.767984],[153.655547,-60.314189],[152.82952,-59.364116]]}},{"type":"Feature","id":"1358-Newwworld","properties":{"roadId":"1358-Newwworld","width":80.0,"hidden":false},"geometry":{"type":"LineString","coordinates":[[158.088956,-65.894772],[157.797115,-65.49846]]}},{"type":"Feature","id":"1359-Newwworld","properties":{"roadId":"1359-Newwworld","width":200.0,"hidden":false},"geometry":{"type":"LineString","coordinates":[[158.199399,-66.510469],[158.269755,-66.603542]]}},{"type":"Feature","id":"1360-Newwworld","properties":{"roadId":"1360-Newwworld","width":200.0,"hidden":true},"geometry":{"type":"LineString","coordinates":[[156.960662,-66.133401],[156.690609,-66.155754],[156.046111,-67.186973],[156.219618,-67.580906],[156.34435,-68.630832],[156.582172,-70.35095]]}},{"type":"Feature","id":"1361-Newwworld","properties":{"roadId":"1361-Newwworld","width":200.0,"hidden":false},"geometry":{"type":"LineString","coordinates":[[158.199399,-66.510469],[157.473963,-66.124434],[156.960662,-66.133401]]}},{"type":"Feature","id":"1362-Newwworld","properties":{"roadId":"1362-Newwworld","width":200.0,"hidden":false},"geometry":{"type":"LineString","coordinates":[[158.269755,-66.603542],[158.45927,-66.800062],[158.607925,-66.964463]]}},{"type":"Feature","id":"1363-Newwworld","properties":{"roadId":"1363-Newwworld","width":80.0,"hidden":false},"geometry":{"type":"LineString","coordinates":[[159.025817,-65.365117],[158.569618,-64.85147],[158.141708,-65.051497],[157.340889,-65.478373],[157.002208,-65.735301],[157.061027,-66.342465],[157.445135,-66.520798],[158.269755,-66.603542]]}},{"type":"Feature","id":"1364-Newwworld","properties":{"roadId":"1364-Newwworld","width":80.0,"hidden":false},"geometry":{"type":"LineString","coordinates":[[184.421467,-85.352607],[184.473959,-85.2968],[184.57001,-85.304664]]}},{"type":"Feature","id":"1365-Newwworld","properties":{"roadId":"1365-Newwworld","width":84.1,"hidden":true},"geometry":{"type":"LineString","coordinates":[[183.672064,-84.100476],[183.635293,-84.114712],[183.589928,-84.107178],[182.840429,-83.982568],[182.802113,-83.942099],[182.596383,-83.724833],[182.551175,-83.412184],[182.274411,-83.098112]]}},{"type":"Feature","id":"1366-Newwworld","properties":{"roadId":"1366-Newwworld","width":80.0,"hidden":false},"geometry":{"type":"LineString","coordinates":[[184.421467,-85.352607],[184.335608,-85.162398],[184.213654,-85.032606],[184.012594,-84.859454],[183.930164,-84.724463],[183.914287,-84.642362],[183.818688,-84.480095],[183.806873,-84.402448],[183.740719,-84.286536],[183.743479,-84.216865],[183.672064,-84.100476]]}},{"type":"Feature","id":"1367-Newwworld","properties":{"roadId":"1367-Newwworld","width":105.0,"hidden":true},"geometry":{"type":"LineString","coordinates":[[220.371147,-159.427607],[220.605002,-159.463579],[220.807606,-159.562928],[221.073493,-159.588666],[221.419154,-159.321165]]}},{"type":"Feature","id":"1368-Newwworld","properties":{"roadId":"1368-Newwworld","width":200.0,"hidden":true},"geometry":{"type":"LineString","coordinates":[[166.253159,-42.2426],[166.222317,-41.490714],[166.562231,-41.002222],[166.341475,-40.408297],[165.215716,-39.504474],[165.101775,-39.068014],[164.781609,-38.387717],[164.617763,-37.498217],[164.301686,-37.09839],[164.453518,-36.379116],[164.466929,-35.876684],[163.870773,-35.323905],[163.372021,-34.920778],[162.907045,-34.235186],[162.472964,-33.671034],[162.277364,-32.727281],[162.226965,-32.106012],[162.088058,-31.704969],[162.167043,-31.226929],[162.096808,-30.47085],[161.968726,-29.866942],[161.756069,-29.548538],[161.031735,-29.19246],[160.521256,-28.871973],[160.024839,-28.557215]]}},{"type":"Feature","id":"1369-Newwworld","properties":{"roadId":"1369-Newwworld","width":103.1,"hidden":true},"geometry":{"type":"LineString","coordinates":[[166.253159,-42.2426],[166.982936,-41.691053],[166.991877,-41.505861],[166.914707,-41.333309],[166.918561,-41.238265],[167.005089,-41.146841],[167.28917,-40.995104],[167.568763,-40.710034],[167.766402,-40.155865],[167.768104,-39.468189],[168.001611,-39.083466],[168.43755,-38.636416],[168.642751,-38.33763],[168.90283,-38.058376],[169.546243,-37.755163],[170.153702,-37.634242]]}},{"type":"Feature","id":"1370-Newwworld","properties":{"roadId":"1370-Newwworld","width":200.0,"hidden":true},"geometry":{"type":"LineString","coordinates":[[166.253159,-42.2426],[166.556294,-42.846899],[166.617379,-43.834289],[166.285833,-44.529708],[166.358203,-45.615346],[166.275607,-46.771565],[166.437899,-47.059326],[166.878292,-47.313077],[167.618502,-47.982602],[169.41646,-49.11455]]}},{"type":"Feature","id":"1371-Newwworld","properties":{"roadId":"1371-Newwworld","width":103.1,"hidden":true},"geometry":{"type":"LineString","coordinates":[[170.153702,-37.634242],[170.499832,-37.386238],[170.631707,-37.193355],[170.720787,-36.869483],[171.071709,-36.580332],[171.396432,-36.429377],[172.048665,-36.52877],[172.630195,-36.270349],[173.027618,-35.807674],[173.089606,-35.380068],[172.951437,-34.905153],[172.965673,-34.635968],[173.249068,-34.143519],[173.687924,-33.957407],[174.029574,-33.659229],[174.164332,-33.281102],[174.098438,-32.52676],[174.255087,-32.311394],[174.617458,-32.114866]]}},{"type":"Feature","id":"1372-Newwworld","properties":{"roadId":"1372-Newwworld","width":200.0,"hidden":true},"geometry":{"type":"LineString","coordinates":[[174.674629,-47.239561],[174.129141,-47.360786],[173.778489,-47.197495],[173.470675,-46.756383],[173.524903,-45.672325],[173.16932,-44.874709],[173.164025,-43.801555],[172.933104,-43.30065],[172.308093,-42.98038],[171.428481,-42.580457],[170.846525,-42.214536],[170.532861,-41.739178],[170.343503,-41.088421],[170.220959,-40.53104],[170.000932,-40.353609],[170.030195,-39.504214],[170.281662,-38.808725],[170.164292,-38.282161],[170.153702,-37.634242]]}},{"type":"Feature","id":"1373-Newwworld","properties":{"roadId":"1373-Newwworld","width":200.0,"hidden":true},"geometry":{"type":"LineString","coordinates":[[160.024839,-28.557215],[159.0383,-28.292804],[158.120137,-27.971102],[157.825639,-27.438808],[157.45076,-27.258339],[156.910749,-26.936897],[156.578066,-26.342537],[156.224939,-26.144099],[155.886214,-25.880209],[155.647576,-25.368923],[155.293409,-25.057724],[154.886159,-24.827862],[154.537503,-24.340447],[153.819029,-23.974126],[153.661754,-23.755723],[153.472569,-23.304246],[152.899963,-22.944175],[152.494935,-22.460927],[152.303424,-21.927418],[151.970637,-21.488528],[150.991068,-20.778369],[150.278218,-20.446163],[149.334274,-20.561875],[148.470321,-20.621164],[147.630127,-20.284704],[147.009804,-19.756057]]}},{"type":"Feature","id":"1374-Newwworld","properties":{"roadId":"1374-Newwworld","width":103.1,"hidden":true},"geometry":{"type":"LineString","coordinates":[[175.450795,-28.702701],[175.927862,-28.617545],[176.289582,-28.492545],[177.102128,-28.577614],[177.52318,-27.934904],[177.851098,-26.57266],[177.978103,-25.707205]]}},{"type":"Feature","id":"1375-Newwworld","properties":{"roadId":"1375-Newwworld","width":200.0,"hidden":true},"geometry":{"type":"LineString","coordinates":[[160.024839,-28.557215],[161.146979,-28.623708],[162.065714,-28.645149],[162.695474,-29.400273],[163.760243,-29.973018],[164.695836,-30.33986],[165.346863,-30.633871],[165.779685,-30.330485],[166.055225,-29.901056],[166.477301,-29.971456],[166.697753,-29.659302],[166.852831,-28.791157],[167.213241,-27.99263],[167.707131,-27.602437],[168.231491,-27.5586],[168.908498,-26.865195],[169.305427,-26.692712],[169.801609,-26.235853],[170.669693,-25.721181],[171.351631,-25.562153],[172.402746,-25.947657],[172.960265,-26.236981],[173.534503,-26.516323],[173.898298,-26.920491],[174.336459,-27.541934],[174.534837,-27.718323],[174.804968,-28.10487],[175.039778,-28.43777],[175.450795,-28.702701]]}},{"type":"Feature","id":"1376-Newwworld","properties":{"roadId":"1376-Newwworld","width":103.1,"hidden":true},"geometry":{"type":"LineString","coordinates":[[177.978103,-25.707205],[178.094015,-25.758768],[178.197609,-25.73316],[178.29971,-25.817969],[178.490189,-26.116929],[178.798922,-26.429864],[179.964291,-26.908164],[180.545742,-27.131342],[181.280285,-27.241412],[181.593255,-27.358252],[181.966589,-28.043671],[182.374325,-28.45461],[183.022504,-28.664247],[183.507497,-29.023362],[184.135624,-29.26963],[184.905966,-29.320933],[185.561784,-30.139078],[186.18176,-31.541687],[186.905243,-33.087873],[186.867179,-34.064525],[186.72822,-34.790135],[187.01415,-35.835104]]}},{"type":"Feature","id":"1377-Newwworld","properties":{"roadId":"1377-Newwworld","width":103.1,"hidden":false},"geometry":{"type":"LineString","coordinates":[[177.978103,-25.707205],[177.964527,-25.438107],[178.011593,-25.324999],[177.834032,-25.18637]]}},{"type":"Feature","id":"1378-Newwworld","properties":{"roadId":"1378-Newwworld","width":103.1,"hidden":false},"geometry":{"type":"LineString","coordinates":[[178.08043,-24.831942],[178.157384,-24.919703],[178.020413,-25.060762]]}},{"type":"Feature","id":"1379-Newwworld","properties":{"roadId":"1379-Newwworld","width":103.1,"hidden":false},"geometry":{"type":"LineString","coordinates":[[177.835264,-24.826039],[177.796184,-24.77057],[177.730325,-24.73116],[177.732912,-24.612583],[177.723276,-24.537062],[177.847018,-24.430986],[177.872183,-24.574649],[177.961992,-24.588712]]}},{"type":"Feature","id":"1380-Newwworld","properties":{"roadId":"1380-Newwworld","width":103.1,"hidden":false},"geometry":{"type":"LineString","coordinates":[[178.08043,-24.831942],[177.975925,-24.901126]]}},{"type":"Feature","id":"1381-Newwworld","properties":{"roadId":"1381-Newwworld","width":103.1,"hidden":false},"geometry":{"type":"LineString","coordinates":[[177.961992,-24.588712],[178.040951,-24.528121],[178.084823,-24.317183],[178.156906,-24.431593],[178.249979,-24.453902],[178.115109,-24.533764],[178.18425,-24.755553],[178.08043,-24.831942]]}},{"type":"Feature","id":"1382-Newwworld","properties":{"roadId":"1382-Newwworld","width":103.1,"hidden":false},"geometry":{"type":"LineString","coordinates":[[177.961992,-24.588712],[177.956124,-24.714841],[177.835264,-24.826039]]}},{"type":"Feature","id":"1383-Newwworld","properties":{"roadId":"1383-Newwworld","width":103.1,"hidden":false},"geometry":{"type":"LineString","coordinates":[[178.020413,-25.060762],[178.003199,-25.318749]]}},{"type":"Feature","id":"1384-Newwworld","properties":{"roadId":"1384-Newwworld","width":103.1,"hidden":false},"geometry":{"type":"LineString","coordinates":[[177.834032,-25.18637],[177.829058,-25.000953]]}},{"type":"Feature","id":"1385-Newwworld","properties":{"roadId":"1385-Newwworld","width":103.1,"hidden":false},"geometry":{"type":"LineString","coordinates":[[178.020413,-25.060762],[177.834032,-25.18637]]}},{"type":"Feature","id":"1386-Newwworld","properties":{"roadId":"1386-Newwworld","width":103.1,"hidden":false},"geometry":{"type":"LineString","coordinates":[[177.829058,-25.000953],[177.835264,-24.826039]]}},{"type":"Feature","id":"1387-Newwworld","properties":{"roadId":"1387-Newwworld","width":103.1,"hidden":false},"geometry":{"type":"LineString","coordinates":[[178.020413,-25.060762],[177.829058,-25.000953]]}},{"type":"Feature","id":"1388-Newwworld","properties":{"roadId":"1388-Newwworld","width":103.1,"hidden":false},"geometry":{"type":"LineString","coordinates":[[177.975925,-24.901126],[177.835264,-24.826039]]}},{"type":"Feature","id":"1389-Newwworld","properties":{"roadId":"1389-Newwworld","width":103.1,"hidden":false},"geometry":{"type":"LineString","coordinates":[[177.975925,-24.901126],[177.829058,-25.000953]]}},{"type":"Feature","id":"1390-Newwworld","properties":{"roadId":"1390-Newwworld","width":89.8,"hidden":true},"geometry":{"type":"LineString","coordinates":[[204.743819,-46.033706],[204.848195,-46.71298],[205.104506,-47.198806],[205.299785,-47.923366],[205.285479,-48.517578],[205.19692,-48.815565]]}},{"type":"Feature","id":"1391-Newwworld","properties":{"roadId":"1391-Newwworld","width":89.8,"hidden":true},"geometry":{"type":"LineString","coordinates":[[197.540097,-52.782531],[198.360117,-52.688981],[198.993218,-52.055315],[199.668446,-51.467605],[200.337667,-51.221293]]}},{"type":"Feature","id":"1392-Newwworld","properties":{"roadId":"1392-Newwworld","width":89.8,"hidden":true},"geometry":{"type":"LineString","coordinates":[[204.743819,-46.033706],[204.862917,-45.71433],[204.512924,-44.680698],[204.562404,-44.019576],[204.953438,-42.919147],[204.709097,-42.011844],[204.616466,-41.183473],[204.635295,-40.473054],[204.004121,-39.494144],[203.775318,-38.601173],[203.834537,-37.818097]]}},{"type":"Feature","id":"1393-Newwworld","properties":{"roadId":"1393-Newwworld","width":89.8,"hidden":true},"geometry":{"type":"LineString","coordinates":[[200.140193,-58.581032],[199.444878,-57.529301],[199.064434,-56.413507],[197.745853,-54.647112]]}},{"type":"Feature","id":"1395-Newwworld","properties":{"roadId":"1395-Newwworld","width":89.8,"hidden":false},"geometry":{"type":"LineString","coordinates":[[205.19692,-48.815565],[205.022362,-49.186425],[204.792335,-49.425784],[204.673793,-49.592104],[204.609999,-49.751419]]}},{"type":"Feature","id":"1396-Newwworld","properties":{"roadId":"1396-Newwworld","width":89.8,"hidden":true},"geometry":{"type":"LineString","coordinates":[[203.12627,-47.868643],[203.65885,-47.292278],[204.000336,-46.634768],[204.274009,-46.343404],[204.743819,-46.033706]]}},{"type":"Feature","id":"1397-Newwworld","properties":{"roadId":"1397-Newwworld","width":89.8,"hidden":true},"geometry":{"type":"LineString","coordinates":[[205.19692,-48.815565],[205.100044,-48.595347],[204.873993,-48.590738],[204.507994,-48.397551],[204.119399,-48.083566],[203.539649,-47.98413],[203.12627,-47.868643]]}},{"type":"Feature","id":"1398-Newwworld","properties":{"roadId":"1398-Newwworld","width":89.8,"hidden":false},"geometry":{"type":"LineString","coordinates":[[203.705786,-50.330084],[203.635039,-50.369034],[203.566689,-50.499268]]}},{"type":"Feature","id":"1399-Newwworld","properties":{"roadId":"1399-Newwworld","width":89.8,"hidden":false},"geometry":{"type":"LineString","coordinates":[[204.609999,-49.751419],[204.626058,-49.941654],[204.546136,-50.160378]]}},{"type":"Feature","id":"1400-Newwworld","properties":{"roadId":"1400-Newwworld","width":89.8,"hidden":false},"geometry":{"type":"LineString","coordinates":[[203.705786,-50.330084],[203.756559,-50.182688],[203.704736,-50.116758],[203.501879,-49.93773],[203.623373,-49.801323],[203.73537,-49.824961],[203.834207,-49.791653]]}},{"type":"Feature","id":"1401-Newwworld","properties":{"roadId":"1401-Newwworld","width":89.8,"hidden":false},"geometry":{"type":"LineString","coordinates":[[204.213071,-49.982018],[204.03952,-49.901775]]}},{"type":"Feature","id":"1402-Newwworld","properties":{"roadId":"1402-Newwworld","width":89.8,"hidden":false},"geometry":{"type":"LineString","coordinates":[[204.298609,-49.937461],[204.433219,-49.944162]]}},{"type":"Feature","id":"1403-Newwworld","properties":{"roadId":"1403-Newwworld","width":89.8,"hidden":false},"geometry":{"type":"LineString","coordinates":[[204.213071,-49.982018],[204.298609,-49.937461]]}},{"type":"Feature","id":"1404-Newwworld","properties":{"roadId":"1404-Newwworld","width":89.8,"hidden":false},"geometry":{"type":"LineString","coordinates":[[203.834207,-49.791653],[203.905813,-49.710542],[203.932896,-49.696193],[204.02393,-49.738502]]}},{"type":"Feature","id":"1405-Newwworld","properties":{"roadId":"1405-Newwworld","width":89.8,"hidden":false},"geometry":{"type":"LineString","coordinates":[[203.834337,-49.997513],[203.817879,-50.235648]]}},{"type":"Feature","id":"1406-Newwworld","properties":{"roadId":"1406-Newwworld","width":89.8,"hidden":false},"geometry":{"type":"LineString","coordinates":[[203.834207,-49.791653],[203.834337,-49.997513]]}},{"type":"Feature","id":"1407-Newwworld","properties":{"roadId":"1407-Newwworld","width":89.8,"hidden":false},"geometry":{"type":"LineString","coordinates":[[204.02393,-49.738502],[204.066977,-49.703771],[204.205753,-49.701011],[204.234877,-49.819466],[204.298609,-49.937461]]}},{"type":"Feature","id":"1408-Newwworld","properties":{"roadId":"1408-Newwworld","width":89.8,"hidden":false},"geometry":{"type":"LineString","coordinates":[[204.03952,-49.901775],[203.834337,-49.997513]]}},{"type":"Feature","id":"1409-Newwworld","properties":{"roadId":"1409-Newwworld","width":89.8,"hidden":false},"geometry":{"type":"LineString","coordinates":[[204.02393,-49.738502],[204.03952,-49.901775]]}},{"type":"Feature","id":"1410-Newwworld","properties":{"roadId":"1410-Newwworld","width":89.8,"hidden":false},"geometry":{"type":"LineString","coordinates":[[204.433219,-49.944162],[204.542161,-49.861272],[204.609999,-49.751419]]}},{"type":"Feature","id":"1411-Newwworld","properties":{"roadId":"1411-Newwworld","width":89.8,"hidden":false},"geometry":{"type":"LineString","coordinates":[[204.546136,-50.160378],[204.540511,-50.367002],[204.603341,-50.573869],[204.578619,-50.614199],[204.472725,-50.632724],[204.397221,-50.773749],[204.39598,-50.849678],[204.282802,-50.862247],[204.236057,-50.76907],[204.247767,-50.625189],[204.372394,-50.510545],[204.385693,-50.450831]]}},{"type":"Feature","id":"1412-Newwworld","properties":{"roadId":"1412-Newwworld","width":89.8,"hidden":false},"geometry":{"type":"LineString","coordinates":[[204.433219,-49.944162],[204.546136,-50.160378]]}},{"type":"Feature","id":"1413-Newwworld","properties":{"roadId":"1413-Newwworld","width":89.8,"hidden":false},"geometry":{"type":"LineString","coordinates":[[204.385693,-50.450831],[204.331274,-50.369233],[204.243731,-50.229432]]}},{"type":"Feature","id":"1414-Newwworld","properties":{"roadId":"1414-Newwworld","width":89.8,"hidden":false},"geometry":{"type":"LineString","coordinates":[[204.546136,-50.160378],[204.404764,-50.202931]]}},{"type":"Feature","id":"1415-Newwworld","properties":{"roadId":"1415-Newwworld","width":89.8,"hidden":false},"geometry":{"type":"LineString","coordinates":[[204.404764,-50.202931],[204.385693,-50.450831]]}},{"type":"Feature","id":"1416-Newwworld","properties":{"roadId":"1416-Newwworld","width":89.8,"hidden":false},"geometry":{"type":"LineString","coordinates":[[204.243731,-50.229432],[204.294946,-50.104979],[204.213071,-49.982018]]}},{"type":"Feature","id":"1417-Newwworld","properties":{"roadId":"1417-Newwworld","width":89.8,"hidden":false},"geometry":{"type":"LineString","coordinates":[[204.404764,-50.202931],[204.243731,-50.229432]]}},{"type":"Feature","id":"1418-Newwworld","properties":{"roadId":"1418-Newwworld","width":89.8,"hidden":false},"geometry":{"type":"LineString","coordinates":[[203.817879,-50.235648],[203.78721,-50.410327]]}},{"type":"Feature","id":"1419-Newwworld","properties":{"roadId":"1419-Newwworld","width":89.8,"hidden":false},"geometry":{"type":"LineString","coordinates":[[203.78721,-50.410327],[203.705786,-50.330084]]}},{"type":"Feature","id":"1420-Newwworld","properties":{"roadId":"1420-Newwworld","width":89.8,"hidden":false},"geometry":{"type":"LineString","coordinates":[[203.817879,-50.235648],[203.911716,-50.357853],[203.88774,-50.465649]]}},{"type":"Feature","id":"1421-Newwworld","properties":{"roadId":"1421-Newwworld","width":89.8,"hidden":false},"geometry":{"type":"LineString","coordinates":[[203.88774,-50.465649],[203.78721,-50.410327]]}},{"type":"Feature","id":"1422-Newwworld","properties":{"roadId":"1422-Newwworld","width":89.8,"hidden":false},"geometry":{"type":"LineString","coordinates":[[203.88774,-50.465649],[203.891863,-50.588392],[203.820587,-50.730606],[203.719267,-50.856396],[203.658425,-50.97328]]}},{"type":"Feature","id":"1423-Newwworld","properties":{"roadId":"1423-Newwworld","width":89.8,"hidden":false},"geometry":{"type":"LineString","coordinates":[[204.243731,-50.229432],[204.204442,-50.325127],[204.081734,-50.397897],[203.88774,-50.465649]]}},{"type":"Feature","id":"1424-Newwworld","properties":{"roadId":"1424-Newwworld","width":108.8,"hidden":true},"geometry":{"type":"LineString","coordinates":[[70.278884,-213.307928],[71.080128,-213.232641]]}},{"type":"Feature","id":"1425-Newwworld","properties":{"roadId":"1425-Newwworld","width":106.9,"hidden":true},"geometry":{"type":"LineString","coordinates":[[71.474765,-212.689402],[71.080128,-213.232641]]}},{"type":"Feature","id":"1426-Newwworld","properties":{"roadId":"1426-Newwworld","width":108.8,"hidden":true},"geometry":{"type":"LineString","coordinates":[[70.757315,-212.564818],[70.110047,-212.06144]]}},{"type":"Feature","id":"1427-Newwworld","properties":{"roadId":"1427-Newwworld","width":106.9,"hidden":true},"geometry":{"type":"LineString","coordinates":[[71.474765,-212.689402],[70.757315,-212.564818]]}},{"type":"Feature","id":"1428-Newwworld","properties":{"roadId":"1428-Newwworld","width":106.9,"hidden":true},"geometry":{"type":"LineString","coordinates":[[73.464207,-204.819288],[73.714911,-204.816346],[74.027065,-205.122362],[74.773283,-205.468596]]}},{"type":"Feature","id":"1429-Newwworld","properties":{"roadId":"1429-Newwworld","width":106.9,"hidden":true},"geometry":{"type":"LineString","coordinates":[[72.55831,-204.358132],[72.308969,-204.22525],[72.099915,-204.188748],[71.439791,-204.106022],[70.670596,-203.978452],[70.341211,-203.964667],[70.062816,-203.942358],[69.674203,-203.990805],[69.538074,-203.937193],[69.294731,-203.712991],[69.177535,-203.507556],[68.962456,-203.502417]]}},{"type":"Feature","id":"1430-Newwworld","properties":{"roadId":"1430-Newwworld","width":106.9,"hidden":true},"geometry":{"type":"LineString","coordinates":[[73.464207,-204.819288],[73.065803,-204.6119],[72.816454,-204.449278],[72.55831,-204.358132]]}},{"type":"Feature","id":"1431-Newwworld","properties":{"roadId":"1431-Newwworld","width":106.9,"hidden":true},"geometry":{"type":"LineString","coordinates":[[74.773283,-205.468596],[75.121748,-205.557546],[75.514197,-205.594308]]}},{"type":"Feature","id":"1432-Newwworld","properties":{"roadId":"1432-Newwworld","width":106.9,"hidden":true},"geometry":{"type":"LineString","coordinates":[[74.615626,-206.594494],[74.534194,-206.426021],[74.386789,-206.264727],[74.328776,-206.270587],[74.094375,-205.95536],[73.890468,-205.668432],[73.6538,-205.447337],[73.443912,-205.34837],[73.106211,-205.243482]]}},{"type":"Feature","id":"1433-Newwworld","properties":{"roadId":"1433-Newwworld","width":106.9,"hidden":true},"geometry":{"type":"LineString","coordinates":[[74.773283,-205.468596],[74.826226,-205.679135],[74.814169,-205.836028],[74.692658,-205.957096],[74.730783,-206.085273],[74.713778,-206.23458],[74.615626,-206.594494]]}},{"type":"Feature","id":"1434-Newwworld","properties":{"roadId":"1434-Newwworld","width":105.0,"hidden":true},"geometry":{"type":"LineString","coordinates":[[214.877118,-184.73817],[215.592919,-184.995532],[215.819048,-185.205567]]}},{"type":"Feature","id":"1435-Newwworld","properties":{"roadId":"1435-Newwworld","width":89.8,"hidden":true},"geometry":{"type":"LineString","coordinates":[[193.437583,-185.349318],[193.61866,-185.104829],[194.006673,-184.541667],[194.121839,-184.328828],[194.239495,-183.143998],[194.429835,-182.935455],[194.560677,-182.412936],[194.63211,-182.011676],[194.437274,-181.794827],[194.053392,-181.771944],[193.85913,-181.664036],[193.887524,-181.285103],[193.84551,-180.861664],[193.704198,-180.4599],[193.713574,-180.114291],[193.333807,-179.749837],[193.233806,-179.446147],[192.776279,-179.200929],[192.700454,-178.995043],[192.633162,-178.677394],[192.463213,-178.571413],[192.255964,-177.799283],[192.086788,-177.564222],[191.998611,-177.308119],[191.821683,-177.220123],[191.066655,-176.766815],[190.595559,-176.558984],[190.493945,-176.269209],[190.276591,-175.874025],[189.918526,-175.260968]]}},{"type":"Feature","id":"1436-Newwworld","properties":{"roadId":"1436-Newwworld","width":105.0,"hidden":true},"geometry":{"type":"LineString","coordinates":[[214.877118,-184.73817],[214.554478,-184.970454],[214.313591,-185.380004],[213.961507,-185.61832]]}},{"type":"Feature","id":"1437-Newwworld","properties":{"roadId":"1437-Newwworld","width":87.9,"hidden":false},"geometry":{"type":"LineString","coordinates":[[97.565305,-84.974941],[97.262213,-85.148179],[96.814599,-85.260602]]}},{"type":"Feature","id":"1438-Newwworld","properties":{"roadId":"1438-Newwworld","width":87.9,"hidden":false},"geometry":{"type":"LineString","coordinates":[[97.82909,-85.093761],[97.565305,-84.974941]]}},{"type":"Feature","id":"1439-Newwworld","properties":{"roadId":"1439-Newwworld","width":87.9,"hidden":false},"geometry":{"type":"LineString","coordinates":[[97.82909,-85.093761],[97.777302,-84.906147]]}},{"type":"Feature","id":"1440-Newwworld","properties":{"roadId":"1440-Newwworld","width":87.9,"hidden":false},"geometry":{"type":"LineString","coordinates":[[97.777302,-84.906147],[97.565305,-84.974941]]}},{"type":"Feature","id":"1441-Newwworld","properties":{"roadId":"1441-Newwworld","width":61.3,"hidden":false},"geometry":{"type":"LineString","coordinates":[[103.950561,-86.502602],[104.108304,-86.841223],[104.070535,-87.077344],[103.61069,-87.472892],[102.888639,-88.034231],[102.751772,-88.303242],[102.881347,-88.645327],[102.71639,-88.840675],[102.29131,-89.099538]]}},{"type":"Feature","id":"1442-Newwworld","properties":{"roadId":"1442-Newwworld","width":87.9,"hidden":false},"geometry":{"type":"LineString","coordinates":[[97.777302,-84.906147],[97.931582,-84.624471],[98.020801,-84.540651],[98.074925,-84.543481],[98.164152,-84.611702],[98.219126,-84.7958],[98.308519,-84.845296],[98.399544,-84.975583],[98.49852,-84.993734],[98.573277,-84.910392],[98.662296,-84.904507],[98.65747,-84.507413],[98.746272,-84.391527],[98.811385,-84.321822],[98.952349,-84.307742],[99.011056,-84.361788],[99.045562,-84.440069]]}},{"type":"Feature","id":"1443-Newwworld","properties":{"roadId":"1443-Newwworld","width":200.0,"hidden":false},"geometry":{"type":"LineString","coordinates":[[102.637154,-84.625877],[102.710756,-84.193497],[102.640027,-83.864868],[102.841121,-83.689103],[103.330541,-83.618035],[103.828199,-83.634407],[104.023738,-83.640839],[104.47354,-83.561768]]}},{"type":"Feature","id":"1444-Newwworld","properties":{"roadId":"1444-Newwworld","width":87.9,"hidden":false},"geometry":{"type":"LineString","coordinates":[[101.234276,-85.319413],[101.341116,-85.220332],[101.408252,-85.222416],[101.49629,-85.313284],[101.725475,-85.435029],[102.012733,-85.363024],[102.233689,-85.166929],[102.467934,-85.0564],[102.520886,-84.82468],[102.710053,-84.733977],[102.637154,-84.625877]]}},{"type":"Feature","id":"1445-Newwworld","properties":{"roadId":"1445-Newwworld","width":87.9,"hidden":false},"geometry":{"type":"LineString","coordinates":[[103.950561,-86.502602],[103.828868,-86.646526],[103.711263,-86.822933],[103.502617,-86.963437],[103.323302,-86.989366],[102.965974,-86.893758],[102.822224,-86.825043],[102.676199,-86.863359],[102.516988,-87.002231],[102.396059,-87.017448],[102.329488,-86.964826],[102.257873,-86.934661],[102.115016,-86.837508],[101.936491,-86.7471],[101.69163,-86.552247],[101.559676,-86.313513],[101.460795,-86.040734],[101.324423,-85.785091],[101.340891,-85.497529],[101.309059,-85.362659],[101.234276,-85.319413]]}},{"type":"Feature","id":"1446-Newwworld","properties":{"roadId":"1446-Newwworld","width":162.0,"hidden":false},"geometry":{"type":"LineString","coordinates":[[101.234276,-85.319413],[101.154362,-85.273197],[99.045562,-84.440069]]}},{"type":"Feature","id":"1447-Newwworld","properties":{"roadId":"1447-Newwworld","width":105.0,"hidden":true},"geometry":{"type":"LineString","coordinates":[[214.463505,-158.433358],[214.911493,-158.926954]]}},{"type":"Feature","id":"1448-Newwworld","properties":{"roadId":"1448-Newwworld","width":105.0,"hidden":true},"geometry":{"type":"LineString","coordinates":[[215.496824,-158.374192],[214.463505,-158.433358]]}},{"type":"Feature","id":"1449-Newwworld","properties":{"roadId":"1449-Newwworld","width":105.0,"hidden":true},"geometry":{"type":"LineString","coordinates":[[221.332608,-145.283609],[221.17141,-145.776805],[221.057347,-146.252189],[220.912902,-146.484394],[220.657693,-147.108034],[220.563161,-147.500648],[220.54146,-147.702515],[220.307518,-148.074834],[220.034687,-148.345121],[220.057864,-148.593672],[220.20691,-148.737848],[220.232431,-148.990297],[220.273837,-149.261096],[220.583821,-149.465958],[220.622102,-149.664839],[220.578352,-149.898043],[220.537987,-149.969259],[220.455522,-150.103538],[220.371928,-150.294381],[220.328264,-150.486526],[220.142413,-150.651275],[220.056389,-150.991745],[220.106041,-151.401008],[220.098403,-151.685106],[220.067413,-151.851166],[220.119236,-152.031384],[220.073489,-152.165308],[219.713332,-152.468564],[219.58972,-152.647896]]}},{"type":"Feature","id":"1450-Newwworld","properties":{"roadId":"1450-Newwworld","width":105.0,"hidden":true},"geometry":{"type":"LineString","coordinates":[[221.332608,-145.283609],[220.800922,-145.1259],[220.091198,-144.767722],[219.931909,-144.564353],[219.968888,-144.377304],[220.04875,-144.221262],[220.095885,-143.856425],[220.19441,-143.662145],[220.396233,-143.586103],[220.661859,-143.579228],[220.836339,-143.447196],[221.065941,-143.005849],[221.182347,-142.822455],[221.344761,-142.590145],[221.314553,-142.435249],[221.257695,-142.217114],[221.468372,-141.946809],[221.611515,-141.626513],[221.618286,-141.404412],[221.383737,-141.135513],[221.520022,-140.660746],[221.490855,-140.151274],[221.936082,-139.27641],[221.96143,-139.047086],[221.96603,-138.770818],[222.012645,-138.480027],[221.646932,-138.017499],[221.532956,-137.607159],[221.548234,-137.026341],[221.451359,-136.608579],[221.486254,-135.838692],[221.451098,-135.184941]]}},{"type":"Feature","id":"1451-Newwworld","properties":{"roadId":"1451-Newwworld","width":105.0,"hidden":true},"geometry":{"type":"LineString","coordinates":[[221.451098,-135.184941],[221.234691,-134.499108],[221.136601,-134.030808],[221.04476,-133.844077],[220.799707,-133.046183],[220.405956,-132.763823],[220.255868,-132.725462],[220.245191,-132.562726],[220.129045,-131.935811],[219.952048,-131.734598],[219.947534,-131.566893]]}},{"type":"Feature","id":"1452-Newwworld","properties":{"roadId":"1452-Newwworld","width":105.0,"hidden":true},"geometry":{"type":"LineString","coordinates":[[228.595133,-141.172388],[228.538362,-141.185427],[228.397215,-141.368266],[227.69322,-141.695003],[227.3315,-142.054058]]}},{"type":"Feature","id":"1454-Newwworld","properties":{"roadId":"1454-Newwworld","width":105.0,"hidden":true},"geometry":{"type":"LineString","coordinates":[[227.379156,-141.024497],[227.741831,-141.088465],[228.595133,-141.172388]]}},{"type":"Feature","id":"1455-Newwworld","properties":{"roadId":"1455-Newwworld","width":105.0,"hidden":true},"geometry":{"type":"LineString","coordinates":[[227.3315,-142.054058],[227.155284,-142.229007],[226.613876,-142.8267],[226.421948,-143.135294],[225.893561,-143.718161],[225.406233,-144.1591],[225.098072,-144.404708],[224.589216,-144.457313],[224.023155,-144.481835],[223.532963,-144.529032],[223.260479,-144.532356],[223.165166,-144.650525],[223.083656,-144.772878],[222.968638,-144.851429],[222.755703,-144.82339],[222.493289,-144.665916],[222.070892,-144.735048],[221.332608,-145.283609]]}},{"type":"Feature","id":"1456-Newwworld","properties":{"roadId":"1456-Newwworld","width":105.0,"hidden":true},"geometry":{"type":"LineString","coordinates":[[227.379156,-141.024497],[227.3315,-142.054058]]}},{"type":"Feature","id":"1457-Newwworld","properties":{"roadId":"1457-Newwworld","width":80.0,"hidden":false},"geometry":{"type":"LineString","coordinates":[[134.584225,-115.91173],[134.612152,-115.80021],[134.672807,-115.753613],[134.620943,-115.689568]]}},{"type":"Feature","id":"1458-Newwworld","properties":{"roadId":"1458-Newwworld","width":105.0,"hidden":true},"geometry":{"type":"LineString","coordinates":[[236.076235,-156.462978],[236.063648,-156.324697],[236.082832,-156.085781],[236.248284,-155.548626],[236.076669,-155.437081],[235.957745,-155.298165],[235.91738,-155.204181],[235.714862,-155.03793],[235.664688,-154.984163],[235.619983,-154.878364],[235.604705,-154.765638],[235.674323,-154.565628],[235.627188,-154.378709],[235.58717,-154.195896],[235.532569,-154.045548],[235.548021,-153.847596],[235.813386,-153.596042],[235.969637,-153.571441],[236.306096,-153.678117],[236.467468,-153.646823],[236.59325,-153.594583],[236.573632,-153.465347],[236.568684,-153.316058],[236.68266,-153.15413],[236.695941,-153.005988],[236.403579,-152.80222],[236.378492,-152.656828],[236.456097,-152.255299],[236.779883,-151.187718],[236.548979,-150.12215],[236.37667,-149.37075],[236.164169,-149.22443],[235.84698,-148.651962],[235.346284,-147.920797],[235.219982,-147.678062],[235.186822,-147.551091],[235.057568,-147.428252],[234.967897,-147.511533],[234.91755,-147.443347],[234.975189,-147.352687],[234.871283,-147.188312],[234.582566,-146.919109],[234.547236,-146.795116],[234.433781,-146.674569],[234.323885,-146.177544],[234.346368,-146.071893],[234.343677,-145.599747],[234.610865,-145.04386],[234.738209,-144.358406],[235.025189,-143.972572],[235.183523,-143.5027],[235.122933,-143.365165],[234.953661,-143.221085],[234.822237,-143.277934],[234.763036,-143.204409],[234.728487,-143.072178],[234.192374,-142.432775],[233.890984,-141.956184],[233.705567,-141.90437],[233.511382,-142.005872],[233.38317,-141.955021],[233.114679,-141.880707],[233.004436,-141.765377],[232.699747,-141.671921],[232.543584,-141.672937],[232.261378,-141.675012],[232.020231,-141.755576],[231.775786,-141.848181],[231.619188,-141.801297],[231.499222,-141.646756],[231.314152,-141.512233],[231.135766,-141.476643],[230.946964,-141.239376],[230.651216,-141.301564],[230.363368,-141.236651],[230.122829,-141.115669],[229.720484,-141.190513],[229.309979,-141.257875],[229.153294,-141.38304],[228.767703,-141.200349],[228.595133,-141.172388]]}},{"type":"Feature","id":"1459-Newwworld","properties":{"roadId":"1459-Newwworld","width":105.0,"hidden":true},"geometry":{"type":"LineString","coordinates":[[214.941354,-161.499107],[214.840572,-162.0212],[214.576387,-162.207659],[214.594486,-162.51549]]}},{"type":"Feature","id":"1460-Newwworld","properties":{"roadId":"1460-Newwworld","width":80.0,"hidden":false},"geometry":{"type":"LineString","coordinates":[[134.326769,-115.967312],[134.584225,-115.91173]]}},{"type":"Feature","id":"1461-Newwworld","properties":{"roadId":"1461-Newwworld","width":80.0,"hidden":true},"geometry":{"type":"LineString","coordinates":[[134.620943,-115.689568],[134.383228,-115.760089]]}},{"type":"Feature","id":"1462-Newwworld","properties":{"roadId":"1462-Newwworld","width":80.0,"hidden":true},"geometry":{"type":"LineString","coordinates":[[134.326769,-115.967312],[134.620943,-115.689568]]}},{"type":"Feature","id":"1463-Newwworld","properties":{"roadId":"1463-Newwworld","width":80.0,"hidden":true},"geometry":{"type":"LineString","coordinates":[[134.383228,-115.760089],[134.326769,-115.967312]]}},{"type":"Feature","id":"1464-Newwworld","properties":{"roadId":"1464-Newwworld","width":87.9,"hidden":true},"geometry":{"type":"LineString","coordinates":[[125.187242,-126.948731],[125.542091,-127.82275],[126.150655,-128.033939],[126.409321,-128.504953],[126.74673,-128.484279],[127.247203,-128.100864],[127.925694,-128.288493],[128.783243,-128.90423],[128.989955,-129.846995],[129.910631,-131.084436],[130.842756,-131.905543],[131.561001,-132.649064],[131.877555,-133.455118],[131.753134,-134.02376]]}},{"type":"Feature","id":"1465-Newwworld","properties":{"roadId":"1465-Newwworld","width":80.0,"hidden":true},"geometry":{"type":"LineString","coordinates":[[134.383228,-115.760089],[134.089641,-115.6935]]}},{"type":"Feature","id":"1466-Newwworld","properties":{"roadId":"1466-Newwworld","width":80.0,"hidden":true},"geometry":{"type":"LineString","coordinates":[[125.107686,-126.350776],[125.194557,-126.6926],[125.187242,-126.948731]]}},{"type":"Feature","id":"1467-Newwworld","properties":{"roadId":"1467-Newwworld","width":87.9,"hidden":true},"geometry":{"type":"LineString","coordinates":[[124.267671,-126.322505],[124.556325,-126.777715],[125.187242,-126.948731]]}},{"type":"Feature","id":"1468-Newwworld","properties":{"roadId":"1468-Newwworld","width":80.0,"hidden":true},"geometry":{"type":"LineString","coordinates":[[125.107686,-126.350776],[124.267671,-126.322505]]}},{"type":"Feature","id":"1469-Newwworld","properties":{"roadId":"1469-Newwworld","width":116.4,"hidden":true},"geometry":{"type":"LineString","coordinates":[[153.915123,-123.516056],[154.590576,-122.598435],[154.617017,-121.463932],[155.276204,-119.803171],[155.085083,-116.531524],[154.794214,-115.637745]]}},{"type":"Feature","id":"1470-Newwworld","properties":{"roadId":"1470-Newwworld","width":80.0,"hidden":true},"geometry":{"type":"LineString","coordinates":[[134.089641,-115.6935],[133.832884,-115.544619],[133.739595,-115.478846],[133.559067,-115.446503]]}},{"type":"Feature","id":"1471-Newwworld","properties":{"roadId":"1471-Newwworld","width":116.4,"hidden":true},"geometry":{"type":"LineString","coordinates":[[153.915123,-123.516056],[152.937532,-123.386453],[151.810003,-122.612954],[149.898329,-121.662038],[148.545981,-121.50505],[148.100537,-121.557925],[147.760675,-121.640557],[147.220716,-121.46386],[146.540506,-121.829763],[145.745312,-122.090516],[144.81181,-121.980451],[143.483516,-121.26972],[142.958853,-120.157186],[142.865545,-119.733899],[142.761986,-119.594698],[142.18155,-119.373033],[141.756922,-119.322874],[141.246581,-119.008372],[140.917214,-118.687547],[140.481501,-118.651513],[139.773738,-119.026141],[139.135446,-119.05102],[138.572241,-118.750967],[138.354063,-118.704587],[138.14296,-118.577789],[138.063836,-117.990669],[137.899851,-117.869879],[137.625415,-117.788464]]}},{"type":"Feature","id":"1472-Newwworld","properties":{"roadId":"1472-Newwworld","width":116.4,"hidden":true},"geometry":{"type":"LineString","coordinates":[[137.625415,-117.788464],[136.919527,-118.070478],[136.54783,-118.045756],[136.100176,-117.88816],[135.912332,-117.96481],[135.686909,-117.906277],[135.390456,-117.949445],[134.654503,-118.058317],[134.42162,-118.02757],[134.214495,-117.774983],[134.179592,-117.653272],[134.106573,-117.596657],[134.004277,-117.234052],[134.015755,-116.938174],[134.079712,-116.85287],[133.982063,-116.452148],[133.911741,-116.051322],[134.089641,-115.6935]]}},{"type":"Feature","id":"1473-Newwworld","properties":{"roadId":"1473-Newwworld","width":80.0,"hidden":false},"geometry":{"type":"LineString","coordinates":[[137.821049,-116.237512],[137.875268,-116.123441]]}},{"type":"Feature","id":"1474-Newwworld","properties":{"roadId":"1474-Newwworld","width":116.4,"hidden":true},"geometry":{"type":"LineString","coordinates":[[137.625415,-117.788464],[137.296802,-117.652864],[136.911905,-117.01426],[136.875377,-116.615465],[137.039076,-116.439561],[137.297497,-116.429978],[137.45373,-116.405065],[137.550553,-116.442956],[137.789564,-116.369822],[137.821049,-116.237512]]}},{"type":"Feature","id":"1475-Newwworld","properties":{"roadId":"1475-Newwworld","width":80.0,"hidden":true},"geometry":{"type":"LineString","coordinates":[[133.559067,-115.446503],[133.09449,-115.363247],[132.197295,-115.772476],[132.050613,-116.079309],[131.514724,-116.600222],[131.428197,-116.833738],[131.381876,-118.190201],[130.812059,-119.289832],[130.412085,-119.924247],[130.265223,-120.368434],[130.297474,-120.573725],[130.211753,-120.802986],[130.271062,-121.01924],[129.731664,-121.431475],[128.818595,-121.511844],[127.589046,-121.653115],[127.037321,-122.214728],[126.77638,-122.421798],[126.352873,-122.599293],[126.286494,-122.790721],[126.259848,-123.62176],[126.138801,-123.987044],[126.144595,-124.115863],[126.036644,-124.320524],[126.07027,-124.671981],[126.164702,-125.027465],[126.021397,-125.512354],[125.731816,-125.782732],[125.244284,-125.986574],[125.107686,-126.350776]]}},{"type":"Feature","id":"1476-Newwworld","properties":{"roadId":"1476-Newwworld","width":80.0,"hidden":true},"geometry":{"type":"LineString","coordinates":[[133.559067,-115.446503],[133.692633,-114.663297],[134.465347,-113.812851],[134.778057,-112.97514],[134.874939,-112.582977],[135.331088,-112.070614],[135.746794,-111.233198],[136.133989,-111.075125],[136.759188,-111.447305],[137.231316,-111.533876],[137.359902,-111.475552],[137.403903,-111.33418],[137.492723,-111.270343],[137.665988,-111.283502],[137.890858,-111.241436],[138.513629,-110.483977],[138.85396,-110.239679],[138.973301,-110.213342],[139.096305,-110.046693],[139.208198,-109.660815],[139.105281,-109.484651],[138.830922,-109.354086],[138.648092,-108.885803],[138.743431,-108.584717],[138.989933,-108.372815],[139.099569,-107.889828],[139.188528,-107.750478],[139.539171,-107.104078],[140.379157,-106.382557],[140.852899,-105.59844],[141.536157,-104.819548],[141.625367,-104.544521],[141.556105,-104.357385],[141.456921,-104.318895],[141.317276,-104.173548],[140.96053,-103.237104],[140.787899,-102.970071],[140.855035,-102.68889],[141.010912,-102.480035],[141.502086,-102.281024],[141.603978,-102.12585],[141.577095,-101.78393],[141.471183,-101.64149],[141.381434,-101.595952],[141.394342,-101.506125],[141.481079,-101.430483],[141.456365,-100.76476],[141.546713,-100.494039],[141.618197,-100.422979],[141.696843,-100.451174],[141.88042,-100.243092],[142.291706,-99.391049],[142.800354,-98.662383],[142.823167,-97.72468],[142.984521,-97.546129],[143.136649,-96.93552],[142.911769,-96.492306],[143.021501,-96.143121],[142.811439,-95.317103],[142.960059,-94.150866]]}},{"type":"Feature","id":"1477-Newwworld","properties":{"roadId":"1477-Newwworld","width":143.0,"hidden":true},"geometry":{"type":"LineString","coordinates":[[143.801694,-93.366558],[143.282083,-92.941122],[142.4632,-92.73659]]}},{"type":"Feature","id":"1478-Newwworld","properties":{"roadId":"1478-Newwworld","width":80.0,"hidden":true},"geometry":{"type":"LineString","coordinates":[[142.960059,-94.150866],[143.801694,-93.366558]]}},{"type":"Feature","id":"1479-Newwworld","properties":{"roadId":"1479-Newwworld","width":143.0,"hidden":true},"geometry":{"type":"LineString","coordinates":[[142.4632,-92.73659],[141.873459,-92.58929],[141.197875,-92.344436],[140.692361,-91.765259],[140.260302,-90.76832],[139.176922,-89.04288],[138.309835,-88.021236],[137.997109,-87.390965],[137.971249,-86.917274]]}},{"type":"Feature","id":"1480-Newwworld","properties":{"roadId":"1480-Newwworld","width":80.0,"hidden":true},"geometry":{"type":"LineString","coordinates":[[142.960059,-94.150866],[142.914591,-93.442912],[142.809139,-93.160793],[142.4632,-92.73659]]}},{"type":"Feature","id":"1481-Newwworld","properties":{"roadId":"1481-Newwworld","width":105.0,"hidden":true},"geometry":{"type":"LineString","coordinates":[[219.58972,-152.647896],[219.028347,-152.747575],[217.9556,-152.492097],[217.308463,-152.225542],[216.559415,-152.15996],[216.348303,-152.22799],[215.76193,-152.534458],[215.42929,-152.586655],[215.249515,-152.686021],[214.675424,-152.683296],[213.489014,-152.432487],[212.240806,-152.063528],[211.794269,-152.098901]]}},{"type":"Feature","id":"1482-Newwworld","properties":{"roadId":"1482-Newwworld","width":105.0,"hidden":true},"geometry":{"type":"LineString","coordinates":[[236.076235,-156.462978],[235.748542,-156.468673],[235.449409,-156.546008],[235.379878,-156.665488],[235.136995,-156.808344],[234.975016,-157.435959],[235.180398,-157.947124],[235.022151,-158.182654],[234.770848,-158.197307],[234.733956,-158.327342],[234.104613,-158.641493],[233.297579,-158.906337],[233.038898,-159.070236],[232.712681,-159.183144],[232.378653,-159.364872],[232.090718,-159.421513],[231.472399,-159.412199],[231.238805,-159.464577],[231.114933,-159.461365],[230.47882,-159.154047],[230.249045,-159.1835],[230.148003,-159.352693],[230.033853,-159.469768],[229.856335,-159.434777],[229.726821,-159.279342],[229.558591,-159.265583],[229.359632,-159.158508],[229.097218,-158.991798],[228.985238,-158.953213],[228.892096,-158.95047],[228.820134,-158.928273],[228.428639,-159.011164],[227.82421,-159.182866],[227.47881,-159.40995],[227.01761,-159.520228],[226.676984,-159.210809],[226.38332,-158.975756],[226.238701,-158.886207],[226.101114,-158.79408],[225.875679,-158.65651],[225.699984,-158.622144],[225.631668,-158.636823],[225.404584,-158.702326],[224.922551,-158.411657],[224.404841,-158.427351],[223.81595,-158.280545],[223.401105,-158.196101],[223.074368,-158.333428],[222.632179,-158.552369],[222.564557,-158.145423],[222.407351,-157.992385],[222.411952,-157.63491],[222.378358,-157.167738],[222.065163,-156.968596],[221.991378,-156.806452],[222.090944,-156.587458],[222.139208,-156.218941],[222.002836,-155.972899],[221.86004,-155.788827],[221.791898,-155.369876],[221.770023,-155.195544],[221.779224,-155.067383],[221.503529,-154.58292],[220.893023,-153.869654],[220.506564,-153.232881],[219.890503,-152.770032],[219.58972,-152.647896]]}},{"type":"Feature","id":"1484-Newwworld","properties":{"roadId":"1484-Newwworld","width":105.0,"hidden":true},"geometry":{"type":"LineString","coordinates":[[230.21519,-170.367375],[229.978644,-170.64037],[229.708939,-170.586091],[229.431768,-170.534545],[229.26727,-170.557384],[229.135065,-171.138124],[228.96128,-171.657448],[229.038537,-172.028153],[228.533327,-172.68049],[228.235843,-172.875196],[227.929419,-173.517515],[227.67256,-173.601596],[227.485407,-173.652802],[227.129503,-173.64512],[226.948079,-173.445362],[226.774988,-173.231256],[226.658581,-173.227679],[226.401115,-173.262775],[225.967867,-173.203165],[225.437483,-173.283999],[225.216823,-173.25919],[224.962655,-173.38656],[224.69564,-173.633479],[224.270118,-174.287831],[224.17385,-174.617728],[224.028103,-174.875515],[223.949457,-175.068137],[224.029926,-175.19496],[224.319337,-175.367218],[224.534355,-175.44201],[224.499199,-175.683365],[224.377757,-175.856655],[224.477324,-175.94084],[224.558227,-176.092003],[224.486612,-176.222993],[224.543123,-176.305242],[224.524112,-176.474027],[224.393469,-176.699184],[224.09668,-176.978829],[223.785741,-177.136642],[223.663779,-177.152884],[223.268031,-177.166226],[222.968638,-177.330601],[222.6373,-177.231434],[222.417594,-177.321643],[222.277837,-177.426765],[222.190944,-177.65022],[222.187819,-177.738971],[222.224625,-178.060534],[222.211257,-178.168521],[222.137993,-178.212939],[222.195979,-178.370058],[222.198931,-178.47597],[222.081048,-178.632732],[221.91985,-178.681075],[221.793547,-178.766535],[221.683825,-178.925095],[221.440334,-179.127543],[221.129656,-179.271294],[220.342327,-179.313117],[220.047448,-179.515999],[219.416629,-180.377122],[219.331039,-180.720396],[219.230084,-180.94465],[219.256212,-181.102906],[219.319407,-181.301735],[219.173052,-181.495867],[219.224962,-181.84579],[219.166368,-182.048734],[218.923572,-182.245766],[218.86411,-182.389117],[218.657339,-182.669847],[218.603345,-183.077227]]}},{"type":"Feature","id":"1485-Newwworld","properties":{"roadId":"1485-Newwworld","width":105.0,"hidden":true},"geometry":{"type":"LineString","coordinates":[[221.916638,-158.926424],[222.182437,-158.937154],[222.351969,-158.858915],[222.746415,-158.458714],[222.678793,-158.29295],[222.564557,-158.145423],[222.407351,-157.992385],[222.411952,-157.63491],[222.378358,-157.167738],[222.065163,-156.968596],[221.989121,-156.764637],[222.090944,-156.587458],[222.139208,-156.218941],[222.002836,-155.972899],[221.893634,-155.768141],[221.791898,-155.369876],[221.770023,-155.195544],[221.762818,-155.066429],[221.660995,-154.705472],[221.495195,-154.598397],[221.28825,-154.312589],[220.913249,-153.855799],[220.506564,-153.232881],[219.890503,-152.770032],[219.58972,-152.647896]]}},{"type":"Feature","id":"1486-Newwworld","properties":{"roadId":"1486-Newwworld","width":105.0,"hidden":true},"geometry":{"type":"LineString","coordinates":[[230.21519,-170.367375],[230.126822,-170.117973],[229.954686,-169.966557],[229.935676,-169.87726],[229.878557,-169.742563],[229.872481,-169.654377],[229.47708,-169.577051],[229.332462,-169.508648],[229.29583,-169.387458],[229.349042,-169.109905],[229.349042,-168.982717],[229.181246,-168.756649],[229.125777,-168.466847],[229.074475,-168.177081],[228.917964,-167.832522],[228.730116,-167.695169],[228.492181,-167.453892],[228.365705,-167.08311],[228.096173,-166.383924],[228.095652,-165.698791],[228.006676,-165.360908],[227.609279,-165.020716],[227.382281,-164.866349],[227.278982,-164.770819],[227.025075,-164.789257],[226.91978,-164.714803],[226.874814,-164.703519],[226.818911,-164.584525],[226.668477,-164.499273],[226.567175,-164.379524],[226.567869,-164.260991],[226.537747,-164.17442],[226.470994,-164.112492],[226.317694,-164.107484],[226.177156,-164.046485],[226.017693,-164.069836],[225.909967,-164.005096],[225.740002,-163.950382],[225.613005,-163.848828],[225.472987,-163.815955],[225.366302,-163.718854],[225.385834,-163.609496],[225.633925,-163.231326],[225.552761,-163.006429],[225.300417,-162.887106],[225.211007,-162.745387],[225.086701,-162.656906],[224.907967,-162.43786],[224.323156,-162.266288],[224.255882,-162.153996],[224.164736,-162.12318],[224.049544,-162.033032],[223.897461,-161.993995],[223.32949,-161.300208],[223.003794,-160.909521],[222.870634,-160.495761],[222.569157,-159.960777],[222.06768,-159.447746]]}},{"type":"Feature","id":"1487-Newwworld","properties":{"roadId":"1487-Newwworld","width":105.0,"hidden":true},"geometry":{"type":"LineString","coordinates":[[220.371147,-159.427607],[220.255955,-159.572711],[219.922447,-159.797035],[219.792499,-160.141394],[219.89328,-160.540076],[219.710294,-160.772516],[219.48538,-160.786335],[219.269841,-160.880867],[218.710724,-160.843861],[218.301174,-160.987621],[217.970444,-161.181336],[217.466449,-161.516433],[216.934329,-161.753986],[216.271567,-162.154013],[216.035108,-162.300707],[215.766009,-162.404249],[215.253768,-162.430221],[214.94526,-162.396341],[214.594486,-162.51549]]}},{"type":"Feature","id":"1488-Newwworld","properties":{"roadId":"1488-Newwworld","width":105.0,"hidden":true},"geometry":{"type":"LineString","coordinates":[[214.594486,-162.51549],[214.409442,-162.826906],[214.11603,-162.906455],[214.02675,-163.015006],[213.691836,-163.262637],[213.350567,-163.239251]]}},{"type":"Feature","id":"1489-Newwworld","properties":{"roadId":"1489-Newwworld","width":105.0,"hidden":true},"geometry":{"type":"LineString","coordinates":[[213.350567,-163.239251],[213.232702,-163.138348],[212.880791,-163.041369],[212.646893,-162.943365]]}},{"type":"Feature","id":"1490-Newwworld","properties":{"roadId":"1490-Newwworld","width":105.0,"hidden":true},"geometry":{"type":"LineString","coordinates":[[212.646893,-162.943365],[212.544401,-162.900422],[212.232734,-162.777757],[211.915111,-162.875769],[211.741699,-163.056256],[211.698331,-163.238826],[211.34675,-163.765382],[211.239683,-163.884123],[210.942,-164.039679],[210.598995,-164.095765]]}},{"type":"Feature","id":"1491-Newwworld","properties":{"roadId":"1491-Newwworld","width":105.0,"hidden":true},"geometry":{"type":"LineString","coordinates":[[213.350567,-163.239251],[212.569601,-163.888221]]}},{"type":"Feature","id":"1492-Newwworld","properties":{"roadId":"1492-Newwworld","width":105.0,"hidden":true},"geometry":{"type":"LineString","coordinates":[[212.569601,-163.888221],[212.646893,-162.943365]]}},{"type":"Feature","id":"1493-Newwworld","properties":{"roadId":"1493-Newwworld","width":105.0,"hidden":true},"geometry":{"type":"LineString","coordinates":[[213.961507,-185.61832],[213.767227,-185.751515],[213.651966,-185.778972],[213.441462,-185.788399],[213.309994,-185.851099],[213.179056,-186.086898],[212.978578,-186.361309],[212.86646,-186.660277],[212.691832,-186.860382],[212.454167,-187.073021],[212.019026,-187.255843],[211.789399,-187.435236],[211.602514,-187.535002],[211.464563,-187.524881],[211.324059,-187.631843],[210.841487,-187.536903],[210.518544,-187.756201],[209.464191,-187.897512],[209.34426,-187.963849],[209.28255,-188.195465],[209.12399,-188.303234],[209.076994,-188.391906],[208.783069,-188.622983],[208.438285,-188.715874],[207.794125,-188.922802],[207.303637,-189.281319],[206.516837,-189.758352],[206.035074,-190.076235]]}},{"type":"Feature","id":"1494-Newwworld","properties":{"roadId":"1494-Newwworld","width":105.0,"hidden":true},"geometry":{"type":"LineString","coordinates":[[212.569601,-163.888221],[212.480642,-164.127978],[212.444592,-164.373517],[212.367005,-164.467737],[212.419383,-164.806566],[212.288307,-164.943207],[212.105771,-164.925707],[211.988922,-165.060881],[211.783843,-165.418009],[211.747263,-165.623409],[211.782133,-165.82867],[211.651508,-165.970111],[211.504094,-166.010554],[211.286046,-166.336024],[211.110386,-166.580521],[210.829847,-166.761972],[210.479568,-167.140836],[210.295409,-167.394213],[210.162214,-167.542183],[209.938073,-168.011021],[209.834462,-168.173305],[209.879601,-168.41097],[209.936137,-168.52249],[209.794939,-168.700806],[209.481752,-169.158143],[209.4138,-169.518075],[209.402351,-169.756088],[209.463636,-169.954448],[209.442195,-170.046236],[209.371969,-170.105091],[209.367559,-170.329866],[209.333149,-170.506203],[209.355015,-170.651403],[209.265163,-170.876717],[209.206265,-171.284504],[209.163869,-172.131252],[209.344416,-172.382998],[209.397359,-172.494934],[209.465702,-172.577695],[209.601952,-172.657539],[209.618115,-172.735829],[209.682708,-172.77266],[209.802326,-172.986828],[210.05382,-173.433921],[210.056684,-173.826605],[210.279593,-174.272396],[210.241772,-174.703014],[210.228317,-175.433494],[210.194419,-175.914112],[210.151997,-175.988843],[210.087162,-176.08558],[210.043099,-176.201813],[209.945703,-176.466275],[209.797638,-177.066121],[209.579539,-177.688302],[209.473818,-177.83549],[209.306873,-178.233452],[209.44611,-178.67413],[209.584539,-179.037482],[209.654253,-179.391971],[209.656666,-179.611955],[209.637759,-179.892919],[209.515736,-180.170646],[209.437655,-180.271818],[209.564955,-180.67214],[209.700633,-180.816768],[209.900338,-180.929346],[210.043256,-181.389686],[210.610992,-181.751797],[211.016948,-181.900582],[211.207886,-182.032813],[211.322626,-182.118239],[211.460769,-182.164845],[211.530665,-182.240913],[211.575648,-182.493848],[211.68248,-182.623388],[211.734017,-182.71996],[211.825588,-182.791774],[211.935319,-182.754439],[212.052924,-182.706062],[212.325338,-182.739292],[212.522969,-182.709005],[212.684376,-182.75022],[212.834845,-182.886037],[212.995167,-182.972652],[213.309768,-183.226229],[213.486974,-183.445926],[213.652382,-183.72064],[213.731593,-183.862386]]}},{"type":"Feature","id":"1495-Newwworld","properties":{"roadId":"1495-Newwworld","width":105.0,"hidden":true},"geometry":{"type":"LineString","coordinates":[[214.011177,-184.430513],[214.095691,-184.771121],[213.961507,-185.61832]]}},{"type":"Feature","id":"1496-Newwworld","properties":{"roadId":"1496-Newwworld","width":105.0,"hidden":true},"geometry":{"type":"LineString","coordinates":[[214.877118,-184.73817],[214.011177,-184.430513]]}},{"type":"Feature","id":"1497-Newwworld","properties":{"roadId":"1497-Newwworld","width":105.0,"hidden":true},"geometry":{"type":"LineString","coordinates":[[213.731593,-183.862386],[213.915639,-184.045494],[214.011177,-184.430513]]}},{"type":"Feature","id":"1498-Newwworld","properties":{"roadId":"1498-Newwworld","width":105.0,"hidden":true},"geometry":{"type":"LineString","coordinates":[[215.763405,-183.931813],[214.877118,-184.73817]]}},{"type":"Feature","id":"1499-Newwworld","properties":{"roadId":"1499-Newwworld","width":105.0,"hidden":true},"geometry":{"type":"LineString","coordinates":[[213.731593,-183.862386],[214.406717,-183.885337],[215.075729,-183.783288],[215.763405,-183.931813]]}},{"type":"Feature","id":"149-Newwworld","properties":{"roadId":"149-Newwworld","width":80.0,"hidden":false},"geometry":{"type":"LineString","coordinates":[[91.964643,-58.029216],[92.129748,-58.489079],[92.588074,-58.917995],[92.827407,-59.433214],[92.556581,-59.851765],[91.819955,-60.546099],[91.635102,-61.310807],[92.089852,-62.008101],[92.58067,-62.245272],[93.035342,-62.383067],[93.455421,-62.918104],[94.152541,-63.118591]]}},{"type":"Feature","id":"1500-Newwworld","properties":{"roadId":"1500-Newwworld","width":106.9,"hidden":true},"geometry":{"type":"LineString","coordinates":[[74.785123,-209.993064],[74.973492,-210.203716],[75.076626,-210.404099],[75.251245,-210.596018],[75.412955,-210.602858],[75.539093,-210.746826],[75.57247,-210.937165],[75.690621,-211.038598],[76.001108,-211.18622],[76.127663,-211.364823],[76.328853,-211.718556],[76.777422,-212.111865],[76.854367,-212.451762],[76.980035,-212.647561],[77.066494,-212.948752],[77.165279,-213.191001],[77.276972,-213.73707],[77.394889,-213.961915],[77.702468,-214.310015],[78.007982,-214.445501],[78.078902,-214.679747],[78.024605,-214.802187],[78.281047,-215.090486],[78.414919,-215.322692],[78.642853,-215.599082],[78.750475,-215.78745],[79.015337,-215.976514],[79.215651,-216.173823],[79.263984,-216.301862],[79.225607,-216.457071]]}},{"type":"Feature","id":"1501-Newwworld","properties":{"roadId":"1501-Newwworld","width":106.9,"hidden":true},"geometry":{"type":"LineString","coordinates":[[73.902039,-210.519611],[73.634468,-210.740836],[73.243981,-210.863797],[72.887712,-210.942104],[72.640081,-211.096002],[72.445063,-211.318781],[72.335132,-211.604233],[72.23837,-211.681664],[72.138899,-211.895163],[71.92711,-212.060328],[71.795851,-212.271397],[71.653507,-212.616311],[71.474765,-212.689402]]}},{"type":"Feature","id":"1502-Newwworld","properties":{"roadId":"1502-Newwworld","width":106.9,"hidden":true},"geometry":{"type":"LineString","coordinates":[[74.785123,-209.993064],[74.484784,-210.294168],[74.177127,-210.426694],[73.902039,-210.519611]]}},{"type":"Feature","id":"1503-Newwworld","properties":{"roadId":"1503-Newwworld","width":101.2,"hidden":true},"geometry":{"type":"LineString","coordinates":[[61.054148,-215.680245],[60.835718,-215.865228],[60.67978,-215.934152],[60.643704,-216.042833],[60.451047,-216.261844],[60.304849,-216.349518],[60.293434,-216.43589],[60.369606,-216.555509],[60.368356,-216.805336],[60.403399,-216.886499],[60.747124,-217.124781],[60.813618,-217.252299],[60.659945,-217.506467],[60.421498,-218.019836],[60.379345,-218.200566],[60.47267,-218.366365],[60.397792,-218.746228],[60.239953,-218.970968]]}},{"type":"Feature","id":"1504-Newwworld","properties":{"roadId":"1504-Newwworld","width":108.8,"hidden":true},"geometry":{"type":"LineString","coordinates":[[70.017243,-215.67495],[69.86469,-215.359324],[69.742381,-215.281286],[69.512623,-215.282501],[69.339246,-215.404203],[68.919722,-215.337189],[68.653427,-215.306025],[68.388079,-215.197257]]}},{"type":"Feature","id":"1505-Newwworld","properties":{"roadId":"1505-Newwworld","width":108.8,"hidden":true},"geometry":{"type":"LineString","coordinates":[[68.388079,-215.197257],[68.276612,-215.057674],[68.175231,-214.9325],[67.962401,-214.875468],[67.814405,-214.724556],[67.627651,-214.696492],[67.497416,-214.598219],[67.46252,-214.54551],[67.398762,-214.529347],[67.142606,-214.453279],[67.045696,-214.479364],[66.940262,-214.469877],[66.822379,-214.411864],[66.711789,-214.380024],[66.599662,-214.235509],[66.438758,-214.217471],[66.374921,-214.147219],[66.396293,-213.885039],[66.300477,-213.730074],[66.154365,-213.608467],[65.998193,-213.663632],[65.80511,-213.825786],[65.61517,-213.952765],[65.414996,-214.096073],[65.150351,-214.322124],[65.072321,-214.416708],[64.974005,-214.480996],[64.834751,-214.699435],[64.772772,-214.742395],[64.65252,-214.729339],[64.57587,-214.7894],[64.216164,-214.837621],[64.06211,-214.779244],[63.864192,-214.800407],[63.620172,-214.677403],[63.243313,-214.78078],[63.139632,-214.877378],[62.97122,-214.932239],[62.747331,-215.01809],[62.633633,-215.223994],[62.581974,-215.506026],[62.459161,-215.583283],[62.263961,-215.685714],[62.015132,-215.672172],[61.801677,-215.549429],[61.64678,-215.572953],[61.408264,-215.719221],[61.054148,-215.680245]]}},{"type":"Feature","id":"1506-Newwworld","properties":{"roadId":"1506-Newwworld","width":101.2,"hidden":true},"geometry":{"type":"LineString","coordinates":[[60.239953,-218.970968],[59.989231,-219.100917],[59.581252,-219.267237],[59.434768,-219.460727],[59.238699,-219.867239],[59.122961,-219.965156],[58.94757,-220.067413],[58.799071,-220.057864],[58.578879,-220.193455],[58.228079,-220.973579],[57.884181,-222.041378],[57.894267,-222.528185],[57.658338,-223.344594],[57.610056,-223.693988],[57.537487,-223.843033],[57.505733,-224.063867],[57.635412,-224.38583],[57.837627,-224.709703],[57.987219,-225.439306],[58.317767,-225.943909],[58.511058,-226.51049],[59.028117,-227.031933]]}},{"type":"Feature","id":"1507-Newwworld","properties":{"roadId":"1507-Newwworld","width":108.8,"hidden":true},"geometry":{"type":"LineString","coordinates":[[68.388079,-215.197257],[68.30465,-215.482849],[68.399025,-215.694568],[68.456421,-215.792659],[68.466395,-216.01818],[68.262402,-216.323303],[68.040257,-216.469918],[67.881645,-216.728599],[67.936194,-216.921395],[67.904388,-217.073913],[67.666254,-217.225042],[67.511427,-217.287803],[67.327485,-217.26341],[67.191903,-217.337977],[66.90843,-217.393359],[66.673759,-217.492404],[66.35052,-217.603429],[66.247395,-217.717318],[66.314131,-217.784072],[66.420364,-217.808291],[66.479791,-217.878256],[66.412473,-218.1714],[66.167542,-218.513675],[65.93446,-218.526522],[65.66103,-218.801089],[65.319423,-218.818798],[65.085802,-218.892843],[64.906427,-218.794839],[64.591599,-218.520706],[64.547511,-218.392754],[64.437701,-218.356904],[64.211719,-218.129212],[63.980833,-218.065757],[63.385805,-217.622873],[63.077532,-217.510807],[62.817791,-217.640061],[62.553624,-217.921572],[62.288918,-218.016017],[62.128119,-218.152476],[61.938804,-218.283813],[61.782683,-218.473137],[61.221813,-218.734596],[60.87716,-218.99727],[60.657454,-219.004215],[60.47307,-218.905169],[60.239953,-218.970968]]}},{"type":"Feature","id":"1508-Newwworld","properties":{"roadId":"1508-Newwworld","width":108.8,"hidden":true},"geometry":{"type":"LineString","coordinates":[[70.514979,-215.938493],[70.354362,-215.823648],[70.23483,-215.811843],[70.121783,-215.698822],[70.017243,-215.67495]]}},{"type":"Feature","id":"1509-Newwworld","properties":{"roadId":"1509-Newwworld","width":110.7,"hidden":true},"geometry":{"type":"LineString","coordinates":[[71.804176,-218.123743],[71.842275,-217.677995],[72.487451,-216.962715],[72.943008,-216.674172],[73.472089,-216.470526],[74.106605,-216.353251]]}},{"type":"Feature","id":"150-Newwworld","properties":{"roadId":"150-Newwworld","width":80.0,"hidden":false},"geometry":{"type":"LineString","coordinates":[[83.446351,-74.466103],[83.758183,-74.54876],[84.07361,-74.5031],[84.346605,-74.328889],[84.820808,-74.240981],[85.327095,-74.181675],[85.591453,-74.036536],[86.079207,-73.991388],[86.409876,-73.808332],[86.635415,-73.590901],[87.253351,-73.236064],[88.100316,-73.298755],[88.374076,-72.946046],[88.434918,-72.441513],[88.215047,-71.847787],[87.982729,-71.403324],[87.829942,-70.63997],[87.788917,-70.263033],[87.566781,-69.852876],[87.178811,-69.446755],[87.096537,-69.119019],[86.970547,-68.48702],[86.722629,-68.008772],[86.675407,-67.736697],[86.880407,-67.463232],[86.831267,-67.104533],[87.163065,-66.176301],[87.508509,-65.682636],[88.127044,-65.20806],[88.16661,-64.927104]]}},{"type":"Feature","id":"1510-Newwworld","properties":{"roadId":"1510-Newwworld","width":108.8,"hidden":true},"geometry":{"type":"LineString","coordinates":[[70.514979,-215.938493],[70.932029,-216.410716],[71.267151,-217.013062],[71.558941,-217.769488],[71.804176,-218.123743]]}},{"type":"Feature","id":"1511-Newwworld","properties":{"roadId":"1511-Newwworld","width":200.0,"hidden":true},"geometry":{"type":"LineString","coordinates":[[169.536712,-52.682114],[169.874682,-52.676429],[170.146219,-52.52109]]}},{"type":"Feature","id":"1512-Newwworld","properties":{"roadId":"1512-Newwworld","width":200.0,"hidden":false},"geometry":{"type":"LineString","coordinates":[[169.536712,-52.682114],[169.494108,-53.052992],[169.39343,-53.304486],[169.283569,-53.400311],[169.255583,-53.625364],[169.389871,-53.721805],[169.206242,-53.646467],[169.114662,-53.749167],[168.948325,-53.776319],[168.813029,-53.721927],[168.78565,-53.608706],[168.684305,-53.626345],[168.640164,-53.70717],[168.71611,-53.866129],[168.836475,-53.832813],[168.93493,-53.886485],[169.032509,-53.886667],[169.105886,-53.952483],[169.079983,-54.043326],[169.125686,-54.090105],[169.295748,-54.063968],[169.480314,-54.024445],[169.504524,-53.923395],[169.396955,-53.890929],[169.294949,-53.755304]]}},{"type":"Feature","id":"1513-Newwworld","properties":{"roadId":"1513-Newwworld","width":91.7,"hidden":false},"geometry":{"type":"LineString","coordinates":[[132.306426,-190.325975],[131.085022,-190.129907],[130.675455,-189.554818],[130.58584,-189.302482],[129.710367,-188.530752],[129.544701,-188.204744],[128.835809,-187.61936],[128.539125,-187.6543],[128.122641,-187.364134],[127.923774,-187.212597],[127.713361,-187.15382],[127.745978,-187.036268],[127.57321,-186.644869],[127.499021,-186.469842],[127.156916,-186.182176],[126.806611,-186.038001],[126.668018,-185.891073],[126.277629,-185.839128],[126.09282,-185.725447],[125.718141,-185.681958],[124.977228,-185.87175],[124.603723,-185.819641],[123.957439,-185.888061],[122.627341,-185.887106],[122.383797,-185.676558],[122.185459,-185.610734],[121.987237,-185.437808],[121.762871,-185.434196],[121.472731,-185.426245],[121.26698,-185.145289],[120.722018,-185.088128]]}},{"type":"Feature","id":"1514-Newwworld","properties":{"roadId":"1514-Newwworld","width":82.2,"hidden":false},"geometry":{"type":"LineString","coordinates":[[138.067065,-196.314971],[137.842802,-196.784226],[137.478938,-197.283438],[137.196802,-197.827476],[136.762495,-198.24108],[136.208745,-198.562852],[134.953686,-198.541107],[134.206412,-198.32891],[133.599411,-198.262625],[133.199951,-198.315117],[132.878363,-198.685795],[132.696622,-198.839329],[132.252925,-199.079738],[131.79836,-199.242568],[131.60046,-199.346405],[131.2402,-199.466388],[130.998473,-199.611771],[130.918653,-199.731051],[130.810561,-199.958256],[130.673946,-200.078639],[130.366129,-200.187085],[129.938194,-200.089776],[129.772518,-200.103144],[129.596538,-200.163457]]}},{"type":"Feature","id":"1515-Newwworld","properties":{"roadId":"1515-Newwworld","width":91.7,"hidden":false},"geometry":{"type":"LineString","coordinates":[[132.306426,-190.325975],[132.808579,-190.896724],[133.15698,-191.392281]]}},{"type":"Feature","id":"1516-Newwworld","properties":{"roadId":"1516-Newwworld","width":105.0,"hidden":true},"geometry":{"type":"LineString","coordinates":[[219.947534,-131.566893],[219.718019,-131.08984],[219.452393,-130.820616],[219.317063,-130.271014],[219.332254,-129.986957]]}},{"type":"Feature","id":"1517-Newwworld","properties":{"roadId":"1517-Newwworld","width":89.8,"hidden":true},"geometry":{"type":"LineString","coordinates":[[215.712103,-128.13062],[215.712103,-128.13062],[215.350383,-128.038003]]}},{"type":"Feature","id":"1518-Newwworld","properties":{"roadId":"1518-Newwworld","width":105.0,"hidden":true},"geometry":{"type":"LineString","coordinates":[[219.947534,-131.566893],[220.170712,-131.017817],[220.480522,-130.458201],[220.633908,-129.960068]]}},{"type":"Feature","id":"1519-Newwworld","properties":{"roadId":"1519-Newwworld","width":105.0,"hidden":true},"geometry":{"type":"LineString","coordinates":[[221.866377,-125.993857],[221.59971,-126.072958],[221.305004,-126.232454],[220.663161,-126.295789],[220.266719,-126.307086],[219.880173,-126.465859],[219.288157,-126.619107],[218.928867,-126.641505],[218.242233,-127.412365]]}},{"type":"Feature","id":"151-Newwworld","properties":{"roadId":"151-Newwworld","width":87.9,"hidden":false},"geometry":{"type":"LineString","coordinates":[[90.521965,-80.735308],[90.253882,-80.760447],[89.753438,-80.818798],[89.448758,-80.880639],[89.248254,-80.810404],[88.764294,-81.004311]]}},{"type":"Feature","id":"1520-Newwworld","properties":{"roadId":"1520-Newwworld","width":105.0,"hidden":false},"geometry":{"type":"LineString","coordinates":[[221.866377,-125.993857],[222.140076,-125.995853],[222.298236,-126.046567],[222.510737,-125.966282],[222.724193,-125.887661],[222.912909,-125.928258],[222.98843,-126.060025],[222.99685,-126.20314]]}},{"type":"Feature","id":"1521-Newwworld","properties":{"roadId":"1521-Newwworld","width":105.0,"hidden":false},"geometry":{"type":"LineString","coordinates":[[222.99685,-126.20314],[222.882179,-126.41687],[222.739123,-126.252698],[222.539991,-126.20826],[222.306657,-126.048961]]}},{"type":"Feature","id":"1522-Boneyard Wolf","properties":{"roadId":"1522-Boneyard Wolf","width":110.7,"hidden":true},"geometry":{"type":"LineString","coordinates":[[54.691956,-150.298374],[54.543761,-150.323452],[54.226764,-150.682152]]}},{"type":"Feature","id":"1522-Newwworld","properties":{"roadId":"1522-Newwworld","width":105.0,"hidden":false},"geometry":{"type":"LineString","coordinates":[[222.99685,-126.20314],[223.056746,-126.29858],[223.130705,-126.305081]]}},{"type":"Feature","id":"1523-Boneyard Wolf","properties":{"roadId":"1523-Boneyard Wolf","width":129.7,"hidden":true},"geometry":{"type":"LineString","coordinates":[[48.093271,-141.089359],[47.922454,-141.355375],[47.933088,-141.58377],[48.052802,-141.736522],[48.001343,-141.929058],[48.098861,-142.052982],[48.240216,-142.181619],[48.390025,-142.299423],[48.539713,-142.661031],[48.539835,-142.788948],[48.744662,-143.002733],[49.005296,-143.324201],[49.048604,-143.561841],[49.241278,-143.835835],[49.811497,-144.177069],[49.968859,-144.455073],[49.891688,-144.708121],[49.51693,-144.916802],[49.390784,-145.038461],[49.390706,-145.154199],[49.422798,-145.236239],[49.376608,-145.467689],[49.318822,-145.692282],[49.171,-145.845408],[49.086937,-146.261043]]}},{"type":"Feature","id":"1523-Newwworld","properties":{"roadId":"1523-Newwworld","width":106.9,"hidden":true},"geometry":{"type":"LineString","coordinates":[[76.558211,-205.971627],[77.005634,-205.756748]]}},{"type":"Feature","id":"1524-Boneyard Wolf","properties":{"roadId":"1524-Boneyard Wolf","width":129.7,"hidden":true},"geometry":{"type":"LineString","coordinates":[[49.086937,-146.261043],[49.197181,-146.422762],[49.557347,-146.754551],[49.703615,-147.083051],[49.914284,-147.126922],[49.937982,-147.069691],[49.897878,-146.884257],[49.996203,-146.844231],[50.120413,-146.880906],[50.199615,-146.951427],[50.564173,-146.936722],[50.736778,-147.033407],[50.849487,-147.202435],[51.191042,-147.291255],[51.428568,-147.900953],[52.185212,-148.091579],[52.487617,-148.281475]]}},{"type":"Feature","id":"1524-Newwworld","properties":{"roadId":"1524-Newwworld","width":106.9,"hidden":true},"geometry":{"type":"LineString","coordinates":[[76.074807,-206.660952],[76.251187,-206.315413],[76.558211,-205.971627]]}},{"type":"Feature","id":"1525-Boneyard Wolf","properties":{"roadId":"1525-Boneyard Wolf","width":101.2,"hidden":true},"geometry":{"type":"LineString","coordinates":[[41.165851,-159.468883],[41.381729,-159.558388],[41.822295,-159.512242],[42.22924,-159.66206],[42.487757,-160.176403],[42.843895,-160.246464],[42.964512,-160.530987],[43.043479,-160.810103],[43.523255,-160.797993],[43.685973,-160.762576],[43.8431,-160.634694],[43.987918,-160.534885]]}},{"type":"Feature","id":"1525-Newwworld","properties":{"roadId":"1525-Newwworld","width":106.9,"hidden":true},"geometry":{"type":"LineString","coordinates":[[76.558211,-205.971627],[76.223982,-206.077912],[75.966794,-206.076003]]}},{"type":"Feature","id":"1526-Boneyard Wolf","properties":{"roadId":"1526-Boneyard Wolf","width":129.7,"hidden":true},"geometry":{"type":"LineString","coordinates":[[49.086937,-146.261043],[48.940939,-146.295392],[48.708759,-146.167562],[48.621042,-145.943385],[48.322968,-145.845833],[47.868539,-145.998577],[47.803252,-146.068638],[47.67234,-146.094731],[47.608651,-146.226459],[47.716394,-146.405036],[47.879242,-146.436078],[48.165267,-146.46245],[48.249348,-146.780402],[48.208071,-146.93226],[48.097359,-147.092374],[48.01979,-147.518096],[47.932654,-147.613226],[47.909494,-147.890762],[47.650431,-148.272499],[47.318225,-148.534774],[47.077955,-148.540382],[46.965914,-148.339348],[46.764464,-148.35118],[46.567163,-148.53829],[46.302909,-148.658447],[46.112031,-148.579202],[45.948862,-148.739115],[45.549477,-148.96692],[45.283018,-148.921451],[45.076221,-148.928934],[44.678806,-148.89363],[44.465993,-149.031938],[44.275966,-149.249221],[44.230914,-149.373979],[44.276617,-149.535394],[44.181617,-149.633684],[44.230836,-149.755872],[44.335272,-149.76931],[44.397607,-149.963555],[44.514543,-150.036872],[44.448336,-150.366916],[44.598163,-150.672325],[44.510472,-150.873255],[44.656332,-151.050104],[44.60858,-151.543726]]}},{"type":"Feature","id":"1526-Newwworld","properties":{"roadId":"1526-Newwworld","width":106.9,"hidden":true},"geometry":{"type":"LineString","coordinates":[[75.966794,-206.076003],[76.074807,-206.660952]]}},{"type":"Feature","id":"1527-Boneyard Wolf","properties":{"roadId":"1527-Boneyard Wolf","width":129.7,"hidden":true},"geometry":{"type":"LineString","coordinates":[[43.956616,-152.461567],[43.733794,-152.697497],[43.554314,-152.824676],[43.321284,-152.783582],[43.093601,-152.627063],[42.733921,-152.730466],[42.564363,-153.012012],[42.478547,-153.390676],[42.616221,-153.587075],[42.581976,-153.75428],[42.335743,-154.127554],[42.033207,-154.244707],[41.96193,-154.343588],[41.900298,-154.499725],[41.842789,-154.833563],[41.895402,-155.089311],[41.791149,-155.490692],[41.604568,-155.685111],[41.584134,-155.81229],[41.473283,-155.898168],[41.427085,-156.070868],[41.56857,-156.321086],[41.551278,-157.111253],[41.415427,-157.330907],[41.048837,-157.57023],[40.960729,-157.688547],[40.992153,-157.780622],[41.087466,-157.838539],[41.15448,-157.977619],[41.181824,-158.131682],[41.290765,-158.300242],[41.335348,-158.450207],[41.311173,-158.497465],[41.340244,-158.571067],[41.297015,-158.702266],[41.239324,-159.051303],[41.296729,-159.162606],[41.165851,-159.468883]]}},{"type":"Feature","id":"1527-Newwworld","properties":{"roadId":"1527-Newwworld","width":106.9,"hidden":true},"geometry":{"type":"LineString","coordinates":[[75.615222,-206.025143],[75.559379,-206.200152],[75.478164,-206.296108],[75.467869,-206.619789],[75.256123,-206.858045]]}},{"type":"Feature","id":"1528-Boneyard Wolf","properties":{"roadId":"1528-Boneyard Wolf","width":129.7,"hidden":false},"geometry":{"type":"LineString","coordinates":[[43.956616,-152.461567],[44.059203,-152.57392],[44.525759,-152.665848]]}},{"type":"Feature","id":"1528-Newwworld","properties":{"roadId":"1528-Newwworld","width":105.0,"hidden":true},"geometry":{"type":"LineString","coordinates":[[193.503712,-126.989074],[193.677228,-127.242784],[193.711204,-127.278115],[193.884668,-127.422508],[193.913314,-127.452071],[194.095893,-127.745263]]}},{"type":"Feature","id":"1529-Boneyard Wolf","properties":{"roadId":"1529-Boneyard Wolf","width":129.7,"hidden":true},"geometry":{"type":"LineString","coordinates":[[44.60858,-151.543726],[44.242155,-151.838753],[44.23956,-151.988015],[44.055818,-152.019969],[43.922935,-152.195273],[43.956616,-152.461567]]}},{"type":"Feature","id":"1529-Newwworld","properties":{"roadId":"1529-Newwworld","width":120.2,"hidden":false},"geometry":{"type":"LineString","coordinates":[[204.416882,-33.018168],[204.482239,-32.920424],[204.584444,-32.881275],[204.66743,-32.970077],[204.872769,-33.083359]]}},{"type":"Feature","id":"152-Newwworld","properties":{"roadId":"152-Newwworld","width":80.0,"hidden":false},"geometry":{"type":"LineString","coordinates":[[83.446351,-74.466103],[83.210091,-74.554402],[82.807295,-75.103102],[82.795446,-75.261106],[82.964075,-75.488346],[82.949083,-75.928218],[83.104718,-76.29538],[83.408677,-76.555971],[83.372175,-76.759913],[83.192791,-77.023638],[83.404901,-77.194489],[83.515075,-77.487824],[83.436741,-77.594864],[83.590934,-77.853632],[83.520309,-78.425917],[83.452809,-78.599867],[83.607419,-78.973827],[83.604919,-79.165303],[83.886153,-78.962794],[84.052629,-79.023766],[84.096891,-79.180338],[83.979538,-80.223796],[84.123948,-80.270932],[84.187456,-80.078891],[84.261223,-79.480157],[84.311588,-78.968106],[84.484644,-78.875971],[84.88659,-78.805033],[85.02955,-78.863193],[84.676815,-79.10276],[84.67066,-79.8035],[84.763699,-80.112641],[84.897328,-80.173866],[84.982189,-80.055263],[85.090349,-79.671138],[85.176903,-79.593577],[85.452208,-79.620947],[85.411618,-79.860991],[85.514083,-80.038778],[85.644969,-80.045428],[85.7276,-79.958526],[85.788216,-79.763864],[85.865925,-79.669793],[85.918946,-79.834385],[86.08517,-79.943674],[86.539078,-79.803179],[87.176502,-79.499445]]}},{"type":"Feature","id":"1530-Boneyard Wolf","properties":{"roadId":"1530-Boneyard Wolf","width":129.7,"hidden":true},"geometry":{"type":"LineString","coordinates":[[52.487617,-148.281475],[52.783252,-148.467127],[53.261674,-149.020627],[53.402968,-149.479665],[54.000548,-149.546236],[54.213378,-149.715594],[54.433388,-149.865881],[54.644638,-150.067297],[54.691956,-150.298374]]}},{"type":"Feature","id":"1530-Newwworld","properties":{"roadId":"1530-Newwworld","width":106.9,"hidden":true},"geometry":{"type":"LineString","coordinates":[[75.966794,-206.076003],[75.802965,-206.052305],[75.615222,-206.025143]]}},{"type":"Feature","id":"1531-Boneyard Wolf","properties":{"roadId":"1531-Boneyard Wolf","width":129.7,"hidden":true},"geometry":{"type":"LineString","coordinates":[[44.60858,-151.543726],[44.871055,-151.515956],[44.977192,-151.576182],[45.318747,-151.540219],[45.567186,-151.460158],[45.815754,-151.714091],[45.971033,-151.795176],[46.150469,-151.796487],[46.383048,-151.375079],[46.557962,-151.276893],[46.676999,-151.340192],[46.915393,-151.26573]]}},{"type":"Feature","id":"1532-Boneyard Wolf","properties":{"roadId":"1532-Boneyard Wolf","width":129.7,"hidden":true},"geometry":{"type":"LineString","coordinates":[[46.915393,-151.26573],[47.003432,-150.934357],[47.158224,-150.816892],[47.137261,-150.623106],[47.350803,-150.63183],[47.564467,-150.518045],[47.654875,-150.535198],[47.800683,-150.435015],[47.976091,-150.365883],[48.130884,-150.362697],[48.381839,-150.351777],[48.758612,-150.354242],[48.889098,-150.392133],[48.994454,-150.518861],[49.039958,-150.737516],[49.218248,-150.840086],[49.440159,-151.023047],[49.621609,-151.052352],[49.76292,-150.922248],[49.994275,-150.751249],[50.30478,-150.712152],[50.450188,-150.556535],[50.618184,-150.497759],[50.758124,-150.301291],[50.93197,-150.046932],[50.926084,-149.799275],[51.206102,-149.62253],[51.29283,-149.246174],[51.432943,-149.099559],[51.426372,-148.757622],[51.54198,-148.625287],[51.677554,-148.635912],[51.912086,-148.405573],[52.268233,-148.375312],[52.487617,-148.281475]]}},{"type":"Feature","id":"1532-Newwworld","properties":{"roadId":"1532-Newwworld","width":120.2,"hidden":false},"geometry":{"type":"LineString","coordinates":[[203.830422,-33.243602],[203.745934,-33.014174],[203.770734,-32.887785],[203.78471,-32.651326],[203.736976,-32.494121],[203.877931,-32.235873]]}},{"type":"Feature","id":"1533-Boneyard Wolf","properties":{"roadId":"1533-Boneyard Wolf","width":110.7,"hidden":true},"geometry":{"type":"LineString","coordinates":[[51.848049,-152.951699],[51.525756,-153.303358],[51.549098,-153.553012],[51.396772,-153.652735],[51.444081,-153.878065],[51.403664,-154.165184],[51.208941,-154.544335]]}},{"type":"Feature","id":"1533-Newwworld","properties":{"roadId":"1533-Newwworld","width":120.2,"hidden":false},"geometry":{"type":"LineString","coordinates":[[204.31953,-32.910268],[204.416882,-33.018168]]}},{"type":"Feature","id":"1534-Boneyard Wolf","properties":{"roadId":"1534-Boneyard Wolf","width":129.7,"hidden":true},"geometry":{"type":"LineString","coordinates":[[46.915393,-151.26573],[47.171219,-151.212223],[47.453303,-151.373091],[47.620101,-151.668275],[47.723113,-151.737728],[47.879407,-151.780246],[47.943426,-151.950524],[47.934373,-152.078884],[48.120467,-152.267478],[48.323098,-152.34556],[48.559227,-152.224171],[48.784827,-152.340664],[48.964749,-152.383459],[49.08396,-152.471889],[49.18113,-152.719902],[49.355515,-152.894781],[49.527824,-152.992515],[49.871419,-152.969382],[50.487064,-152.857307],[50.712464,-153.009399],[51.047916,-153.032099],[51.439324,-152.910076],[51.848049,-152.951699]]}},{"type":"Feature","id":"1534-Newwworld","properties":{"roadId":"1534-Newwworld","width":120.2,"hidden":false},"geometry":{"type":"LineString","coordinates":[[203.955284,-33.206015],[204.121308,-33.22355],[204.27143,-33.149765],[204.416882,-33.018168]]}},{"type":"Feature","id":"1534-Newwworld-INGAME","properties":{"roadId":"1534-Newwworld-INGAME","width":116.4,"hidden":true},"geometry":{"type":"LineString","coordinates":[[76.06551,-173.234372],[76.831979,-173.38867],[77.576322,-173.129537],[78.319398,-173.004163],[79.173194,-172.922392],[79.561876,-172.786775]]}},{"type":"Feature","id":"1535-Boneyard Wolf","properties":{"roadId":"1535-Boneyard Wolf","width":110.7,"hidden":true},"geometry":{"type":"LineString","coordinates":[[51.208941,-154.544335],[51.44224,-154.775169],[51.744794,-155.094649],[52.001904,-155.169797],[52.177321,-155.297332],[52.286531,-155.425015],[52.380655,-155.63821],[52.431193,-156.043845],[52.232686,-157.14029],[52.301132,-158.676962],[51.89587,-159.102345],[51.600566,-159.584942],[52.075802,-160.075117],[51.847936,-160.647802]]}},{"type":"Feature","id":"1535-Newwworld","properties":{"roadId":"1535-Newwworld","width":120.2,"hidden":false},"geometry":{"type":"LineString","coordinates":[[204.31953,-32.910268],[204.067419,-32.980233],[203.955284,-33.206015]]}},{"type":"Feature","id":"1536-Boneyard Wolf","properties":{"roadId":"1536-Boneyard Wolf","width":101.2,"hidden":true},"geometry":{"type":"LineString","coordinates":[[43.987918,-160.534885],[44.242008,-160.7463],[44.550898,-161.298307],[44.9126,-161.474028],[45.381282,-161.515079],[45.572064,-161.573777],[45.784938,-161.633803]]}},{"type":"Feature","id":"1536-Newwworld","properties":{"roadId":"1536-Newwworld","width":120.2,"hidden":false},"geometry":{"type":"LineString","coordinates":[[203.877931,-32.235873],[203.954928,-32.253495],[204.263201,-32.28813],[204.426709,-32.438304],[204.42512,-32.689607],[204.32157,-32.839],[204.31953,-32.910268]]}},{"type":"Feature","id":"1536-Newwworld-INGAME","properties":{"roadId":"1536-Newwworld-INGAME","width":86.0,"hidden":false},"geometry":{"type":"LineString","coordinates":[[67.379977,-181.91079],[67.196582,-181.15485],[67.166391,-180.758313],[66.823412,-179.848058],[66.81507,-179.593135],[66.724619,-179.280834],[66.80843,-178.568236],[66.696632,-177.905195],[66.811251,-177.278579],[66.810756,-177.278214]]}},{"type":"Feature","id":"1537-Boneyard Wolf","properties":{"roadId":"1537-Boneyard Wolf","width":110.7,"hidden":true},"geometry":{"type":"LineString","coordinates":[[51.208941,-154.544335],[50.813584,-154.328657],[50.617099,-154.087814],[49.989423,-153.978552],[49.415949,-154.076069],[49.238092,-154.236756],[49.084567,-154.271738],[48.800556,-154.192563],[48.66257,-154.079359],[48.543941,-154.036859],[48.332395,-154.15462],[48.170068,-154.363805],[48.146144,-154.658597],[47.961204,-154.799223],[47.7909,-154.993876],[47.590977,-155.484468],[47.325004,-155.426638],[47.119014,-155.359789],[46.963927,-155.351907],[46.471329,-155.147679],[46.220322,-155.152957],[46.047786,-155.416247],[45.748436,-155.562654],[45.661691,-155.575875],[45.541682,-155.932673],[45.080274,-156.204861],[44.598363,-156.629359],[44.625976,-157.310134],[44.388571,-157.718061],[44.406513,-158.041265],[44.234933,-158.259104],[44.211192,-158.655165],[44.369812,-158.933221],[44.195853,-159.197805],[44.230445,-159.999527],[44.140714,-160.114241],[44.124672,-160.227462],[43.987918,-160.534885]]}},{"type":"Feature","id":"1537-Newwworld","properties":{"roadId":"1537-Newwworld","width":120.2,"hidden":false},"geometry":{"type":"LineString","coordinates":[[203.877931,-32.235873],[203.763964,-32.046636],[203.849875,-31.989952]]}},{"type":"Feature","id":"1538-Boneyard Wolf","properties":{"roadId":"1538-Boneyard Wolf","width":110.7,"hidden":true},"geometry":{"type":"LineString","coordinates":[[54.226764,-150.682152],[53.840165,-151.049549],[53.407273,-151.624794],[52.650751,-152.169691],[52.316193,-152.759199],[52.035038,-152.798218],[51.848049,-152.951699]]}},{"type":"Feature","id":"1538-Newwworld","properties":{"roadId":"1538-Newwworld","width":89.8,"hidden":true},"geometry":{"type":"LineString","coordinates":[[205.403995,-34.434665],[205.158925,-34.599857],[204.545364,-34.524857],[204.012237,-34.25489],[203.745847,-33.840913],[203.681324,-33.594124]]}},{"type":"Feature","id":"1539-Boneyard Wolf","properties":{"roadId":"1539-Boneyard Wolf","width":110.7,"hidden":false},"geometry":{"type":"LineString","coordinates":[[54.226764,-150.682152],[54.036468,-150.540033],[53.715998,-150.513436],[53.456249,-150.602073],[53.351769,-150.575893],[53.063869,-150.384546],[52.930449,-150.411725],[52.834849,-150.500397],[52.782601,-150.627334],[52.707904,-150.630033],[52.678069,-150.664452],[52.514501,-150.757681],[52.425291,-150.847421],[52.338493,-150.806319],[52.218849,-150.880564],[52.155411,-150.910659],[52.035133,-150.920191],[51.785011,-150.941415],[51.644159,-150.889835],[51.477492,-150.810173]]}},{"type":"Feature","id":"1539-Newwworld","properties":{"roadId":"1539-Newwworld","width":89.8,"hidden":false},"geometry":{"type":"LineString","coordinates":[[204.872769,-33.083359],[204.938403,-33.268863],[204.914089,-33.381103],[204.927388,-33.505062],[205.006745,-33.606104],[204.951511,-33.804889],[205.064176,-33.935532],[205.203092,-34.110359],[205.339629,-34.153675],[205.386026,-34.211314],[205.403995,-34.434665]]}},{"type":"Feature","id":"153-Newwworld","properties":{"roadId":"153-Newwworld","width":80.0,"hidden":false},"geometry":{"type":"LineString","coordinates":[[90.432373,-79.078159],[90.426279,-79.224262],[90.225532,-79.3977],[90.353796,-79.519315],[90.772999,-79.546858],[91.049449,-79.4879],[91.130951,-79.520313],[91.163434,-79.608074],[91.088156,-79.779845],[90.993312,-79.836564],[90.868494,-79.839229],[90.726271,-79.922667],[90.62838,-80.054317],[90.574517,-80.238805],[90.521965,-80.735308]]}},{"type":"Feature","id":"1541-Newwworld","properties":{"roadId":"1541-Newwworld","width":89.8,"hidden":true},"geometry":{"type":"LineString","coordinates":[[204.787517,-95.534603],[204.88079,-95.657616],[204.852274,-95.738345],[204.668307,-95.787912],[204.554817,-95.896514],[204.483749,-96.074727],[204.289773,-96.430353],[204.191048,-96.523122],[204.017384,-96.510596],[203.878756,-96.621387],[203.739996,-96.813236],[203.621064,-96.952646],[203.627487,-97.085433],[203.702566,-97.168142],[203.624024,-97.41],[203.552383,-97.740601]]}},{"type":"Feature","id":"1542-Newwworld","properties":{"roadId":"1542-Newwworld","width":89.8,"hidden":true},"geometry":{"type":"LineString","coordinates":[[203.552383,-97.740601],[203.680734,-97.930358],[203.788278,-98.102077],[204.154078,-98.240281],[204.134659,-98.296505],[204.018461,-98.363953],[204.02294,-98.454778],[203.782983,-98.48733],[203.722592,-98.603294],[203.627331,-98.471888],[203.498103,-98.40536],[203.364726,-98.449848],[203.216479,-98.641472],[203.171236,-98.802531],[202.877129,-98.696836],[202.49376,-98.673989],[202.54685,-98.181496],[203.172173,-98.088978],[203.356106,-97.977641],[203.508893,-97.957086],[203.517973,-97.89791],[203.552383,-97.740601]]}},{"type":"Feature","id":"1543-Newwworld","properties":{"roadId":"1543-Newwworld","width":105.0,"hidden":true},"geometry":{"type":"LineString","coordinates":[[214.840572,-162.0212],[214.576387,-162.207659],[214.594486,-162.51549]]}},{"type":"Feature","id":"1544-Newwworld","properties":{"roadId":"1544-Newwworld","width":148.7,"hidden":true},"geometry":{"type":"LineString","coordinates":[[156.624542,-75.793365],[156.561442,-75.746177],[155.726934,-74.88936],[153.61138,-75.088631],[152.588278,-74.50402]]}},{"type":"Feature","id":"1544-Newwworld Plus","properties":{"roadId":"1544-Newwworld Plus","width":116.4,"hidden":true},"geometry":{"type":"LineString","coordinates":[[151.694967,-102.089877],[151.919986,-102.43934],[152.817367,-103.799649],[153.343523,-105.217327],[153.791962,-107.588707],[153.874767,-109.329459],[154.413362,-110.549646],[154.188535,-112.655295],[154.588259,-115.004913],[154.794214,-115.637745]]}},{"type":"Feature","id":"1545-Newwworld","properties":{"roadId":"1545-Newwworld","width":122.1,"hidden":true},"geometry":{"type":"LineString","coordinates":[[13.029645,-194.423533],[13.139975,-193.722966],[13.029298,-192.924213],[13.081815,-192.568934],[13.527476,-192.397033],[13.589195,-192.286381],[13.704213,-191.872543],[14.03911,-191.626136],[14.275743,-190.949996],[14.265066,-190.459274],[14.489112,-189.961477],[14.48807,-189.812875],[14.518712,-189.732709],[14.678869,-189.628325],[14.991978,-189.265789],[14.984165,-188.69544],[14.986336,-188.434415],[14.927308,-188.237487],[15.05552,-187.820081],[15.023228,-187.476573],[15.185642,-187.272406]]}},{"type":"Feature","id":"1545-Newwworld Plus","properties":{"roadId":"1545-Newwworld Plus","width":106.9,"hidden":false},"geometry":{"type":"LineString","coordinates":[[151.555089,-101.876335],[151.694967,-102.089877]]}},{"type":"Feature","id":"1546-Newwworld","properties":{"roadId":"1546-Newwworld","width":148.7,"hidden":true},"geometry":{"type":"LineString","coordinates":[[156.624542,-75.793365],[157.323181,-73.793176],[157.812697,-71.930296],[158.112385,-70.863791],[158.176578,-69.925532],[158.833377,-67.913798],[158.607925,-66.964463]]}},{"type":"Feature","id":"1546-Newwworld Plus","properties":{"roadId":"1546-Newwworld Plus","width":116.4,"hidden":true},"geometry":{"type":"LineString","coordinates":[[176.014347,-98.187078],[175.57918,-98.44733],[175.281514,-98.766906],[174.991496,-98.895066],[174.250626,-99.328601],[174.288143,-99.593168],[174.116979,-99.79388],[173.479382,-100.049133]]}},{"type":"Feature","id":"1547-Newwworld","properties":{"roadId":"1547-Newwworld","width":200.0,"hidden":true},"geometry":{"type":"LineString","coordinates":[[159.535272,-66.256457],[158.949775,-66.443585],[158.838177,-66.808404],[158.607925,-66.964463]]}},{"type":"Feature","id":"1548-Newwworld","properties":{"roadId":"1548-Newwworld","width":200.0,"hidden":true},"geometry":{"type":"LineString","coordinates":[[159.821314,-65.643],[159.535272,-66.256457]]}},{"type":"Feature","id":"1548-Newwworld Plus","properties":{"roadId":"1548-Newwworld Plus","width":106.9,"hidden":true},"geometry":{"type":"LineString","coordinates":[[169.339802,-95.128196],[169.322362,-95.235844],[169.274281,-95.415445],[168.794418,-96.15806],[168.755286,-96.35465],[168.615902,-96.860276],[168.554105,-97.297352]]}},{"type":"Feature","id":"1549-Newwworld","properties":{"roadId":"1549-Newwworld","width":200.0,"hidden":true},"geometry":{"type":"LineString","coordinates":[[159.535272,-66.256457],[160.681413,-66.197724]]}},{"type":"Feature","id":"154-Newwworld","properties":{"roadId":"154-Newwworld","width":87.9,"hidden":false},"geometry":{"type":"LineString","coordinates":[[90.894996,-75.217382],[90.904484,-75.521176],[91.037453,-75.859007],[91.055456,-76.231014],[90.966793,-76.775139],[90.830213,-77.06073],[90.802539,-77.474126],[91.005109,-77.979631],[91.230196,-78.225074],[91.484772,-78.311481],[91.636144,-78.33076],[91.734512,-78.422106],[91.731353,-78.582966],[91.64341,-78.79275],[91.76499,-79.195581],[91.926822,-79.460105],[91.930633,-79.727623],[91.872056,-80.081773],[91.991527,-80.235307],[92.266997,-80.360194],[92.425921,-80.408537],[92.596495,-80.548346],[93.192234,-80.667956]]}},{"type":"Feature","id":"1550-Newwworld","properties":{"roadId":"1550-Newwworld","width":200.0,"hidden":true},"geometry":{"type":"LineString","coordinates":[[160.681413,-66.197724],[159.821314,-65.643]]}},{"type":"Feature","id":"1551-Newwworld","properties":{"roadId":"1551-Newwworld","width":133.5,"hidden":true},"geometry":{"type":"LineString","coordinates":[[184.799646,-65.384866],[185.156739,-65.514076],[185.497313,-65.216037],[185.903738,-65.293529],[186.210067,-65.286298]]}},{"type":"Feature","id":"1551-Newwworld Plus","properties":{"roadId":"1551-Newwworld Plus","width":106.9,"hidden":true},"geometry":{"type":"LineString","coordinates":[[154.794214,-115.637745],[156.43047,-113.084533],[158.34657,-109.297419],[158.908074,-107.109973],[160.154501,-104.829305]]}},{"type":"Feature","id":"1552-Newwworld","properties":{"roadId":"1552-Newwworld","width":200.0,"hidden":true},"geometry":{"type":"LineString","coordinates":[[160.681413,-66.197724],[163.241873,-66.95376],[165.594173,-66.922857],[166.93475,-67.281409],[167.744319,-67.290046],[168.620363,-68.178269],[169.322302,-68.098365],[170.418416,-67.957713],[171.075311,-68.286464]]}},{"type":"Feature","id":"1552-Newwworld Plus","properties":{"roadId":"1552-Newwworld Plus","width":106.9,"hidden":true},"geometry":{"type":"LineString","coordinates":[[160.86716,-103.869033],[162.002103,-102.339731],[162.692001,-101.377601],[163.036855,-101.171463],[163.485476,-100.471157],[163.972457,-99.759566],[164.502954,-99.14288],[166.575869,-97.674125],[167.106765,-97.615088],[167.464544,-97.750575],[167.818937,-97.836955],[168.369191,-97.659706],[168.557108,-97.357847],[168.554105,-97.297352]]}},{"type":"Feature","id":"1553-Newwworld","properties":{"roadId":"1553-Newwworld","width":200.0,"hidden":true},"geometry":{"type":"LineString","coordinates":[[170.146219,-52.52109],[170.16253,-52.099343],[169.967955,-51.567267],[169.732398,-51.003767],[169.763284,-50.559651],[169.473309,-50.016081],[169.41646,-49.11455]]}},{"type":"Feature","id":"1553-Newwworld Plus","properties":{"roadId":"1553-Newwworld Plus","width":116.4,"hidden":true},"geometry":{"type":"LineString","coordinates":[[161.051032,-104.389269],[160.86716,-103.869033]]}},{"type":"Feature","id":"1553-Newwworld-INGAME","properties":{"roadId":"1553-Newwworld-INGAME","width":80.0,"hidden":false},"geometry":{"type":"LineString","coordinates":[[96.095196,-40.990243],[94.442438,-41.807685]]}},{"type":"Feature","id":"1554-Newwworld","properties":{"roadId":"1554-Newwworld","width":133.5,"hidden":true},"geometry":{"type":"LineString","coordinates":[[182.211573,-59.951931],[182.655342,-60.549702],[183.461195,-61.51869],[183.713748,-62.003292],[183.659807,-62.751923],[184.092482,-63.412429],[184.420938,-64.682355],[184.799646,-65.384866]]}},{"type":"Feature","id":"1554-Newwworld Plus","properties":{"roadId":"1554-Newwworld Plus","width":106.9,"hidden":true},"geometry":{"type":"LineString","coordinates":[[160.154501,-104.829305],[160.86716,-103.869033]]}},{"type":"Feature","id":"1555-Newwworld","properties":{"roadId":"1555-Newwworld","width":200.0,"hidden":true},"geometry":{"type":"LineString","coordinates":[[170.146219,-52.52109],[170.982463,-53.271274],[171.662006,-53.323245],[171.95679,-53.527143],[172.402572,-54.407224],[172.613893,-55.442558],[173.202584,-56.090251],[173.87072,-56.569532],[173.956649,-56.985974],[176.054139,-58.982856]]}},{"type":"Feature","id":"1555-Newwworld Plus","properties":{"roadId":"1555-Newwworld Plus","width":116.4,"hidden":true},"geometry":{"type":"LineString","coordinates":[[161.051032,-104.389269],[160.154501,-104.829305]]}},{"type":"Feature","id":"1556-Newwworld","properties":{"roadId":"1556-Newwworld","width":200.0,"hidden":true},"geometry":{"type":"LineString","coordinates":[[178.30998,-59.898632],[179.013211,-59.665211],[179.661694,-59.47732],[180.803972,-59.551504],[182.211573,-59.951931]]}},{"type":"Feature","id":"1557-Newwworld","properties":{"roadId":"1557-Newwworld","width":200.0,"hidden":true},"geometry":{"type":"LineString","coordinates":[[171.075311,-68.286464],[171.34289,-68.42038],[171.598125,-68.733879],[171.584202,-69.029392],[171.931425,-69.339315],[172.46371,-69.373603]]}},{"type":"Feature","id":"1558-Newwworld","properties":{"roadId":"1558-Newwworld","width":200.0,"hidden":true},"geometry":{"type":"LineString","coordinates":[[178.30998,-59.898632],[178.075864,-60.569207],[177.555767,-60.967967],[177.284473,-61.267109],[176.502647,-61.752353],[175.739537,-62.658268]]}},{"type":"Feature","id":"1559-Newwworld","properties":{"roadId":"1559-Newwworld","width":148.7,"hidden":true},"geometry":{"type":"LineString","coordinates":[[161.619394,-80.766741],[160.851144,-80.119334],[160.015256,-79.861599]]}},{"type":"Feature","id":"1560-Newwworld","properties":{"roadId":"1560-Newwworld","width":200.0,"hidden":true},"geometry":{"type":"LineString","coordinates":[[171.075311,-68.286464],[170.095447,-69.582259],[168.248583,-70.972211],[165.427861,-73.861474],[164.700428,-75.299821],[163.913872,-76.111013],[163.593897,-76.61361],[163.398957,-76.892361],[163.394269,-77.085965],[162.436575,-78.600536],[161.619394,-80.766741]]}},{"type":"Feature","id":"1561-Newwworld","properties":{"roadId":"1561-Newwworld","width":148.7,"hidden":true},"geometry":{"type":"LineString","coordinates":[[160.015256,-79.861599],[159.381443,-78.634911],[158.587178,-77.261304],[156.624542,-75.793365]]}},{"type":"Feature","id":"1562-Newwworld","properties":{"roadId":"1562-Newwworld","width":106.9,"hidden":true},"geometry":{"type":"LineString","coordinates":[[153.466232,-84.355772],[153.494262,-83.864347],[153.53533,-83.264544],[153.713177,-83.143928],[153.976746,-81.840659],[154.100896,-80.654866]]}},{"type":"Feature","id":"1563-Newwworld","properties":{"roadId":"1563-Newwworld","width":148.7,"hidden":true},"geometry":{"type":"LineString","coordinates":[[160.015256,-79.861599],[159.233578,-80.775838],[157.752931,-81.980712],[155.640163,-83.154119],[155.262445,-83.549849]]}},{"type":"Feature","id":"1564-Newwworld","properties":{"roadId":"1564-Newwworld","width":106.9,"hidden":true},"geometry":{"type":"LineString","coordinates":[[152.394683,-87.404862],[152.338581,-86.796032],[152.560161,-86.291681],[153.046144,-85.685308],[153.293897,-85.017372],[153.452977,-84.587978],[153.466232,-84.355772]]}},{"type":"Feature","id":"1565-Newwworld","properties":{"roadId":"1565-Newwworld","width":106.9,"hidden":true},"geometry":{"type":"LineString","coordinates":[[156.103602,-95.013525],[155.11997,-94.918681],[154.485758,-94.736224],[153.724306,-94.111604],[153.164374,-93.951968],[152.468737,-93.378936],[151.926566,-93.214101],[151.558804,-92.642554],[150.957908,-92.350973],[150.83493,-91.828636],[150.951493,-91.476716],[150.89171,-91.058356],[150.85723,-90.759561],[150.924383,-90.661323],[151.020095,-90.697773],[151.120521,-90.775698],[151.126007,-90.715125],[151.034462,-90.460498],[151.085781,-90.42831],[151.300947,-90.187832],[151.337978,-90.114707],[151.253777,-89.960027],[151.24856,-89.672656],[151.151763,-89.184009],[151.297718,-88.951803],[151.548491,-88.928704],[151.725671,-88.335438],[152.018371,-87.848466],[152.394683,-87.404862]]}},{"type":"Feature","id":"1566-Newwworld","properties":{"roadId":"1566-Newwworld","width":106.9,"hidden":true},"geometry":{"type":"LineString","coordinates":[[152.394683,-87.404862],[152.642479,-88.211566],[152.918687,-88.940189],[153.960348,-90.246678],[154.696115,-91.195995],[154.925091,-92.020338],[155.209806,-92.639272],[155.667715,-93.67879]]}},{"type":"Feature","id":"1567-Newwworld","properties":{"roadId":"1567-Newwworld","width":106.9,"hidden":true},"geometry":{"type":"LineString","coordinates":[[155.667715,-93.67879],[155.688089,-94.285632],[156.103602,-95.013525]]}},{"type":"Feature","id":"1568-Newwworld","properties":{"roadId":"1568-Newwworld","width":148.7,"hidden":true},"geometry":{"type":"LineString","coordinates":[[155.262445,-83.549849],[153.809193,-84.145546],[153.466232,-84.355772]]}},{"type":"Feature","id":"1569-Newwworld","properties":{"roadId":"1569-Newwworld","width":106.9,"hidden":true},"geometry":{"type":"LineString","coordinates":[[155.667715,-93.67879],[156.585635,-92.745974],[158.090232,-91.914947],[159.646609,-90.729257]]}},{"type":"Feature","id":"1570-Newwworld","properties":{"roadId":"1570-Newwworld","width":106.9,"hidden":true},"geometry":{"type":"LineString","coordinates":[[154.100896,-80.654866],[154.553007,-79.869082],[155.063182,-78.85966],[155.596977,-77.457858],[156.624542,-75.793365]]}},{"type":"Feature","id":"1571-Newwworld","properties":{"roadId":"1571-Newwworld","width":148.7,"hidden":true},"geometry":{"type":"LineString","coordinates":[[155.262445,-83.549849],[154.100896,-80.654866]]}},{"type":"Feature","id":"1572-Newwworld","properties":{"roadId":"1572-Newwworld","width":106.9,"hidden":true},"geometry":{"type":"LineString","coordinates":[[159.646609,-90.729257],[160.070742,-89.7027],[160.201394,-88.868227]]}},{"type":"Feature","id":"1573-Newwworld","properties":{"roadId":"1573-Newwworld","width":106.9,"hidden":true},"geometry":{"type":"LineString","coordinates":[[160.201394,-88.868227],[159.797139,-88.159431],[159.159767,-86.94125],[157.553711,-85.654006],[156.649863,-84.923856],[155.262445,-83.549849]]}},{"type":"Feature","id":"1574-Newwworld","properties":{"roadId":"1574-Newwworld","width":106.9,"hidden":true},"geometry":{"type":"LineString","coordinates":[[159.646609,-90.729257],[161.416025,-90.334751]]}},{"type":"Feature","id":"1575-Newwworld","properties":{"roadId":"1575-Newwworld","width":106.9,"hidden":true},"geometry":{"type":"LineString","coordinates":[[161.416025,-90.334751],[160.465561,-88.981274],[160.201394,-88.868227]]}},{"type":"Feature","id":"1576-Newwworld","properties":{"roadId":"1576-Newwworld","width":106.9,"hidden":true},"geometry":{"type":"LineString","coordinates":[[166.756581,-86.161568],[166.705131,-86.321708],[166.800887,-86.688211],[166.975471,-86.839505],[167.121617,-87.607927],[167.086061,-88.764199],[167.403623,-89.489904],[167.401644,-90.100566],[167.256617,-91.219337],[166.415243,-91.371716],[165.731751,-90.851263],[165.454372,-90.79016],[165.306021,-90.915794],[164.916566,-90.738815],[164.151468,-90.796853],[163.29209,-91.190873]]}},{"type":"Feature","id":"1577-Newwworld","properties":{"roadId":"1577-Newwworld","width":106.9,"hidden":true},"geometry":{"type":"LineString","coordinates":[[161.416025,-90.334751],[162.005558,-90.879683],[163.29209,-91.190873]]}},{"type":"Feature","id":"1578-Newwworld","properties":{"roadId":"1578-Newwworld","width":105.0,"hidden":false},"geometry":{"type":"LineString","coordinates":[[195.257424,-122.932394],[195.34851,-122.781754],[195.467599,-122.540412],[195.367624,-122.354627],[195.443597,-122.236896],[195.485272,-122.105724],[195.548858,-122.031689],[195.641401,-122.114995],[195.82003,-122.197466],[195.678146,-122.240855],[195.762582,-122.394258],[195.778242,-122.543928],[195.688346,-122.539737],[195.485455,-122.551725]]}},{"type":"Feature","id":"1579-Newwworld","properties":{"roadId":"1579-Newwworld","width":116.4,"hidden":true},"geometry":{"type":"LineString","coordinates":[[171.417786,-119.348398],[171.451432,-119.197852],[171.406597,-118.777304],[171.502595,-118.538666]]}},{"type":"Feature","id":"157-Newwworld","properties":{"roadId":"157-Newwworld","width":87.9,"hidden":false},"geometry":{"type":"LineString","coordinates":[[87.185009,-87.418734],[86.948246,-87.871539]]}},{"type":"Feature","id":"1581-Newwworld","properties":{"roadId":"1581-Newwworld","width":87.9,"hidden":true},"geometry":{"type":"LineString","coordinates":[[65.511698,-106.311602],[65.536142,-107.075884]]}},{"type":"Feature","id":"1582-Newwworld","properties":{"roadId":"1582-Newwworld","width":106.9,"hidden":true},"geometry":{"type":"LineString","coordinates":[[156.103602,-95.013525],[155.58512,-96.3759],[154.876914,-96.960329],[154.423675,-98.065914],[154.218613,-99.064199],[153.764402,-99.935443],[152.838826,-100.587633],[152.253754,-101.316837],[151.683448,-101.763774],[151.555089,-101.876335],[151.694967,-102.089877]]}},{"type":"Feature","id":"1583-Newwworld","properties":{"roadId":"1583-Newwworld","width":106.9,"hidden":true},"geometry":{"type":"LineString","coordinates":[[160.201394,-88.868227],[161.166901,-88.046028],[161.555131,-87.24237],[162.904528,-85.357451]]}},{"type":"Feature","id":"1584-Newwworld","properties":{"roadId":"1584-Newwworld","width":106.9,"hidden":true},"geometry":{"type":"LineString","coordinates":[[162.904528,-85.357451],[163.191352,-84.537847]]}},{"type":"Feature","id":"1585-Newwworld","properties":{"roadId":"1585-Newwworld","width":106.9,"hidden":true},"geometry":{"type":"LineString","coordinates":[[163.928768,-85.29107],[163.549713,-84.868109],[163.191352,-84.537847]]}},{"type":"Feature","id":"1586-Newwworld","properties":{"roadId":"1586-Newwworld","width":106.9,"hidden":true},"geometry":{"type":"LineString","coordinates":[[162.904528,-85.357451],[163.928768,-85.29107]]}},{"type":"Feature","id":"1587-Newwworld","properties":{"roadId":"1587-Newwworld","width":106.9,"hidden":true},"geometry":{"type":"LineString","coordinates":[[168.295649,-86.62407],[167.966672,-86.623506],[167.499778,-86.56104],[166.756581,-86.161568]]}},{"type":"Feature","id":"1588-Newwworld","properties":{"roadId":"1588-Newwworld","width":106.9,"hidden":true},"geometry":{"type":"LineString","coordinates":[[166.756581,-86.161568],[167.296019,-85.670369],[167.521193,-85.16008],[168.070388,-84.80593]]}},{"type":"Feature","id":"1589-Newwworld","properties":{"roadId":"1589-Newwworld","width":106.9,"hidden":true},"geometry":{"type":"LineString","coordinates":[[168.070388,-84.80593],[168.212037,-85.275185],[167.995552,-86.016689],[168.22005,-86.319781],[168.295649,-86.62407]]}},{"type":"Feature","id":"158-Newwworld","properties":{"roadId":"158-Newwworld","width":101.2,"hidden":true},"geometry":{"type":"LineString","coordinates":[[73.530449,-74.392145],[74.266068,-76.01228],[73.777143,-76.639487],[74.24237,-77.400315],[75.064742,-78.561065]]}},{"type":"Feature","id":"1590-Newwworld","properties":{"roadId":"1590-Newwworld","width":110.7,"hidden":true},"geometry":{"type":"LineString","coordinates":[[168.751119,-81.256578],[169.654299,-81.175084],[171.092455,-80.285732],[171.696841,-79.791191],[172.451383,-79.672119],[174.140426,-78.434728]]}},{"type":"Feature","id":"1591-Newwworld","properties":{"roadId":"1591-Newwworld","width":106.9,"hidden":true},"geometry":{"type":"LineString","coordinates":[[168.070388,-84.80593],[168.220423,-84.471719],[168.147879,-83.88676],[168.254746,-83.199883],[168.415545,-82.359107],[168.751119,-81.256578]]}},{"type":"Feature","id":"1592-Newwworld","properties":{"roadId":"1592-Newwworld","width":110.7,"hidden":true},"geometry":{"type":"LineString","coordinates":[[174.140426,-78.434728],[175.400421,-78.096984],[176.040597,-78.268781]]}},{"type":"Feature","id":"1593-Newwworld","properties":{"roadId":"1593-Newwworld","width":110.7,"hidden":true},"geometry":{"type":"LineString","coordinates":[[176.040597,-78.268781],[176.940548,-78.787845],[177.550533,-78.917568],[177.771974,-79.263463],[178.017852,-79.297048],[178.153425,-79.529697],[179.183898,-80.008908],[179.986062,-80.804588],[180.138206,-81.30663]]}},{"type":"Feature","id":"1594-Newwworld","properties":{"roadId":"1594-Newwworld","width":110.7,"hidden":true},"geometry":{"type":"LineString","coordinates":[[174.140426,-78.434728],[174.745731,-77.383275],[174.967,-77.30679],[175.214144,-77.151781],[175.260091,-76.764349]]}},{"type":"Feature","id":"1595-Newwworld","properties":{"roadId":"1595-Newwworld","width":110.7,"hidden":true},"geometry":{"type":"LineString","coordinates":[[175.260091,-76.764349],[175.418086,-77.005704],[175.466498,-77.248508],[175.660769,-77.416443],[175.825232,-77.410297],[175.79656,-77.6139],[175.619458,-77.827668],[176.040597,-78.268781]]}},{"type":"Feature","id":"1596-Newwworld","properties":{"roadId":"1596-Newwworld","width":200.0,"hidden":true},"geometry":{"type":"LineString","coordinates":[[172.46371,-69.373603],[172.553797,-69.379411],[173.281412,-69.148038],[174.083594,-69.306737]]}},{"type":"Feature","id":"1597-Newwworld","properties":{"roadId":"1597-Newwworld","width":110.7,"hidden":true},"geometry":{"type":"LineString","coordinates":[[175.260091,-76.764349],[174.921921,-76.32525],[174.827728,-76.030223],[174.768466,-75.896464],[174.897303,-75.68589],[174.866574,-75.50023],[174.537536,-75.340247],[174.351702,-74.615921],[174.306381,-73.672324],[173.736249,-71.890443],[172.695447,-69.932945],[172.46371,-69.373603]]}},{"type":"Feature","id":"1598-Newwworld","properties":{"roadId":"1598-Newwworld","width":200.0,"hidden":true},"geometry":{"type":"LineString","coordinates":[[174.083594,-69.306737],[174.768857,-69.442301],[176.653542,-69.061085],[178.155943,-69.37264],[178.518834,-69.579099],[179.609437,-69.457918],[180.234283,-68.80453],[180.555656,-68.351924],[181.102611,-68.440831],[182.193066,-68.580962],[183.074874,-67.86951],[183.221064,-67.44713],[183.211324,-66.874437],[183.530457,-66.115233],[184.082126,-65.861664],[184.799646,-65.384866]]}},{"type":"Feature","id":"1599-Newwworld","properties":{"roadId":"1599-Newwworld","width":200.0,"hidden":true},"geometry":{"type":"LineString","coordinates":[[173.570701,-65.990528],[173.421213,-65.999338],[172.315767,-66.468637],[172.14449,-66.478984],[171.876841,-67.489795],[171.615104,-67.98701],[171.075311,-68.286464]]}},{"type":"Feature","id":"1600-Newwworld","properties":{"roadId":"1600-Newwworld","width":200.0,"hidden":true},"geometry":{"type":"LineString","coordinates":[[174.083594,-69.306737],[174.3781,-68.336924],[174.149705,-66.872944],[173.775824,-66.347265],[173.570701,-65.990528]]}},{"type":"Feature","id":"1601-Newwworld","properties":{"roadId":"1601-Newwworld","width":116.4,"hidden":true},"geometry":{"type":"LineString","coordinates":[[154.794214,-115.637745],[155.085083,-116.531524],[155.276204,-119.803171],[157.840006,-119.400804],[160.836188,-119.024917],[164.527824,-117.61618],[166.480955,-116.63306],[167.664596,-115.759941],[169.971375,-115.130451],[170.170794,-114.646109],[170.296211,-113.530637],[170.625535,-113.052085],[170.784494,-112.074929],[170.547002,-111.316081],[170.608556,-110.572476],[170.629233,-110.32277],[170.005168,-109.391248],[168.827013,-108.078899],[168.281387,-107.180181]]}},{"type":"Feature","id":"1602-Newwworld","properties":{"roadId":"1602-Newwworld","width":80.0,"hidden":true},"geometry":{"type":"LineString","coordinates":[[203.658425,-50.97328],[203.468772,-51.583187],[203.197147,-52.014126],[203.082841,-52.626203],[202.981808,-52.850761],[202.917528,-52.993635]]}},{"type":"Feature","id":"1603-Newwworld","properties":{"roadId":"1603-Newwworld","width":80.0,"hidden":true},"geometry":{"type":"LineString","coordinates":[[202.917528,-52.993635],[202.72916,-53.412299],[202.435287,-54.2658],[202.040702,-54.734925],[201.250066,-55.290951],[200.809457,-55.911813],[200.726175,-56.458664],[200.473319,-57.201071],[200.327059,-58.105683],[200.140193,-58.581032]]}},{"type":"Feature","id":"1604-Newwworld","properties":{"roadId":"1604-Newwworld","width":89.8,"hidden":true},"geometry":{"type":"LineString","coordinates":[[200.337667,-51.221293],[200.576774,-50.898601],[200.850169,-50.574685],[201.101237,-50.288504],[201.410952,-50.119745],[202.702493,-49.035618],[203.12627,-47.868643]]}},{"type":"Feature","id":"1605-Newwworld","properties":{"roadId":"1605-Newwworld","width":80.0,"hidden":true},"geometry":{"type":"LineString","coordinates":[[202.917528,-52.993635],[201.932004,-52.858113],[201.307775,-52.488806],[200.864075,-51.68955],[200.337667,-51.221293]]}},{"type":"Feature","id":"1606-Newwworld","properties":{"roadId":"1606-Newwworld","width":89.8,"hidden":true},"geometry":{"type":"LineString","coordinates":[[200.337667,-51.221293],[200.028525,-50.535119],[199.558619,-50.026142],[198.907063,-49.812157],[197.463204,-49.369013]]}},{"type":"Feature","id":"1607-Newwworld","properties":{"roadId":"1607-Newwworld","width":89.8,"hidden":true},"geometry":{"type":"LineString","coordinates":[[197.463204,-49.369013],[196.914591,-51.306632],[196.880893,-51.97094],[197.183377,-52.488876],[197.540097,-52.782531]]}},{"type":"Feature","id":"1608-Newwworld","properties":{"roadId":"1608-Newwworld","width":200.0,"hidden":true},"geometry":{"type":"LineString","coordinates":[[178.1432,-43.97343],[177.806705,-45.320336],[177.043717,-46.575913],[176.072177,-47.844329],[175.570708,-48.560807]]}},{"type":"Feature","id":"1609-Newwworld","properties":{"roadId":"1609-Newwworld","width":89.8,"hidden":true},"geometry":{"type":"LineString","coordinates":[[178.1432,-43.97343],[179.532449,-43.923769],[180.442869,-43.770261],[181.666284,-43.748707],[183.11194,-44.024281],[183.61077,-43.970166],[184.321814,-44.276027]]}},{"type":"Feature","id":"1610-Newwworld","properties":{"roadId":"1610-Newwworld","width":89.8,"hidden":true},"geometry":{"type":"LineString","coordinates":[[190.957939,-45.367341],[191.404052,-45.773228],[192.057691,-45.915685],[192.835341,-46.453803],[193.107686,-46.82219],[194.267291,-47.782627],[194.60704,-48.440998],[195.402624,-48.949923],[197.463204,-49.369013]]}},{"type":"Feature","id":"1611-Newwworld","properties":{"roadId":"1611-Newwworld","width":133.5,"hidden":true},"geometry":{"type":"LineString","coordinates":[[180.994624,-58.120892],[181.359955,-59.03073],[182.211573,-59.951931]]}},{"type":"Feature","id":"1612-Newwworld","properties":{"roadId":"1612-Newwworld","width":89.8,"hidden":true},"geometry":{"type":"LineString","coordinates":[[190.957939,-45.367341],[189.974568,-46.281772],[188.932698,-48.264964],[187.806922,-49.653927],[187.191216,-50.947543],[186.70381,-51.422874],[186.382698,-52.527843]]}},{"type":"Feature","id":"1613-Newwworld","properties":{"roadId":"1613-Newwworld","width":89.8,"hidden":true},"geometry":{"type":"LineString","coordinates":[[186.382698,-52.527843],[185.525047,-53.856502],[184.52139,-55.46162],[183.375084,-56.37691],[182.943494,-57.175454],[181.616111,-57.708399],[180.994624,-58.120892]]}},{"type":"Feature","id":"1614-Newwworld","properties":{"roadId":"1614-Newwworld","width":120.2,"hidden":true},"geometry":{"type":"LineString","coordinates":[[191.637256,-56.382613],[191.144381,-58.193617],[189.920331,-59.862312],[189.288159,-61.251267],[188.582159,-61.665626],[188.690579,-62.179256],[189.425998,-62.74694],[189.533264,-62.975023],[189.693681,-63.713029],[189.752571,-64.020156],[189.596554,-64.221494],[189.269201,-64.823128],[189.234287,-65.35734],[189.405391,-65.771803],[189.364626,-65.912975],[189.47342,-66.198896],[189.273081,-66.506232]]}},{"type":"Feature","id":"1615-Newwworld","properties":{"roadId":"1615-Newwworld","width":89.8,"hidden":true},"geometry":{"type":"LineString","coordinates":[[186.382698,-52.527843],[187.651027,-53.678672],[188.133424,-54.446122],[189.299626,-55.59281],[191.637256,-56.382613]]}},{"type":"Feature","id":"1616-Newwworld","properties":{"roadId":"1616-Newwworld","width":103.1,"hidden":true},"geometry":{"type":"LineString","coordinates":[[174.617458,-32.114866],[174.576703,-31.753319],[174.725636,-31.344551],[175.080507,-30.970938],[175.210499,-30.452621],[175.094404,-30.104182],[175.301358,-29.787254],[175.31431,-29.376402],[175.271818,-28.947668],[175.450795,-28.702701]]}},{"type":"Feature","id":"1617-Newwworld","properties":{"roadId":"1617-Newwworld","width":200.0,"hidden":true},"geometry":{"type":"LineString","coordinates":[[180.789545,-39.593363],[180.341966,-39.91524],[179.715375,-40.599183],[178.183399,-41.587285],[177.874266,-42.020142],[178.1432,-43.97343]]}},{"type":"Feature","id":"1618-Newwworld","properties":{"roadId":"1618-Newwworld","width":103.1,"hidden":true},"geometry":{"type":"LineString","coordinates":[[174.617458,-32.114866],[175.217374,-33.237179],[176.638047,-34.396992],[177.95536,-35.496301],[178.848462,-37.303251],[179.232743,-37.526603],[179.361398,-37.883549],[179.65659,-38.028775],[180.789545,-39.593363]]}},{"type":"Feature","id":"1619-Newwworld","properties":{"roadId":"1619-Newwworld","width":89.8,"hidden":true},"geometry":{"type":"LineString","coordinates":[[184.321814,-44.276027],[184.942988,-44.543224],[187.248196,-44.245046],[188.804269,-44.642851],[190.057111,-44.54772],[190.957939,-45.367341]]}},{"type":"Feature","id":"161-Newwworld","properties":{"roadId":"161-Newwworld","width":87.9,"hidden":false},"geometry":{"type":"LineString","coordinates":[[83.552575,-100.067232],[84.412916,-99.252246],[85.494474,-98.751212],[86.028017,-98.244413],[86.192219,-97.793804]]}},{"type":"Feature","id":"1620-Newwworld","properties":{"roadId":"1620-Newwworld","width":200.0,"hidden":true},"geometry":{"type":"LineString","coordinates":[[180.789545,-39.593363],[183.144189,-41.408118],[183.706422,-42.737263],[184.321814,-44.276027]]}},{"type":"Feature","id":"1621-Newwworld","properties":{"roadId":"1621-Newwworld","width":200.0,"hidden":true},"geometry":{"type":"LineString","coordinates":[[163.794965,-58.332533],[164.262449,-57.469526],[164.526825,-57.167008],[164.600029,-56.345755],[165.200578,-55.598478],[165.721465,-55.331333],[166.323194,-55.254267],[166.681885,-55.377097],[167.280984,-55.055447],[167.537964,-54.36686],[167.729232,-53.487872],[168.389278,-52.751602],[169.220739,-52.687436],[169.536712,-52.682114]]}},{"type":"Feature","id":"1622-Newwworld","properties":{"roadId":"1622-Newwworld","width":200.0,"hidden":true},"geometry":{"type":"LineString","coordinates":[[173.570701,-65.990528],[173.059953,-65.683981],[172.340385,-65.509832],[172.171738,-64.966739],[170.767471,-64.300713],[169.861696,-63.14156],[169.601825,-63.120848],[169.024835,-62.262815],[169.022118,-61.991235],[167.893825,-61.368698],[166.477457,-60.8788],[166.45559,-60.706716],[166.390061,-60.542384],[166.062577,-60.428165],[165.446603,-60.061263],[164.069081,-59.081902]]}},{"type":"Feature","id":"1623-Newwworld","properties":{"roadId":"1623-Newwworld","width":200.0,"hidden":true},"geometry":{"type":"LineString","coordinates":[[164.069081,-59.081902],[163.794965,-58.332533]]}},{"type":"Feature","id":"1624-Newwworld","properties":{"roadId":"1624-Newwworld","width":200.0,"hidden":true},"geometry":{"type":"LineString","coordinates":[[163.344269,-59.134141],[163.794965,-58.332533]]}},{"type":"Feature","id":"1625-Newwworld","properties":{"roadId":"1625-Newwworld","width":200.0,"hidden":true},"geometry":{"type":"LineString","coordinates":[[164.069081,-59.081902],[163.344269,-59.134141]]}},{"type":"Feature","id":"1626-Newwworld","properties":{"roadId":"1626-Newwworld","width":200.0,"hidden":true},"geometry":{"type":"LineString","coordinates":[[163.794965,-58.332533],[162.929927,-58.332125]]}},{"type":"Feature","id":"1627-Newwworld","properties":{"roadId":"1627-Newwworld","width":200.0,"hidden":true},"geometry":{"type":"LineString","coordinates":[[162.929927,-58.332125],[163.344269,-59.134141]]}},{"type":"Feature","id":"1628-Newwworld","properties":{"roadId":"1628-Newwworld","width":200.0,"hidden":true},"geometry":{"type":"LineString","coordinates":[[150.840347,-55.320205],[150.334338,-54.18962],[149.909727,-53.857127],[149.019316,-53.790078],[148.627431,-53.700824],[147.892142,-52.780648]]}},{"type":"Feature","id":"1629-Newwworld","properties":{"roadId":"1629-Newwworld","width":200.0,"hidden":true},"geometry":{"type":"LineString","coordinates":[[162.929927,-58.332125],[161.607796,-57.220645],[160.858462,-57.351878],[160.395987,-57.053258],[159.382485,-55.507532],[158.423966,-54.633883],[156.930949,-53.792552],[156.381876,-53.167264],[155.219363,-52.669597]]}},{"type":"Feature","id":"162-Newwworld","properties":{"roadId":"162-Newwworld","width":87.9,"hidden":false},"geometry":{"type":"LineString","coordinates":[[83.552575,-100.067232],[83.6811,-101.296437],[83.731716,-103.949094],[83.405587,-106.062565],[83.401871,-107.192664],[82.631964,-108.310072]]}},{"type":"Feature","id":"1630-Newwworld","properties":{"roadId":"1630-Newwworld","width":200.0,"hidden":true},"geometry":{"type":"LineString","coordinates":[[155.219363,-52.669597],[153.392621,-54.03415],[151.861114,-54.692755],[150.840347,-55.320205]]}},{"type":"Feature","id":"1631-Newwworld","properties":{"roadId":"1631-Newwworld","width":200.0,"hidden":true},"geometry":{"type":"LineString","coordinates":[[143.973561,-45.947621],[143.736868,-45.284372],[143.27138,-44.96346],[142.882498,-44.724284],[142.498513,-44.311504],[142.222557,-44.461462],[141.976905,-44.335793],[141.763146,-44.381835]]}},{"type":"Feature","id":"1632-Newwworld","properties":{"roadId":"1632-Newwworld","width":200.0,"hidden":true},"geometry":{"type":"LineString","coordinates":[[143.973561,-45.947621],[144.657287,-45.718115],[146.051242,-45.612229],[146.959205,-45.387975],[147.965745,-45.372446],[148.379444,-45.605207],[148.814246,-46.144974]]}},{"type":"Feature","id":"1633-Newwworld","properties":{"roadId":"1633-Newwworld","width":105.0,"hidden":true},"geometry":{"type":"LineString","coordinates":[[218.603345,-183.077227],[218.732599,-183.463912]]}},{"type":"Feature","id":"1634-Newwworld","properties":{"roadId":"1634-Newwworld","width":200.0,"hidden":true},"geometry":{"type":"LineString","coordinates":[[148.814246,-46.144974],[148.943734,-47.347305],[149.880638,-47.560847],[150.183521,-47.824277],[151.288595,-48.329478],[152.543955,-49.304655],[153.788369,-51.323907],[155.219363,-52.669597]]}},{"type":"Feature","id":"1635-Newwworld","properties":{"roadId":"1635-Newwworld","width":200.0,"hidden":true},"geometry":{"type":"LineString","coordinates":[[135.676464,-34.729545],[135.586755,-35.098209],[135.569319,-35.716788],[135.144956,-36.347953]]}},{"type":"Feature","id":"1636-Newwworld","properties":{"roadId":"1636-Newwworld","width":200.0,"hidden":true},"geometry":{"type":"LineString","coordinates":[[148.814246,-46.144974],[149.277919,-45.632933],[149.270645,-45.261916],[149.108483,-44.900803],[149.094247,-44.680941],[148.944854,-44.439925],[149.06883,-44.270489],[149.534665,-44.281721],[149.793537,-44.13561],[149.94122,-43.966078],[150.127775,-43.942718],[150.246325,-43.84797],[150.756935,-43.825062],[151.05895,-43.626667],[151.266199,-43.5125],[151.337397,-43.103705],[151.140165,-42.520995],[150.019354,-41.189983],[149.643667,-39.930344],[149.529769,-39.675395],[149.514326,-39.153518],[149.388892,-38.963066],[149.020115,-38.729038],[148.857579,-38.164192],[148.188011,-37.443269]]}},{"type":"Feature","id":"1637-Newwworld","properties":{"roadId":"1637-Newwworld","width":200.0,"hidden":true},"geometry":{"type":"LineString","coordinates":[[138.669637,-34.521211],[137.928445,-34.367998],[135.676464,-34.729545]]}},{"type":"Feature","id":"1638-Newwworld","properties":{"roadId":"1638-Newwworld","width":200.0,"hidden":true},"geometry":{"type":"LineString","coordinates":[[138.125494,-31.246026],[137.608401,-31.68535],[136.239357,-32.492645],[135.875851,-33.910098],[135.676464,-34.729545]]}},{"type":"Feature","id":"1639-Newwworld","properties":{"roadId":"1639-Newwworld","width":105.0,"hidden":true},"geometry":{"type":"LineString","coordinates":[[214.941354,-161.499107],[215.078247,-161.20743],[214.75947,-159.901454]]}},{"type":"Feature","id":"163-Newwworld","properties":{"roadId":"163-Newwworld","width":87.9,"hidden":false},"geometry":{"type":"LineString","coordinates":[[95.811375,-91.693297],[96.536491,-91.637837]]}},{"type":"Feature","id":"1640-Newwworld","properties":{"roadId":"1640-Newwworld","width":200.0,"hidden":true},"geometry":{"type":"LineString","coordinates":[[138.125494,-31.246026],[138.523291,-31.934483]]}},{"type":"Feature","id":"1641-Newwworld","properties":{"roadId":"1641-Newwworld","width":200.0,"hidden":true},"geometry":{"type":"LineString","coordinates":[[138.523291,-31.934483],[138.692883,-32.320248],[138.781148,-32.803844],[138.893448,-32.915129],[138.945801,-33.313828],[138.502996,-33.981018],[138.669637,-34.521211]]}},{"type":"Feature","id":"1642-Newwworld","properties":{"roadId":"1642-Newwworld","width":200.0,"hidden":true},"geometry":{"type":"LineString","coordinates":[[139.915518,-29.312947],[139.847896,-29.580048],[139.5778,-29.783782],[138.434115,-31.117553],[138.125494,-31.246026]]}},{"type":"Feature","id":"1643-Newwworld","properties":{"roadId":"1643-Newwworld","width":200.0,"hidden":true},"geometry":{"type":"LineString","coordinates":[[138.523291,-31.934483],[138.897346,-31.635177],[139.320386,-31.656097],[139.847974,-31.421895],[140.214382,-31.360002],[140.655555,-30.986997],[140.913403,-30.250016],[140.579826,-29.576489],[139.915518,-29.312947]]}},{"type":"Feature","id":"1648-Newwworld","properties":{"roadId":"1648-Newwworld","width":87.9,"hidden":true},"geometry":{"type":"LineString","coordinates":[[65.450587,-107.361215],[65.374067,-107.616381],[65.341515,-107.827692],[65.36642,-108.158422]]}},{"type":"Feature","id":"1649-Newwworld","properties":{"roadId":"1649-Newwworld","width":116.4,"hidden":true},"geometry":{"type":"LineString","coordinates":[[168.281387,-107.180181],[166.022299,-106.607888],[163.63164,-105.116789],[162.620334,-104.813229],[161.692336,-104.573106],[161.051032,-104.389269]]}},{"type":"Feature","id":"164-Newwworld","properties":{"roadId":"164-Newwworld","width":87.9,"hidden":false},"geometry":{"type":"LineString","coordinates":[[95.741384,-90.064003],[96.0351,-89.647379],[96.033182,-89.332603]]}},{"type":"Feature","id":"1650-Newwworld","properties":{"roadId":"1650-Newwworld","width":116.4,"hidden":true},"geometry":{"type":"LineString","coordinates":[[173.479382,-100.049133],[173.078243,-100.568162],[173.010092,-100.165956],[172.537825,-99.757239]]}},{"type":"Feature","id":"1651-Newwworld","properties":{"roadId":"1651-Newwworld","width":87.9,"hidden":true},"geometry":{"type":"LineString","coordinates":[[65.511698,-106.311602],[66.513776,-107.297282]]}},{"type":"Feature","id":"1652-Newwworld","properties":{"roadId":"1652-Newwworld","width":116.4,"hidden":true},"geometry":{"type":"LineString","coordinates":[[173.479382,-100.049133],[173.764695,-99.883837],[174.116979,-99.79388],[174.288143,-99.593168],[174.250626,-99.328601],[174.991496,-98.895066],[175.281514,-98.766906],[175.57918,-98.44733],[176.014347,-98.187078]]}},{"type":"Feature","id":"1653-Newwworld","properties":{"roadId":"1653-Newwworld","width":87.9,"hidden":true},"geometry":{"type":"LineString","coordinates":[[66.513776,-107.297282],[65.450587,-107.361215]]}},{"type":"Feature","id":"1654-Newwworld","properties":{"roadId":"1654-Newwworld","width":106.9,"hidden":true},"geometry":{"type":"LineString","coordinates":[[168.623601,-97.251042],[168.369191,-97.659706],[167.818937,-97.836955],[167.464544,-97.750575],[167.106765,-97.615088],[166.575869,-97.674125],[164.502954,-99.14288],[163.972457,-99.759566],[163.485476,-100.471157],[163.036855,-101.171463],[162.692001,-101.377601],[162.002103,-102.339731],[160.759868,-104.067714],[160.154501,-104.829305],[158.908074,-107.109973],[158.34657,-109.297419],[156.43047,-113.084533],[154.794214,-115.637745]]}},{"type":"Feature","id":"1656-Newwworld","properties":{"roadId":"1656-Newwworld","width":200.0,"hidden":true},"geometry":{"type":"LineString","coordinates":[[126.182119,-40.441977],[125.738069,-41.303569],[125.192878,-41.611973],[124.655811,-42.501984],[124.783228,-44.954007]]}},{"type":"Feature","id":"1657-Newwworld","properties":{"roadId":"1657-Newwworld","width":200.0,"hidden":true},"geometry":{"type":"LineString","coordinates":[[124.321612,-50.976935],[124.344282,-51.479046],[124.666589,-52.186236],[124.590265,-53.697543]]}},{"type":"Feature","id":"1658-Newwworld","properties":{"roadId":"1658-Newwworld","width":200.0,"hidden":true},"geometry":{"type":"LineString","coordinates":[[126.182119,-40.441977],[125.427227,-40.443887],[124.995565,-40.217063],[124.15467,-40.491978],[122.539703,-40.270796],[121.605228,-40.358817],[121.46025,-40.869757],[120.930381,-41.241459],[120.613283,-41.322319],[120.290396,-41.186251],[119.809944,-41.31573]]}},{"type":"Feature","id":"1659-Newwworld","properties":{"roadId":"1659-Newwworld","width":200.0,"hidden":true},"geometry":{"type":"LineString","coordinates":[[120.135255,-46.816739],[120.712555,-47.814693],[120.761954,-48.334652],[121.305489,-49.991689],[122.085319,-50.363791],[123.166852,-50.477515],[124.321612,-50.976935]]}},{"type":"Feature","id":"1660-Newwworld","properties":{"roadId":"1660-Newwworld","width":105.0,"hidden":false},"geometry":{"type":"LineString","coordinates":[[115.873431,-48.176769],[114.992317,-47.594198],[114.180543,-47.283659]]}},{"type":"Feature","id":"1661-Newwworld","properties":{"roadId":"1661-Newwworld","width":200.0,"hidden":true},"geometry":{"type":"LineString","coordinates":[[120.135255,-46.816739],[119.565532,-46.875333],[119.304363,-46.753179],[119.184215,-46.881782],[119.076142,-47.279327],[118.807408,-47.533069],[118.275418,-47.721403],[117.64217,-47.572557],[117.05018,-47.862983],[116.5226,-47.899746],[116.354023,-48.033757],[115.873431,-48.176769]]}},{"type":"Feature","id":"1662-Newwworld","properties":{"roadId":"1662-Newwworld","width":148.7,"hidden":false},"geometry":{"type":"LineString","coordinates":[[109.494937,-43.700843],[109.290831,-43.537804],[108.62266,-42.847437],[108.296001,-41.928328],[107.174469,-41.15474]]}},{"type":"Feature","id":"1663-Newwworld","properties":{"roadId":"1663-Newwworld","width":148.7,"hidden":false},"geometry":{"type":"LineString","coordinates":[[109.880529,-44.29864],[109.577116,-43.766494],[109.494937,-43.700843]]}},{"type":"Feature","id":"1664-Newwworld","properties":{"roadId":"1664-Newwworld","width":148.7,"hidden":true},"geometry":{"type":"LineString","coordinates":[[109.880529,-44.29864],[110.479099,-43.909724]]}},{"type":"Feature","id":"1665-Newwworld","properties":{"roadId":"1665-Newwworld","width":148.7,"hidden":true},"geometry":{"type":"LineString","coordinates":[[110.479099,-43.909724],[110.411112,-43.895288],[109.494937,-43.700843]]}},{"type":"Feature","id":"1666-Newwworld","properties":{"roadId":"1666-Newwworld","width":200.0,"hidden":true},"geometry":{"type":"LineString","coordinates":[[133.316656,-36.915924],[132.855652,-36.885542],[132.14852,-37.008632]]}},{"type":"Feature","id":"1667-Newwworld","properties":{"roadId":"1667-Newwworld","width":148.7,"hidden":true},"geometry":{"type":"LineString","coordinates":[[110.479099,-43.909724],[110.776018,-43.760582],[111.04088,-43.757292],[111.789537,-43.41947],[112.990756,-43.362604],[114.179319,-42.727011],[114.612949,-42.295742],[115.947685,-41.450549],[116.390915,-41.145018],[116.513329,-41.126789],[116.758443,-41.291668],[116.929702,-41.198924],[118.291182,-40.572707],[118.525115,-40.596579],[118.911436,-40.362203]]}},{"type":"Feature","id":"1668-Newwworld","properties":{"roadId":"1668-Newwworld","width":148.7,"hidden":true},"geometry":{"type":"LineString","coordinates":[[132.281782,-35.838663],[133.316656,-36.915924]]}},{"type":"Feature","id":"1669-Newwworld","properties":{"roadId":"1669-Newwworld","width":200.0,"hidden":true},"geometry":{"type":"LineString","coordinates":[[132.14852,-37.008632],[131.56285,-37.179814],[130.658696,-37.215838],[130.081484,-37.500301],[129.463455,-37.842489],[129.017825,-37.858983],[128.613294,-37.963757],[128.159577,-37.629121],[127.879085,-37.911153],[127.8966,-38.229383],[126.81174,-39.242581],[126.351516,-39.847184],[126.182119,-40.441977]]}},{"type":"Feature","id":"166-Newwworld","properties":{"roadId":"166-Newwworld","width":87.9,"hidden":false},"geometry":{"type":"LineString","coordinates":[[95.592737,-90.649222],[95.581244,-90.897287]]}},{"type":"Feature","id":"1670-Newwworld","properties":{"roadId":"1670-Newwworld","width":148.7,"hidden":true},"geometry":{"type":"LineString","coordinates":[[132.281782,-35.838663],[132.14852,-37.008632]]}},{"type":"Feature","id":"1671-Newwworld","properties":{"roadId":"1671-Newwworld","width":200.0,"hidden":true},"geometry":{"type":"LineString","coordinates":[[119.809944,-41.31573],[119.93691,-41.648995],[120.0044,-42.005186],[120.273107,-42.471385],[120.252029,-43.034755],[119.863291,-44.137841],[119.824685,-44.928408],[120.198371,-45.58775],[120.27753,-45.837543],[120.135255,-46.816739]]}},{"type":"Feature","id":"1672-Newwworld","properties":{"roadId":"1672-Newwworld","width":148.7,"hidden":true},"geometry":{"type":"LineString","coordinates":[[118.911436,-40.362203],[119.268295,-40.295015],[119.536738,-40.172532],[119.656225,-40.031646],[119.770189,-39.769406],[119.944074,-39.203345],[120.758929,-37.894399],[121.009926,-37.620787],[121.205137,-37.283981],[121.590397,-37.009414],[121.906393,-36.387016],[122.656725,-35.660972],[123.017211,-35.357238],[123.294125,-35.349252],[123.442818,-35.143696],[123.579427,-35.11097],[123.955842,-34.771732],[124.347067,-34.32503],[124.387416,-34.047511],[124.632048,-33.798899],[124.906655,-33.746295],[125.121094,-33.511312],[125.796764,-33.217474],[125.899059,-33.275634]]}},{"type":"Feature","id":"1673-Newwworld","properties":{"roadId":"1673-Newwworld","width":200.0,"hidden":true},"geometry":{"type":"LineString","coordinates":[[119.809944,-41.31573],[119.506963,-41.000833],[119.262496,-40.787465],[119.153173,-40.57644],[118.911436,-40.362203]]}},{"type":"Feature","id":"1674-Newwworld","properties":{"roadId":"1674-Newwworld","width":200.0,"hidden":true},"geometry":{"type":"LineString","coordinates":[[124.783228,-44.954007],[124.567744,-45.392819],[124.310263,-45.755034],[124.324205,-46.139775],[124.312717,-46.658162]]}},{"type":"Feature","id":"1675-Newwworld","properties":{"roadId":"1675-Newwworld","width":200.0,"hidden":true},"geometry":{"type":"LineString","coordinates":[[124.312717,-46.658162],[124.306403,-46.943067],[124.485827,-48.054842],[124.43688,-48.67809],[124.207951,-49.95582],[124.304954,-50.607993],[124.321612,-50.976935]]}},{"type":"Feature","id":"1676-Newwworld","properties":{"roadId":"1676-Newwworld","width":200.0,"hidden":true},"geometry":{"type":"LineString","coordinates":[[124.783228,-44.954007],[125.798206,-45.814843]]}},{"type":"Feature","id":"1677-Newwworld","properties":{"roadId":"1677-Newwworld","width":200.0,"hidden":true},"geometry":{"type":"LineString","coordinates":[[125.798206,-45.814843],[124.312717,-46.658162]]}},{"type":"Feature","id":"1678-Newwworld","properties":{"roadId":"1678-Newwworld","width":200.0,"hidden":true},"geometry":{"type":"LineString","coordinates":[[141.763146,-44.381835],[141.560801,-44.167676],[141.419768,-44.00468],[141.254993,-43.934437],[140.892561,-43.923656],[140.262776,-43.685244]]}},{"type":"Feature","id":"1679-Newwworld","properties":{"roadId":"1679-Newwworld","width":200.0,"hidden":true},"geometry":{"type":"LineString","coordinates":[[125.798206,-45.814843],[126.417514,-45.638445],[126.992645,-45.577637],[127.466397,-45.370926],[128.028416,-45.470501],[128.179048,-45.455024],[128.307971,-45.123556],[128.537176,-45.064658],[128.992243,-45.416743],[129.338878,-45.440258],[129.929162,-45.285483],[131.90409,-45.505545],[132.585766,-45.607524],[133.224951,-45.20202],[133.76523,-45.142566],[134.446809,-45.524104],[135.375585,-45.681032],[136.662018,-46.616651],[137.1151,-46.753995],[137.764564,-46.846339],[138.089227,-47.104283],[139.103241,-46.844968],[139.842028,-46.385166],[139.923495,-46.026059],[140.54282,-45.741318]]}},{"type":"Feature","id":"1680-Newwworld","properties":{"roadId":"1680-Newwworld","width":200.0,"hidden":true},"geometry":{"type":"LineString","coordinates":[[140.54282,-45.741318],[140.644965,-45.694356],[141.313222,-45.138782],[141.70904,-44.900552],[141.716913,-44.640551],[141.649525,-44.508571],[141.763146,-44.381835]]}},{"type":"Feature","id":"1681-Newwworld","properties":{"roadId":"1681-Newwworld","width":200.0,"hidden":true},"geometry":{"type":"LineString","coordinates":[[140.262776,-43.685244],[139.933617,-43.30789],[140.052124,-42.842124],[140.11669,-41.86989],[140.054173,-41.657659],[140.089303,-41.217162]]}},{"type":"Feature","id":"1682-Newwworld","properties":{"roadId":"1682-Newwworld","width":200.0,"hidden":true},"geometry":{"type":"LineString","coordinates":[[140.54282,-45.741318],[140.475103,-45.152315],[140.196934,-44.939996],[140.131196,-44.475672],[139.991386,-43.968057],[140.262776,-43.685244]]}},{"type":"Feature","id":"1683-Newwworld","properties":{"roadId":"1683-Newwworld","width":200.0,"hidden":true},"geometry":{"type":"LineString","coordinates":[[148.188011,-37.443269],[148.066709,-36.929031],[148.389514,-36.233369],[148.219565,-35.764531],[147.814243,-35.308106],[147.369753,-35.278592],[146.809638,-34.985275],[146.474455,-34.270429],[145.986823,-34.060359],[145.281795,-34.065741],[144.140845,-33.82633],[143.412622,-34.189352],[142.762333,-34.132755],[142.367375,-34.299943],[142.214024,-34.503589],[142.004344,-34.508884],[141.846262,-34.561315],[141.447355,-34.449336],[140.002176,-34.762878],[139.470412,-34.600551],[139.158258,-34.622253],[138.669637,-34.521211]]}},{"type":"Feature","id":"1684-Newwworld","properties":{"roadId":"1684-Newwworld","width":200.0,"hidden":true},"geometry":{"type":"LineString","coordinates":[[140.089303,-41.217162],[139.921959,-40.789027],[139.448971,-40.608297],[139.267625,-40.151525],[139.483381,-39.44753],[139.436393,-38.90725],[138.995489,-38.152126],[138.707788,-37.753687],[138.385834,-37.611499],[138.164262,-37.30412],[137.762846,-37.287279],[137.388079,-37.40412],[137.081593,-37.342661],[136.897417,-37.046219],[136.666503,-36.835368],[136.285601,-36.7641],[135.853238,-36.645437],[135.709792,-36.698475],[135.640368,-36.717659],[135.144956,-36.347953]]}},{"type":"Feature","id":"1685-Newwworld","properties":{"roadId":"1685-Newwworld","width":200.0,"hidden":true},"geometry":{"type":"LineString","coordinates":[[148.188011,-37.443269],[147.527288,-37.495874],[146.521799,-38.174782],[146.086962,-38.649437],[145.747213,-38.572787],[145.509035,-38.876173],[144.457122,-38.852823],[143.598056,-38.496832],[143.047872,-38.561068],[142.767255,-38.790583],[142.556108,-39.631992],[141.927295,-40.099094],[141.126624,-40.876354],[140.089303,-41.217162]]}},{"type":"Feature","id":"1686-Newwworld","properties":{"roadId":"1686-Newwworld","width":200.0,"hidden":true},"geometry":{"type":"LineString","coordinates":[[144.170958,-47.857558],[144.294413,-47.633234],[144.197685,-47.44142],[144.253354,-46.991913],[143.998683,-46.336546],[143.973561,-45.947621]]}},{"type":"Feature","id":"1687-Newwworld","properties":{"roadId":"1687-Newwworld","width":160.1,"hidden":true},"geometry":{"type":"LineString","coordinates":[[140.953551,-68.415397],[140.15531,-67.697894],[138.319896,-67.053908],[136.845108,-65.89998],[135.466424,-64.877963],[134.968497,-64.346303],[133.98787,-64.221589],[132.362469,-63.387229],[131.564351,-63.297428],[130.565723,-63.070795],[129.604042,-62.006426],[128.961317,-61.418837],[127.896695,-60.266003],[127.742107,-59.040773],[127.37723,-58.465059],[126.578569,-57.29891],[125.940346,-56.972216]]}},{"type":"Feature","id":"1688-Newwworld","properties":{"roadId":"1688-Newwworld","width":200.0,"hidden":true},"geometry":{"type":"LineString","coordinates":[[144.170958,-47.857558],[143.562431,-48.333107],[142.608183,-48.869662],[141.319229,-48.883924],[140.699713,-49.658372],[140.994332,-50.322471],[140.68717,-50.720823],[140.876545,-51.221754],[141.27666,-51.787172],[141.273908,-52.096253],[141.300592,-52.217208],[141.298231,-52.459944],[141.489334,-52.634901],[141.444039,-53.100354]]}},{"type":"Feature","id":"1689-Newwworld","properties":{"roadId":"1689-Newwworld","width":200.0,"hidden":true},"geometry":{"type":"LineString","coordinates":[[141.010799,-53.81112],[140.687595,-53.911598],[140.526926,-53.884037],[140.463176,-53.973421],[140.474166,-54.106555],[140.290128,-54.157779],[140.364929,-54.520228],[140.183071,-54.702833],[140.058965,-55.050734],[139.476905,-55.286802],[139.159205,-55.974304],[139.033284,-56.930905],[139.316853,-57.072997],[139.435221,-57.348918],[139.878955,-57.903373],[140.191257,-58.641197],[140.555633,-58.999662],[141.342554,-59.542745],[141.626461,-60.172027],[142.127314,-60.884503],[142.083902,-61.823682],[141.866523,-63.770841],[142.181359,-64.663613],[141.853719,-65.466307],[142.089197,-66.200094],[141.127249,-67.549318],[140.953551,-68.415397]]}},{"type":"Feature","id":"168-Newwworld","properties":{"roadId":"168-Newwworld","width":80.0,"hidden":false},"geometry":{"type":"LineString","coordinates":[[106.189865,-71.080319],[106.177626,-70.58175]]}},{"type":"Feature","id":"1690-Newwworld","properties":{"roadId":"1690-Newwworld","width":200.0,"hidden":true},"geometry":{"type":"LineString","coordinates":[[141.444039,-53.100354],[141.010799,-53.81112]]}},{"type":"Feature","id":"1691-Newwworld","properties":{"roadId":"1691-Newwworld","width":200.0,"hidden":true},"geometry":{"type":"LineString","coordinates":[[141.010799,-53.81112],[141.506122,-53.609557],[142.025186,-53.655503]]}},{"type":"Feature","id":"1692-Newwworld","properties":{"roadId":"1692-Newwworld","width":200.0,"hidden":true},"geometry":{"type":"LineString","coordinates":[[142.025186,-53.655503],[141.654291,-53.13242],[141.444039,-53.100354]]}},{"type":"Feature","id":"1693-Newwworld","properties":{"roadId":"1693-Newwworld","width":200.0,"hidden":true},"geometry":{"type":"LineString","coordinates":[[147.892142,-52.780648],[147.721716,-52.567366],[147.430717,-51.936687],[146.572363,-51.689411],[146.278187,-51.35132],[146.197058,-51.123706],[145.935616,-50.923471],[145.908819,-50.722802],[146.230522,-50.660484],[146.382311,-50.422306],[146.292796,-50.286316],[145.936406,-50.008338]]}},{"type":"Feature","id":"1694-Newwworld","properties":{"roadId":"1694-Newwworld","width":200.0,"hidden":true},"geometry":{"type":"LineString","coordinates":[[142.025186,-53.655503],[142.533313,-53.765703],[142.819755,-53.927665],[142.94144,-53.931459]]}},{"type":"Feature","id":"1695-Newwworld","properties":{"roadId":"1695-Newwworld","width":200.0,"hidden":true},"geometry":{"type":"LineString","coordinates":[[145.936406,-50.008338],[145.93803,-49.608224],[145.611891,-49.249672],[145.302125,-48.576007],[145.086785,-48.294764],[144.599127,-48.245407],[144.274283,-48.062246],[144.170958,-47.857558]]}},{"type":"Feature","id":"1696-Newwworld","properties":{"roadId":"1696-Newwworld","width":200.0,"hidden":true},"geometry":{"type":"LineString","coordinates":[[143.1544,-53.790399],[143.43362,-53.830122],[143.811963,-53.512751]]}},{"type":"Feature","id":"1697-Newwworld","properties":{"roadId":"1697-Newwworld","width":200.0,"hidden":true},"geometry":{"type":"LineString","coordinates":[[145.936406,-50.008338],[145.410068,-50.225509],[145.088912,-50.576725],[144.215064,-50.714495],[143.869637,-50.96802],[143.94791,-51.334263],[143.520782,-52.110437],[143.15473,-52.423789],[143.084574,-53.065015],[143.1544,-53.790399]]}},{"type":"Feature","id":"1698-Newwworld","properties":{"roadId":"1698-Newwworld","width":200.0,"hidden":true},"geometry":{"type":"LineString","coordinates":[[143.811963,-53.512751],[144.191079,-53.194729],[144.766507,-53.021708],[145.626006,-53.110206],[146.807408,-52.913912],[147.072868,-52.816377],[147.892142,-52.780648]]}},{"type":"Feature","id":"1699-Newwworld","properties":{"roadId":"1699-Newwworld","width":200.0,"hidden":true},"geometry":{"type":"LineString","coordinates":[[142.94144,-53.931459],[143.1544,-53.790399]]}},{"type":"Feature","id":"169-Newwworld","properties":{"roadId":"169-Newwworld","width":80.0,"hidden":false},"geometry":{"type":"LineString","coordinates":[[106.189865,-71.080319],[106.998896,-71.726033],[107.334574,-72.297875]]}},{"type":"Feature","id":"16--INGAME","properties":{"roadId":"16--INGAME","width":122.1,"hidden":false},"geometry":{"type":"LineString","coordinates":[[121.912906,-56.462266],[121.830222,-56.448421],[121.228441,-56.210217],[120.704202,-55.828575],[120.141548,-55.687428],[119.769446,-55.368573],[119.416444,-55.260561],[118.29028,-54.480844],[117.942101,-54.389386],[117.956034,-54.002926],[117.604765,-53.989697]]}},{"type":"Feature","id":"1700-Newwworld","properties":{"roadId":"1700-Newwworld","width":200.0,"hidden":true},"geometry":{"type":"LineString","coordinates":[[143.811963,-53.512751],[143.929672,-53.94461],[143.72093,-54.557937]]}},{"type":"Feature","id":"1701-Newwworld","properties":{"roadId":"1701-Newwworld","width":200.0,"hidden":true},"geometry":{"type":"LineString","coordinates":[[143.72093,-54.557937],[143.158255,-54.295748],[143.005546,-54.252432],[142.94144,-53.931459]]}},{"type":"Feature","id":"1702-Newwworld","properties":{"roadId":"1702-Newwworld","width":200.0,"hidden":true},"geometry":{"type":"LineString","coordinates":[[154.309412,-71.199781],[154.650516,-71.112003],[156.582172,-70.35095]]}},{"type":"Feature","id":"1703-Newwworld","properties":{"roadId":"1703-Newwworld","width":200.0,"hidden":true},"geometry":{"type":"LineString","coordinates":[[143.72093,-54.557937],[144.708277,-55.057556],[144.948773,-55.304788],[144.938417,-56.017551],[144.766333,-56.31408],[144.486931,-56.595756],[144.578945,-57.364135],[144.723546,-57.609987],[145.14274,-57.843859],[145.482438,-58.756805],[146.518492,-60.291342],[146.958129,-62.083309],[148.084313,-63.387819],[148.471779,-64.666079],[149.511792,-65.80728]]}},{"type":"Feature","id":"1704-Newwworld","properties":{"roadId":"1704-Newwworld","width":200.0,"hidden":true},"geometry":{"type":"LineString","coordinates":[[149.377677,-67.328918],[149.802392,-68.075812],[151.700306,-69.39264],[152.859034,-69.607641],[153.031161,-70.236957],[153.517179,-70.543781],[154.309412,-71.199781]]}},{"type":"Feature","id":"1705-Newwworld","properties":{"roadId":"1705-Newwworld","width":160.1,"hidden":true},"geometry":{"type":"LineString","coordinates":[[146.443335,-71.52921],[144.896932,-70.976074],[144.618433,-69.973102],[144.456662,-69.952598],[142.977829,-68.945746],[141.351721,-68.773289],[140.953551,-68.415397]]}},{"type":"Feature","id":"1706-Newwworld","properties":{"roadId":"1706-Newwworld","width":200.0,"hidden":true},"geometry":{"type":"LineString","coordinates":[[146.443335,-71.52921],[147.054518,-70.196123],[147.306524,-69.223742],[148.385529,-67.90655],[148.990653,-67.405593],[149.377677,-67.328918]]}},{"type":"Feature","id":"1707-Newwworld","properties":{"roadId":"1707-Newwworld","width":200.0,"hidden":true},"geometry":{"type":"LineString","coordinates":[[149.511792,-65.80728],[149.500186,-66.63671],[149.377677,-67.328918]]}},{"type":"Feature","id":"1708-Newwworld","properties":{"roadId":"1708-Newwworld","width":200.0,"hidden":true},"geometry":{"type":"LineString","coordinates":[[152.82952,-59.364116],[152.866473,-58.553975],[152.008423,-58.041968],[151.949161,-57.049438],[151.464619,-56.715027],[150.840347,-55.320205]]}},{"type":"Feature","id":"1709-Newwworld","properties":{"roadId":"1709-Newwworld","width":200.0,"hidden":true},"geometry":{"type":"LineString","coordinates":[[149.511792,-65.80728],[150.002809,-65.074457],[149.890439,-63.933637],[150.109745,-62.189022],[151.272206,-61.340468],[151.713223,-60.263034],[152.292608,-59.533856],[152.82952,-59.364116]]}},{"type":"Feature","id":"170-Newwworld","properties":{"roadId":"170-Newwworld","width":80.0,"hidden":false},"geometry":{"type":"LineString","coordinates":[[107.789298,-87.367484],[107.634236,-87.884604],[106.289649,-88.454588],[104.940842,-88.648174]]}},{"type":"Feature","id":"1710-Newwworld","properties":{"roadId":"1710-Newwworld","width":105.0,"hidden":true},"geometry":{"type":"LineString","coordinates":[[195.257424,-122.932394],[194.952371,-122.582247],[194.923734,-122.387289],[194.834211,-122.330008],[194.440746,-122.327942],[193.775596,-122.056729],[193.354058,-121.960225]]}},{"type":"Feature","id":"1711-Newwworld","properties":{"roadId":"1711-Newwworld","width":122.1,"hidden":true},"geometry":{"type":"LineString","coordinates":[[15.185642,-187.272406],[15.358299,-187.055426],[15.436771,-186.744513],[15.628525,-186.630642],[15.69415,-186.48223],[15.910905,-186.126968],[15.963422,-185.854467],[15.83521,-185.731576],[15.779741,-185.58786],[15.697449,-185.545612],[15.682345,-185.381957],[15.88712,-185.195229],[15.953266,-184.996521],[15.946842,-184.886148],[16.050054,-184.760826],[16.160124,-184.631216],[16.297277,-184.568812],[16.4195,-184.397327],[16.492851,-184.204236],[16.807783,-184.027603],[16.923321,-183.917993],[17.282177,-183.913844],[17.565077,-183.851726],[17.639643,-183.787871],[17.535216,-183.476768],[17.642421,-183.359702],[17.772977,-183.053043],[17.921675,-182.889943],[18.155357,-182.797182],[18.242597,-182.756384],[18.346677,-182.794708],[18.981228,-182.268144],[19.453104,-182.078916],[19.669685,-182.059463],[19.749633,-182.009914],[19.805883,-181.992483],[19.899199,-182.07336],[19.971943,-181.992822],[20.069512,-182.023308],[20.124634,-182.013395],[20.157447,-181.981077],[20.204843,-181.973603],[20.281753,-181.907648],[20.398507,-181.944593],[20.475243,-181.847223],[20.618212,-181.889514],[20.726633,-181.988143],[20.886616,-181.918395],[21.087919,-181.905712],[21.241999,-181.91981],[21.331843,-182.059202],[21.398684,-182.104255],[21.727938,-182.023716]]}},{"type":"Feature","id":"1712-Newwworld","properties":{"roadId":"1712-Newwworld","width":101.2,"hidden":true},"geometry":{"type":"LineString","coordinates":[[40.689287,-159.267519],[40.920451,-159.422025],[41.165851,-159.468883]]}},{"type":"Feature","id":"1713-Newwworld","properties":{"roadId":"1713-Newwworld","width":122.1,"hidden":true},"geometry":{"type":"LineString","coordinates":[[15.185642,-187.272406],[14.963853,-187.094558],[14.443539,-187.006945],[13.793363,-186.769123],[13.476001,-186.563332],[13.244403,-185.861003],[12.914714,-185.48891],[12.558376,-185.180333],[12.28051,-184.410391],[12.096308,-183.93999],[12.094659,-183.394502],[12.315233,-182.445497],[12.112367,-182.008464],[11.969572,-181.795903],[11.827471,-181.22143],[11.984763,-180.869658],[12.244312,-180.859546],[12.289104,-180.745925],[12.337802,-180.450343],[12.236934,-179.685922],[12.399868,-178.887256],[12.800217,-178.054692],[13.078343,-177.145609],[13.191191,-176.301961],[13.570098,-174.729811],[13.790411,-173.213947],[13.686592,-172.00955],[13.633466,-171.456363],[14.246923,-170.403607],[14.713765,-169.944682],[14.976092,-169.535653],[15.175485,-169.434663],[15.389375,-169.414003],[16.04936,-168.90388],[16.745456,-168.519738],[17.58591,-167.918668],[18.554143,-167.418675],[19.285222,-167.195688]]}},{"type":"Feature","id":"1714-Newwworld","properties":{"roadId":"1714-Newwworld","width":101.2,"hidden":true},"geometry":{"type":"LineString","coordinates":[[44.095002,-170.943557],[44.251035,-171.2171],[44.570386,-171.508056],[44.671896,-171.735851],[44.721983,-171.850157],[44.760794,-171.938751],[45.089215,-172.41009],[45.257827,-172.529205],[45.439651,-172.705004],[45.505658,-173.020135],[45.347871,-173.563722],[45.390518,-173.769383],[45.305388,-174.325174],[45.184789,-174.574837],[44.74806,-174.75712],[44.622,-174.902963],[44.242902,-175.76478],[43.940791,-176.117542],[43.406128,-176.995956],[43.262499,-177.808407],[43.167568,-178.450214],[42.959139,-178.80354],[42.655535,-178.93348],[42.368781,-178.79486],[42.117408,-178.301169],[41.771192,-178.243365],[41.417128,-178.613297],[41.158907,-178.628245],[40.839982,-179.013402],[40.601787,-179.21776],[40.423922,-179.432041],[40.252654,-179.622059],[40.231734,-179.764004],[40.398748,-179.93739],[40.533471,-180.323641],[40.52045,-180.677783],[40.450832,-180.821038],[40.357602,-181.011308],[40.429304,-181.343749],[39.968365,-181.494852]]}},{"type":"Feature","id":"1715-Newwworld","properties":{"roadId":"1715-Newwworld","width":101.2,"hidden":true},"geometry":{"type":"LineString","coordinates":[[39.110376,-182.715481],[39.195793,-182.466001],[39.446314,-182.218804],[39.505429,-181.671962],[39.611593,-181.457169],[39.968365,-181.494852]]}},{"type":"Feature","id":"1716-Newwworld","properties":{"roadId":"1716-Newwworld","width":101.2,"hidden":true},"geometry":{"type":"LineString","coordinates":[[44.095002,-170.943557],[43.850149,-170.64649],[43.769706,-170.452991],[43.615608,-170.454397],[43.554592,-170.605804],[43.444114,-170.603894],[43.319687,-170.721855],[43.153931,-170.632827],[43.135346,-170.483903],[43.052481,-170.480439],[42.999781,-170.650145],[42.913375,-170.736768],[42.725631,-170.739216],[42.520978,-170.621368],[42.180872,-170.674554],[42.024813,-170.833027],[41.436998,-170.777072],[40.373748,-171.698751],[38.945184,-171.759792],[38.635548,-172.032797],[37.577732,-171.951356],[37.301081,-171.72974],[37.083633,-171.838907]]}},{"type":"Feature","id":"1717-Newwworld","properties":{"roadId":"1717-Newwworld","width":101.2,"hidden":true},"geometry":{"type":"LineString","coordinates":[[53.595998,-32.496117],[52.890544,-32.172331],[52.324049,-32.292991],[51.835723,-32.343165],[51.453916,-32.613913],[51.149496,-32.713219],[50.748592,-32.672767],[49.899457,-32.37945],[48.692196,-32.522159],[48.372395,-32.346117],[48.121847,-32.390995],[47.73182,-32.378235],[47.334345,-32.416343],[46.951748,-32.211481],[46.475088,-31.732399],[45.918385,-31.813997],[45.591665,-31.760958],[45.303747,-31.506357],[45.123747,-31.420419],[44.561852,-31.105487],[44.082328,-30.800365],[43.967484,-30.708785],[43.460217,-30.608177],[42.790787,-30.234564],[42.746933,-30.155571],[42.368234,-29.938556],[41.99608,-29.74958],[41.77344,-29.307912],[42.009726,-28.647753],[42.384076,-28.422839],[43.278888,-28.346103],[43.946147,-27.90782],[44.281131,-27.305475],[44.302208,-26.64575],[44.466948,-26.004168],[44.366956,-25.448437],[44.452052,-24.923956],[44.633832,-24.730379],[44.665829,-23.741574],[44.801714,-22.622473],[44.816793,-21.72924],[44.263961,-20.792605],[43.409383,-20.036787],[43.115242,-18.915168],[42.8711,-18.507615],[42.998687,-17.609001],[42.874451,-16.810387],[43.39684,-16.108388],[44.561679,-15.748925],[44.763693,-15.401354],[45.2486,-14.796838],[45.563583,-13.662199],[46.293838,-12.376691],[47.320056,-11.385108],[48.852336,-10.671043],[50.100569,-10.555678],[51.19033,-11.742054],[51.302275,-12.296917],[51.912459,-12.276083],[52.320872,-12.704297],[51.842337,-13.776175],[51.854881,-14.695536],[51.672033,-15.64198],[52.443338,-17.022714],[53.264747,-17.820199],[54.314064,-18.024453],[55.162366,-18.574542],[57.1064,-20.114738],[58.51703,-20.64816],[59.42784,-21.472729],[59.72963,-21.53575],[60.896066,-22.876814],[62.601922,-24.039404]]}},{"type":"Feature","id":"1718-Newwworld","properties":{"roadId":"1718-Newwworld","width":101.2,"hidden":true},"geometry":{"type":"LineString","coordinates":[[55.788123,-35.483454],[55.183928,-34.999945],[54.552711,-34.278762],[54.43673,-33.751937],[54.122796,-33.344471],[53.595998,-32.496117]]}},{"type":"Feature","id":"1719-Newwworld","properties":{"roadId":"1719-Newwworld","width":101.2,"hidden":true},"geometry":{"type":"LineString","coordinates":[[53.595998,-32.496117],[54.749318,-32.056706],[56.196441,-31.686566],[57.280012,-31.102883]]}},{"type":"Feature","id":"171-Newwworld","properties":{"roadId":"171-Newwworld","width":80.0,"hidden":false},"geometry":{"type":"LineString","coordinates":[[107.789298,-87.367484],[108.693737,-87.170391],[109.871753,-87.287223],[110.795671,-87.464906],[111.579094,-87.384611],[112.667787,-86.924826],[112.994498,-86.96868]]}},{"type":"Feature","id":"1720-Newwworld","properties":{"roadId":"1720-Newwworld","width":101.2,"hidden":true},"geometry":{"type":"LineString","coordinates":[[57.280012,-31.102883],[56.920089,-33.14881],[56.044574,-34.47069],[55.788123,-35.483454]]}},{"type":"Feature","id":"1721-Newwworld","properties":{"roadId":"1721-Newwworld","width":101.2,"hidden":true},"geometry":{"type":"LineString","coordinates":[[57.280012,-31.102883],[57.836654,-30.854184],[58.351205,-29.937515],[59.007014,-28.682302],[60.266524,-27.722403]]}},{"type":"Feature","id":"1722-Newwworld","properties":{"roadId":"1722-Newwworld","width":148.7,"hidden":true},"geometry":{"type":"LineString","coordinates":[[125.899059,-33.275634],[126.157299,-33.422509],[126.550487,-33.397683],[126.823626,-33.586051],[127.258475,-33.808535],[128.113013,-33.658881],[128.639312,-34.096991],[129.461803,-34.041261],[130.068346,-34.211314],[130.623885,-34.041869],[131.565269,-34.179283],[132.018447,-34.666177],[132.281782,-35.838663]]}},{"type":"Feature","id":"1723-Newwworld","properties":{"roadId":"1723-Newwworld","width":148.7,"hidden":true},"geometry":{"type":"LineString","coordinates":[[125.899059,-33.275634],[126.040672,-33.102109],[126.01534,-32.784052],[126.21868,-32.414346],[126.119522,-31.035956],[126.053677,-30.661562],[126.000169,-30.177967],[125.383018,-29.428832],[124.801947,-28.563986],[124.477592,-28.412162],[124.326192,-28.340287],[124.280932,-27.994105],[124.198103,-27.588462],[124.001018,-27.45426],[123.523381,-27.492888],[123.078033,-27.203044],[122.952676,-26.360853],[123.114714,-25.525347],[123.031164,-25.027168],[122.526047,-24.369614],[121.360089,-23.548865],[120.640683,-23.288534],[120.466902,-22.883585],[120.440131,-22.719608],[120.191464,-22.635493],[120.043354,-22.484625],[119.90507,-22.493913],[119.632981,-22.243044],[119.340124,-21.854762],[119.077079,-21.658667],[118.618857,-21.659362],[118.046077,-21.521774],[117.749271,-21.546601],[116.853495,-20.277499],[116.580013,-20.03913],[116.536992,-19.800935],[116.239604,-19.48774],[115.157977,-18.929752],[114.913055,-18.272892],[115.057986,-17.64624],[115.150486,-16.997887],[115.079192,-16.630178],[114.921735,-16.175142],[114.623288,-15.632952],[114.290084,-14.734078],[114.304172,-13.722703],[114.376403,-12.317576],[114.672498,-11.881203],[114.802993,-11.072086],[114.862403,-10.620175],[115.010702,-10.543178],[115.168342,-10.518786],[115.204063,-10.372865],[114.946579,-9.892829],[115.000312,-9.538574],[115.113906,-9.383799],[115.14941,-8.129368],[115.375278,-6.902714],[115.181016,-6.121896],[115.279679,-5.895767],[115.567015,-5.611564],[115.769898,-5.130313],[115.776877,-4.927534],[116.029152,-4.730832],[115.892997,-4.312949],[115.628977,-3.995066],[115.618864,-3.554179],[115.854915,-3.447321],[115.952147,-3.079003],[116.16568,-2.776572],[116.481819,-2.576484],[116.947028,-2.552005],[117.4342,-2.684471]]}},{"type":"Feature","id":"1724-Newwworld","properties":{"roadId":"1724-Newwworld","width":200.0,"hidden":true},"geometry":{"type":"LineString","coordinates":[[147.009804,-19.756057],[146.248855,-19.681143],[145.757473,-20.247204],[145.184633,-20.636528],[144.116643,-20.944081],[143.726633,-21.24226],[143.49882,-21.943738],[143.30612,-22.24044],[142.850684,-22.478982],[142.057556,-22.740094],[141.696791,-23.444958],[141.478726,-23.937494],[141.349585,-24.733764],[140.786745,-26.024481],[140.583367,-27.666066],[140.079416,-28.604177],[139.964259,-29.120411],[139.915518,-29.312947]]}},{"type":"Feature","id":"1725-Newwworld","properties":{"roadId":"1725-Newwworld","width":200.0,"hidden":true},"geometry":{"type":"LineString","coordinates":[[147.009804,-19.756057],[147.099796,-18.559612],[147.437557,-17.59433],[148.477187,-16.435993],[148.874454,-15.75396],[149.3416,-14.640067],[149.192572,-13.833814],[149.286244,-13.626956],[150.018859,-13.437112],[150.138695,-12.772092],[150.266135,-12.59605],[150.680693,-12.459764],[150.798879,-12.076343],[150.729982,-11.667748],[150.517828,-11.544657],[150.371855,-10.844828],[150.086342,-10.554116],[150.033096,-10.091788],[149.718997,-9.876249],[148.628612,-9.580067],[148.295972,-9.325639],[148.209122,-9.069302],[148.266414,-8.497598],[148.179461,-7.101326],[148.342638,-6.836742],[148.158671,-6.33457],[148.108428,-5.085694],[148.273775,-4.484303],[148.560764,-4.370588],[148.899637,-4.842812],[149.539535,-4.686214],[150.166273,-4.803228]]}},{"type":"Feature","id":"1726-Newwworld","properties":{"roadId":"1726-Newwworld","width":105.0,"hidden":true},"geometry":{"type":"LineString","coordinates":[[193.354058,-121.960225],[192.671834,-122.244603],[192.442015,-122.251023],[192.191919,-122.544524],[191.941614,-122.587456],[191.713923,-122.545131],[191.337828,-122.226845],[191.17662,-121.951434],[190.791263,-121.806801],[190.400125,-121.82096],[190.114725,-121.746729],[189.898613,-121.710019],[189.403663,-121.293259],[189.119478,-121.154915],[188.574902,-121.053772],[188.361047,-121.088536],[188.094344,-121.007308],[187.541365,-121.529902],[187.269767,-121.542283],[187.15369,-121.508608],[187.026224,-121.39076],[186.667256,-121.418874],[185.737783,-121.093445],[185.080133,-121.144388],[184.669489,-121.043299],[184.147282,-120.98086],[183.921431,-121.045346],[183.828375,-121.048083],[183.748236,-121.179597],[183.671013,-121.231362],[183.586603,-121.22994],[183.262418,-120.977059],[183.224484,-120.811092],[183.061497,-120.67515],[182.870802,-120.378742],[182.433639,-120.128503],[181.768394,-119.468096],[181.162255,-119.107374],[180.658599,-118.937001],[180.39029,-118.940447],[180.072104,-118.861757],[179.751729,-118.99056],[179.452666,-118.983442],[178.936918,-119.333414],[178.69334,-119.425512],[177.810438,-119.534436],[176.944419,-119.345206],[175.460091,-119.618739],[173.759669,-119.62162],[172.995482,-119.878062],[172.558346,-119.843749],[172.065549,-119.674914],[171.915279,-119.424854],[171.417786,-119.348398]]}},{"type":"Feature","id":"1727-Newwworld","properties":{"roadId":"1727-Newwworld","width":105.0,"hidden":true},"geometry":{"type":"LineString","coordinates":[[193.354058,-121.960225],[193.463043,-121.396452],[193.42385,-121.20662],[193.911908,-120.363457],[193.878852,-119.212236],[193.909173,-118.865273],[194.292898,-118.373162],[195.243388,-117.93948],[196.732907,-117.803941],[197.944465,-117.58315],[199.480668,-117.805347],[200.753858,-117.84895],[201.767403,-118.287962],[203.045185,-118.503041],[203.129795,-118.647425],[203.360846,-118.641244],[203.375568,-118.790802],[203.337868,-118.99266],[203.505065,-119.240439],[203.687184,-119.250144],[204.32446,-119.440263],[205.576383,-118.992105],[206.816925,-119.148347],[208.35825,-119.079032],[209.299434,-119.41724],[210.06652,-119.812331],[211.385552,-120.355182],[212.617631,-120.378652],[213.591393,-120.668264],[213.926429,-120.876421],[214.267237,-121.232828],[214.823037,-121.686864],[215.632328,-121.768984],[216.120785,-121.645928]]}},{"type":"Feature","id":"1728-Newwworld","properties":{"roadId":"1728-Newwworld","width":84.1,"hidden":true},"geometry":{"type":"LineString","coordinates":[[179.541486,-220.428352],[179.594481,-220.18382],[179.611738,-220.078003]]}},{"type":"Feature","id":"1729-Newwworld","properties":{"roadId":"1729-Newwworld","width":84.1,"hidden":true},"geometry":{"type":"LineString","coordinates":[[186.235718,-201.257531],[186.347915,-201.100309]]}},{"type":"Feature","id":"172-Newwworld","properties":{"roadId":"172-Newwworld","width":106.9,"hidden":false},"geometry":{"type":"LineString","coordinates":[[81.210544,-150.080205],[81.57308,-150.18445],[82.135626,-149.912357],[82.588127,-149.660247]]}},{"type":"Feature","id":"1730-Newwworld","properties":{"roadId":"1730-Newwworld","width":105.0,"hidden":true},"geometry":{"type":"LineString","coordinates":[[213.426653,-160.857082],[214.528427,-161.489897],[214.69045,-161.45152],[214.80802,-161.472275],[214.941354,-161.499107]]}},{"type":"Feature","id":"1731-Newwworld","properties":{"roadId":"1731-Newwworld","width":105.0,"hidden":true},"geometry":{"type":"LineString","coordinates":[[216.038059,-183.884261],[215.763405,-183.931813]]}},{"type":"Feature","id":"1732-Newwworld","properties":{"roadId":"1732-Newwworld","width":89.8,"hidden":true},"geometry":{"type":"LineString","coordinates":[[186.347915,-201.100309],[186.794765,-201.496022],[187.25922,-202.373316],[187.616383,-203.661107]]}},{"type":"Feature","id":"1733-Newwworld","properties":{"roadId":"1733-Newwworld","width":105.0,"hidden":true},"geometry":{"type":"LineString","coordinates":[[215.819048,-185.205567],[215.965489,-185.922453],[216.005594,-186.457611],[216.207504,-186.717039],[216.615057,-187.319915],[217.068965,-187.671018],[217.713412,-188.393443],[217.790582,-188.736682],[218.277823,-189.405208],[218.355775,-189.816494],[218.080427,-189.831425],[217.988673,-190.127025],[218.19692,-190.399934],[218.318883,-190.684119],[218.415758,-191.128747],[218.337372,-191.626613],[218.149004,-192.099688]]}},{"type":"Feature","id":"1734-Newwworld","properties":{"roadId":"1734-Newwworld","width":105.0,"hidden":true},"geometry":{"type":"LineString","coordinates":[[215.819048,-185.205567],[215.93042,-185.037841],[215.980767,-184.763821],[216.116531,-184.333533],[216.038059,-183.884261]]}},{"type":"Feature","id":"1735-Newwworld","properties":{"roadId":"1735-Newwworld","width":87.9,"hidden":false},"geometry":{"type":"LineString","coordinates":[[76.410285,-95.182163],[76.79066,-95.232797],[77.362007,-95.740377],[77.579143,-95.981454],[77.640411,-96.354537],[77.662277,-97.763135],[77.722434,-97.950957]]}},{"type":"Feature","id":"1736-Newwworld","properties":{"roadId":"1736-Newwworld","width":87.9,"hidden":false},"geometry":{"type":"LineString","coordinates":[[74.962824,-94.346579],[75.026166,-94.490642],[75.139612,-94.956858],[75.288641,-95.133387],[75.385967,-95.161764]]}},{"type":"Feature","id":"1737-Newwworld","properties":{"roadId":"1737-Newwworld","width":87.9,"hidden":true},"geometry":{"type":"LineString","coordinates":[[76.410285,-95.182163],[76.153192,-95.394612],[76.121517,-95.51456],[76.025015,-95.601722],[75.926603,-95.851844],[75.441089,-96.028789],[75.021114,-95.953702],[74.833092,-95.972452]]}},{"type":"Feature","id":"1738-Newwworld","properties":{"roadId":"1738-Newwworld","width":87.9,"hidden":false},"geometry":{"type":"LineString","coordinates":[[75.385967,-95.161764],[75.553468,-95.210592],[76.410285,-95.182163]]}},{"type":"Feature","id":"1739-Newwworld","properties":{"roadId":"1739-Newwworld","width":87.9,"hidden":true},"geometry":{"type":"LineString","coordinates":[[74.833092,-95.972452],[74.487944,-96.006879],[74.037161,-95.983338]]}},{"type":"Feature","id":"1740-Newwworld","properties":{"roadId":"1740-Newwworld","width":87.9,"hidden":true},"geometry":{"type":"LineString","coordinates":[[75.385967,-95.161764],[75.240073,-95.445549],[75.239422,-95.666375],[75.002494,-95.777208],[74.833092,-95.972452]]}},{"type":"Feature","id":"1741-Newwworld","properties":{"roadId":"1741-Newwworld","width":87.9,"hidden":true},"geometry":{"type":"LineString","coordinates":[[74.037161,-95.983338],[74.170929,-95.582746],[74.2352,-95.261295],[74.270495,-95.025591],[74.39836,-94.945305],[74.686642,-94.715139],[74.962824,-94.346579]]}},{"type":"Feature","id":"1742-Newwworld","properties":{"roadId":"1742-Newwworld","width":87.9,"hidden":true},"geometry":{"type":"LineString","coordinates":[[74.037161,-95.983338],[73.786422,-96.087965],[73.505614,-96.078303],[72.864067,-95.782278],[72.620663,-95.769118],[72.374855,-95.897504],[72.086928,-95.865247],[71.699635,-95.875412],[71.209729,-96.066272],[70.815613,-96.136151],[70.701672,-96.064137],[70.534024,-96.073781],[70.486446,-96.085769]]}},{"type":"Feature","id":"1743-Newwworld","properties":{"roadId":"1743-Newwworld","width":101.2,"hidden":true},"geometry":{"type":"LineString","coordinates":[[62.94675,-111.984642],[62.38081,-111.959112],[62.120054,-112.012862],[61.847831,-112.038609],[61.712692,-112.231908],[61.393455,-112.191952],[61.161249,-112.225146],[60.861613,-112.027967],[60.1978,-112.053583],[59.597077,-111.970588],[59.301564,-111.875761],[59.024462,-111.84373],[58.594843,-111.880562],[58.200501,-111.701299],[57.96162,-111.478816]]}},{"type":"Feature","id":"1744-Newwworld","properties":{"roadId":"1744-Newwworld","width":87.9,"hidden":false},"geometry":{"type":"LineString","coordinates":[[77.40949,-113.304099],[76.392811,-114.124554],[75.745196,-115.292535]]}},{"type":"Feature","id":"1745-Newwworld","properties":{"roadId":"1745-Newwworld","width":87.9,"hidden":true},"geometry":{"type":"LineString","coordinates":[[66.513776,-107.297282],[66.831008,-107.439184],[66.919784,-107.619306],[66.909993,-107.892588],[67.088865,-108.012042],[67.255966,-107.951512],[67.396418,-107.951633],[67.46897,-107.868534],[67.530698,-107.909055],[67.60713,-107.911746],[67.820204,-108.176539],[68.070153,-108.249568],[68.196915,-108.402737],[68.092766,-108.642834],[67.999623,-109.024397],[68.044502,-109.18412],[68.242072,-109.404989],[68.388018,-109.931684],[68.580276,-110.268959],[68.975789,-110.427024],[69.584186,-110.253291],[70.122113,-110.068663]]}},{"type":"Feature","id":"1746-Newwworld","properties":{"roadId":"1746-Newwworld","width":87.9,"hidden":true},"geometry":{"type":"LineString","coordinates":[[75.032251,-113.288813],[75.782115,-113.414109],[77.40949,-113.304099]]}},{"type":"Feature","id":"1747-Newwworld","properties":{"roadId":"1747-Newwworld","width":87.9,"hidden":false},"geometry":{"type":"LineString","coordinates":[[75.745196,-115.292535],[75.586376,-115.656269],[75.578633,-116.663087]]}},{"type":"Feature","id":"1748-Newwworld","properties":{"roadId":"1748-Newwworld","width":87.9,"hidden":true},"geometry":{"type":"LineString","coordinates":[[75.032251,-113.288813],[75.387947,-114.166472],[75.626541,-114.751066],[75.745196,-115.292535]]}},{"type":"Feature","id":"1749-Newwworld","properties":{"roadId":"1749-Newwworld","width":101.2,"hidden":true},"geometry":{"type":"LineString","coordinates":[[62.94675,-111.984642],[63.19827,-112.267169],[63.259728,-112.47322],[63.577863,-113.147458],[64.547337,-114.061185],[65.323867,-114.733974],[65.792793,-115.414784],[66.198627,-115.870315],[66.618186,-116.109283],[66.829984,-116.04713],[67.193691,-115.997546],[67.544908,-116.197052],[67.994033,-116.244031],[68.261777,-116.097581],[68.656101,-116.155724],[69.270947,-116.074196],[69.342101,-116.08272],[69.796955,-116.137217],[70.377114,-116.368042],[70.533633,-116.488268],[70.583894,-116.679128],[70.651455,-116.808886],[70.938192,-116.980084],[71.140875,-117.042888],[71.228123,-117.104659],[71.333376,-117.136708],[71.435546,-117.267828],[71.568168,-117.283662],[71.707196,-117.308948],[71.971833,-117.503089],[72.179507,-117.736137],[72.328466,-117.798976],[72.503996,-117.768984],[73.178512,-117.745382],[73.779912,-117.931511]]}},{"type":"Feature","id":"174-Newwworld","properties":{"roadId":"174-Newwworld","width":97.4,"hidden":false},"geometry":{"type":"LineString","coordinates":[[66.069043,-127.326046],[65.197487,-127.563655],[64.462606,-127.926552],[64.17665,-128.018604],[63.917413,-127.807431],[63.756588,-127.890114],[63.592065,-128.102831]]}},{"type":"Feature","id":"1750-Newwworld","properties":{"roadId":"1750-Newwworld","width":87.9,"hidden":true},"geometry":{"type":"LineString","coordinates":[[58.236829,-99.207888],[58.052428,-99.184251],[57.915275,-99.226795],[57.852531,-99.271135],[57.683121,-99.209555],[57.477947,-99.28847],[57.166296,-99.391952],[56.862667,-99.541683]]}},{"type":"Feature","id":"1751-Newwworld","properties":{"roadId":"1751-Newwworld","width":116.4,"hidden":true},"geometry":{"type":"LineString","coordinates":[[151.559003,-101.865224],[150.22866,-100.208638]]}},{"type":"Feature","id":"1752-Newwworld","properties":{"roadId":"1752-Newwworld","width":87.9,"hidden":true},"geometry":{"type":"LineString","coordinates":[[65.319805,-105.691695],[65.362409,-106.011826],[65.511698,-106.311602]]}},{"type":"Feature","id":"1753-Newwworld","properties":{"roadId":"1753-Newwworld","width":116.4,"hidden":true},"geometry":{"type":"LineString","coordinates":[[151.559003,-101.865224],[151.690419,-102.082638],[151.919986,-102.43934],[152.468277,-103.27048],[152.860952,-101.695762],[152.838826,-100.587633]]}},{"type":"Feature","id":"1754-Newwworld","properties":{"roadId":"1754-Newwworld","width":106.9,"hidden":true},"geometry":{"type":"LineString","coordinates":[[152.838826,-100.587633],[152.253754,-101.316837],[151.821999,-101.651221],[151.559003,-101.865224]]}},{"type":"Feature","id":"1755-Newwworld","properties":{"roadId":"1755-Newwworld","width":87.9,"hidden":true},"geometry":{"type":"LineString","coordinates":[[59.164029,-104.065544],[59.071563,-103.990318],[58.934896,-103.779249],[59.017119,-103.207971],[58.855972,-102.868239],[58.62243,-102.195546],[58.307628,-101.574511],[57.917063,-101.150482],[57.917401,-100.623579],[57.767757,-100.081667]]}},{"type":"Feature","id":"1756-Newwworld","properties":{"roadId":"1756-Newwworld","width":116.4,"hidden":true},"geometry":{"type":"LineString","coordinates":[[150.22866,-100.208638],[149.324508,-99.082749],[148.031136,-96.79341],[147.778583,-96.382132]]}},{"type":"Feature","id":"1757-Newwworld","properties":{"roadId":"1757-Newwworld","width":116.4,"hidden":true},"geometry":{"type":"LineString","coordinates":[[150.22866,-100.208638],[151.386659,-100.349498],[151.888032,-100.294324],[152.838826,-100.587633]]}},{"type":"Feature","id":"1758-Newwworld","properties":{"roadId":"1758-Newwworld","width":87.9,"hidden":true},"geometry":{"type":"LineString","coordinates":[[70.122113,-110.068663],[70.737992,-110.602962],[71.586736,-111.098606],[71.79902,-111.250646]]}},{"type":"Feature","id":"1759-Newwworld","properties":{"roadId":"1759-Newwworld","width":87.9,"hidden":false},"geometry":{"type":"LineString","coordinates":[[78.225014,-98.586367],[79.530799,-98.809658],[80.128935,-99.002705],[82.879448,-99.422551],[83.161089,-99.524825],[83.494103,-99.986224]]}},{"type":"Feature","id":"175-Newwworld","properties":{"roadId":"175-Newwworld","width":110.7,"hidden":true},"geometry":{"type":"LineString","coordinates":[[51.753752,-161.698326],[51.296537,-160.8419]]}},{"type":"Feature","id":"1760-Newwworld","properties":{"roadId":"1760-Newwworld","width":87.9,"hidden":true},"geometry":{"type":"LineString","coordinates":[[70.122113,-110.068663],[70.442314,-109.798818],[71.128514,-109.789296],[71.389183,-109.669452]]}},{"type":"Feature","id":"1761-Newwworld","properties":{"roadId":"1761-Newwworld","width":87.9,"hidden":false},"geometry":{"type":"LineString","coordinates":[[77.722434,-97.950957],[77.831141,-98.290411],[78.225014,-98.586367]]}},{"type":"Feature","id":"1762-Newwworld","properties":{"roadId":"1762-Newwworld","width":87.9,"hidden":true},"geometry":{"type":"LineString","coordinates":[[77.780081,-99.06899],[78.189597,-98.773173],[78.225014,-98.586367]]}},{"type":"Feature","id":"1763-Newwworld","properties":{"roadId":"1763-Newwworld","width":87.9,"hidden":true},"geometry":{"type":"LineString","coordinates":[[77.722434,-97.950957],[77.582173,-98.200897],[77.562641,-98.436905],[77.780081,-99.06899]]}},{"type":"Feature","id":"1764-Newwworld","properties":{"roadId":"1764-Newwworld","width":87.9,"hidden":true},"geometry":{"type":"LineString","coordinates":[[75.080454,-102.125129],[76.057063,-101.638539]]}},{"type":"Feature","id":"1765-Newwworld","properties":{"roadId":"1765-Newwworld","width":87.9,"hidden":true},"geometry":{"type":"LineString","coordinates":[[76.057063,-101.638539],[76.546805,-100.836384],[77.120965,-100.031581],[77.247823,-99.832474]]}},{"type":"Feature","id":"1766-Newwworld","properties":{"roadId":"1766-Newwworld","width":87.9,"hidden":true},"geometry":{"type":"LineString","coordinates":[[75.080454,-102.125129],[76.797509,-102.262057]]}},{"type":"Feature","id":"1767-Newwworld","properties":{"roadId":"1767-Newwworld","width":87.9,"hidden":true},"geometry":{"type":"LineString","coordinates":[[76.797509,-102.262057],[76.057063,-101.638539]]}},{"type":"Feature","id":"1768-Newwworld","properties":{"roadId":"1768-Newwworld","width":87.9,"hidden":false},"geometry":{"type":"LineString","coordinates":[[80.409734,-109.949626],[80.240255,-111.183415],[79.842259,-111.967341],[78.924382,-112.54954],[77.40949,-113.304099]]}},{"type":"Feature","id":"1769-Newwworld","properties":{"roadId":"1769-Newwworld","width":87.9,"hidden":true},"geometry":{"type":"LineString","coordinates":[[76.797509,-102.262057],[77.628848,-102.833126],[78.245378,-104.557828],[78.868132,-105.495332],[79.187248,-106.037669],[79.985905,-107.362057]]}},{"type":"Feature","id":"176-Newwworld","properties":{"roadId":"176-Newwworld","width":110.7,"hidden":true},"geometry":{"type":"LineString","coordinates":[[51.296537,-160.8419],[50.539842,-160.567194],[50.002166,-160.583018],[49.578024,-160.630215],[48.881555,-160.724903],[48.313393,-161.007699],[47.523816,-161.438542],[47.023059,-161.600175],[46.444012,-161.577336],[45.784938,-161.633803]]}},{"type":"Feature","id":"1770-Newwworld","properties":{"roadId":"1770-Newwworld","width":87.9,"hidden":true},"geometry":{"type":"LineString","coordinates":[[79.985905,-107.362057],[80.409734,-109.949626]]}},{"type":"Feature","id":"1771-Newwworld","properties":{"roadId":"1771-Newwworld","width":87.9,"hidden":true},"geometry":{"type":"LineString","coordinates":[[79.985905,-107.362057],[80.626098,-107.266414],[82.163742,-107.897831],[82.631964,-108.310072]]}},{"type":"Feature","id":"1772-Newwworld","properties":{"roadId":"1772-Newwworld","width":87.9,"hidden":true},"geometry":{"type":"LineString","coordinates":[[74.170564,-101.928965],[74.30454,-101.845154],[74.471633,-101.838939],[74.578048,-101.950901],[74.885375,-101.95137],[75.080454,-102.125129]]}},{"type":"Feature","id":"1773-Newwworld","properties":{"roadId":"1773-Newwworld","width":87.9,"hidden":true},"geometry":{"type":"LineString","coordinates":[[72.737912,-102.825106],[73.76459,-102.182907]]}},{"type":"Feature","id":"1774-Newwworld","properties":{"roadId":"1774-Newwworld","width":87.9,"hidden":true},"geometry":{"type":"LineString","coordinates":[[74.170564,-101.928965],[73.768254,-103.001348],[72.737912,-102.825106]]}},{"type":"Feature","id":"1775-Newwworld","properties":{"roadId":"1775-Newwworld","width":87.9,"hidden":true},"geometry":{"type":"LineString","coordinates":[[71.389183,-109.669452],[71.934853,-108.322989],[71.920426,-107.812388],[71.732049,-107.25401],[71.710616,-106.934234],[71.504982,-106.460812]]}},{"type":"Feature","id":"1776-Newwworld","properties":{"roadId":"1776-Newwworld","width":87.9,"hidden":true},"geometry":{"type":"LineString","coordinates":[[71.79902,-111.250646],[73.048269,-112.145398],[74.317865,-113.001902],[75.032251,-113.288813]]}},{"type":"Feature","id":"1777-Newwworld","properties":{"roadId":"1777-Newwworld","width":87.9,"hidden":true},"geometry":{"type":"LineString","coordinates":[[71.389183,-109.669452],[71.79902,-111.250646]]}},{"type":"Feature","id":"1778-Newwworld","properties":{"roadId":"1778-Newwworld","width":87.9,"hidden":true},"geometry":{"type":"LineString","coordinates":[[63.835269,-109.932031],[63.21189,-110.644924]]}},{"type":"Feature","id":"1779-Newwworld","properties":{"roadId":"1779-Newwworld","width":87.9,"hidden":true},"geometry":{"type":"LineString","coordinates":[[63.21189,-110.644924],[63.169962,-111.205386],[63.020222,-111.596906],[62.920344,-111.776308],[62.94675,-111.984642]]}},{"type":"Feature","id":"177-Newwworld","properties":{"roadId":"177-Newwworld","width":110.7,"hidden":true},"geometry":{"type":"LineString","coordinates":[[51.753752,-161.698326],[51.847936,-160.647802]]}},{"type":"Feature","id":"1780-Newwworld","properties":{"roadId":"1780-Newwworld","width":87.9,"hidden":true},"geometry":{"type":"LineString","coordinates":[[63.835269,-109.932031],[63.34584,-109.798966],[62.976793,-109.54808],[62.453892,-109.669339]]}},{"type":"Feature","id":"1781-Newwworld","properties":{"roadId":"1781-Newwworld","width":87.9,"hidden":true},"geometry":{"type":"LineString","coordinates":[[62.453892,-109.669339],[62.758971,-109.906414],[63.21189,-110.644924]]}},{"type":"Feature","id":"1782-Newwworld","properties":{"roadId":"1782-Newwworld","width":101.2,"hidden":true},"geometry":{"type":"LineString","coordinates":[[57.668867,-107.531398],[58.130405,-107.955974],[58.262533,-108.305931],[58.271205,-108.622365],[58.249529,-108.976429],[58.243566,-109.440371],[58.155874,-109.845529],[57.894311,-110.924742],[57.96162,-111.478816]]}},{"type":"Feature","id":"1783-Newwworld","properties":{"roadId":"1783-Newwworld","width":87.9,"hidden":true},"geometry":{"type":"LineString","coordinates":[[62.453892,-109.669339],[62.221209,-109.628367],[61.882033,-109.466422],[61.667197,-109.398236]]}},{"type":"Feature","id":"1784-Newwworld","properties":{"roadId":"1784-Newwworld","width":87.9,"hidden":true},"geometry":{"type":"LineString","coordinates":[[58.639504,-106.402184],[57.973235,-106.995415],[57.8405,-107.377118],[57.668867,-107.531398]]}},{"type":"Feature","id":"1785-Newwworld","properties":{"roadId":"1785-Newwworld","width":101.2,"hidden":true},"geometry":{"type":"LineString","coordinates":[[55.834043,-99.077419],[55.632689,-99.250692],[55.62505,-99.804956],[55.662064,-99.977752]]}},{"type":"Feature","id":"1786-Newwworld","properties":{"roadId":"1786-Newwworld","width":87.9,"hidden":true},"geometry":{"type":"LineString","coordinates":[[58.639504,-106.402184],[58.690711,-105.826157],[58.949531,-105.631834],[59.246616,-104.833255]]}},{"type":"Feature","id":"1787-Newwworld","properties":{"roadId":"1787-Newwworld","width":101.2,"hidden":true},"geometry":{"type":"LineString","coordinates":[[55.662064,-99.977752],[55.228824,-100.199159],[54.223292,-100.491131],[53.577812,-100.968927],[53.316908,-101.378972],[53.030423,-101.416142],[52.936143,-101.472228],[52.606645,-101.47708]]}},{"type":"Feature","id":"1788-Newwworld","properties":{"roadId":"1788-Newwworld","width":87.9,"hidden":true},"geometry":{"type":"LineString","coordinates":[[56.177274,-99.396031],[55.955381,-99.263106],[55.830571,-99.242941],[55.834043,-99.077419]]}},{"type":"Feature","id":"1789-Newwworld","properties":{"roadId":"1789-Newwworld","width":101.2,"hidden":true},"geometry":{"type":"LineString","coordinates":[[55.662064,-99.977752],[55.782472,-100.008429],[56.025476,-99.900061],[56.087586,-99.688324],[56.186588,-99.617907],[56.177274,-99.396031]]}},{"type":"Feature","id":"178-Newwworld","properties":{"roadId":"178-Newwworld","width":110.7,"hidden":true},"geometry":{"type":"LineString","coordinates":[[51.847936,-160.647802],[51.296537,-160.8419]]}},{"type":"Feature","id":"1790-Newwworld","properties":{"roadId":"1790-Newwworld","width":101.2,"hidden":true},"geometry":{"type":"LineString","coordinates":[[52.606645,-101.47708],[52.353511,-101.480804]]}},{"type":"Feature","id":"1791-Newwworld","properties":{"roadId":"1791-Newwworld","width":101.2,"hidden":true},"geometry":{"type":"LineString","coordinates":[[52.443719,-107.739115],[52.662028,-107.859107],[53.594496,-107.722336],[53.882344,-107.786555],[54.236642,-108.084255],[54.626097,-108.088518],[55.100803,-107.870262],[55.243304,-107.867041],[55.368669,-107.918074],[55.654251,-107.891815],[55.957438,-107.719358],[56.160069,-107.647474],[56.417466,-107.431458],[56.656303,-107.270563],[57.155402,-107.289461],[57.668867,-107.531398]]}},{"type":"Feature","id":"1792-Newwworld","properties":{"roadId":"1792-Newwworld","width":101.2,"hidden":true},"geometry":{"type":"LineString","coordinates":[[52.606645,-101.47708],[52.667505,-102.004356],[52.852731,-102.31184],[52.819676,-102.59178],[52.875197,-102.681885],[52.895657,-102.852502],[52.851039,-102.922979],[52.903929,-103.087815],[52.799016,-103.321817],[52.672913,-103.41746],[52.682488,-103.601514],[52.743556,-103.707296],[52.696741,-104.0809],[52.662548,-104.565919],[52.603138,-104.703037],[52.540864,-104.858185],[52.374718,-105.09079],[52.328719,-105.461],[52.288849,-105.619152],[52.246965,-105.706105]]}},{"type":"Feature","id":"1793-Newwworld","properties":{"roadId":"1793-Newwworld","width":101.2,"hidden":true},"geometry":{"type":"LineString","coordinates":[[52.246965,-105.706105],[52.315941,-105.905047],[52.255646,-106.085151],[52.080125,-106.224292],[52.038666,-106.393937],[52.1666,-106.692931],[52.175793,-106.89952],[52.406297,-107.333463],[52.443719,-107.739115]]}},{"type":"Feature","id":"1794-Newwworld","properties":{"roadId":"1794-Newwworld","width":101.2,"hidden":true},"geometry":{"type":"LineString","coordinates":[[46.582892,-105.024202],[47.086635,-105.634777],[47.990475,-106.436489],[48.094963,-107.083219],[48.657908,-107.585139],[49.015982,-107.654228]]}},{"type":"Feature","id":"1795-Newwworld","properties":{"roadId":"1795-Newwworld","width":101.2,"hidden":true},"geometry":{"type":"LineString","coordinates":[[52.246965,-105.706105],[52.128727,-105.62219],[52.007416,-105.631061],[51.780332,-105.798649],[51.134019,-105.735905],[50.949904,-105.648735]]}},{"type":"Feature","id":"1796-Newwworld","properties":{"roadId":"1796-Newwworld","width":101.2,"hidden":true},"geometry":{"type":"LineString","coordinates":[[47.70017,-104.585815],[47.39714,-104.610815],[46.919803,-104.885069],[46.582892,-105.024202]]}},{"type":"Feature","id":"1797-Newwworld","properties":{"roadId":"1797-Newwworld","width":101.2,"hidden":true},"geometry":{"type":"LineString","coordinates":[[47.431454,-103.699492],[46.847641,-103.828737],[45.718341,-103.7126],[44.732383,-103.353614]]}},{"type":"Feature","id":"1798-Newwworld","properties":{"roadId":"1798-Newwworld","width":101.2,"hidden":true},"geometry":{"type":"LineString","coordinates":[[47.70017,-104.585815],[47.480213,-104.143634],[47.431454,-103.699492]]}},{"type":"Feature","id":"1799-Newwworld","properties":{"roadId":"1799-Newwworld","width":101.2,"hidden":true},"geometry":{"type":"LineString","coordinates":[[51.416433,-90.761211],[51.162795,-90.847435],[50.761144,-91.074614],[50.460596,-91.344711]]}},{"type":"Feature","id":"1800-Newww Fixes","properties":{"roadId":"1800-Newww Fixes","width":148.7,"hidden":true},"geometry":{"type":"LineString","coordinates":[[96.892794,-52.976846],[97.535661,-53.011022],[97.71225,-53.317811],[97.908344,-53.467638],[98.295038,-53.458966],[98.689788,-53.462291],[98.871472,-53.465832],[99.109919,-53.379244],[99.318931,-53.523046],[99.447707,-53.778993],[99.902179,-53.701666],[100.05843,-53.743976],[100.321833,-53.891407],[100.821826,-53.676198],[101.276845,-53.794618],[101.850762,-53.638116],[101.992551,-53.583498],[102.080468,-53.45716],[102.221371,-53.273262],[102.530053,-53.28321],[102.825427,-53.198002],[103.129464,-53.212489],[103.228006,-53.148479],[103.188657,-52.928565],[103.304465,-52.858061],[103.557148,-52.993018]]}},{"type":"Feature","id":"1800-Newwworld","properties":{"roadId":"1800-Newwworld","width":101.2,"hidden":true},"geometry":{"type":"LineString","coordinates":[[50.460596,-91.344711],[49.91747,-91.62209],[49.55555,-92.040156],[49.240436,-92.548005],[49.052145,-92.649281],[48.94823,-92.674481],[48.881355,-92.978102],[48.831155,-93.12522],[48.836016,-93.283042],[48.742943,-93.423181],[48.599331,-93.427513],[48.416675,-93.547296],[48.159087,-93.661611],[47.823001,-93.690865],[47.404414,-93.682627],[47.145481,-93.765917]]}},{"type":"Feature","id":"1801-Newww Fixes","properties":{"roadId":"1801-Newww Fixes","width":148.7,"hidden":true},"geometry":{"type":"LineString","coordinates":[[103.557148,-52.993018],[103.724171,-52.997558],[103.845491,-53.000848],[103.872713,-53.211552]]}},{"type":"Feature","id":"1801-Newwworld","properties":{"roadId":"1801-Newwworld","width":101.2,"hidden":true},"geometry":{"type":"LineString","coordinates":[[51.416433,-90.761211],[50.697663,-90.019194],[50.311039,-90.024446]]}},{"type":"Feature","id":"1802-Newww Fixes","properties":{"roadId":"1802-Newww Fixes","width":148.7,"hidden":true},"geometry":{"type":"LineString","coordinates":[[104.945043,-50.130699],[105.331842,-50.45768],[105.536964,-50.908289],[105.81588,-51.087118],[105.765636,-51.205017],[105.461729,-51.218915],[105.263534,-51.621034],[105.32356,-51.816443],[105.407076,-52.190542],[105.391199,-52.3372],[105.371989,-52.514735],[105.197492,-52.62181]]}},{"type":"Feature","id":"1802-Newwworld","properties":{"roadId":"1802-Newwworld","width":101.2,"hidden":true},"geometry":{"type":"LineString","coordinates":[[50.311039,-90.024446],[50.460596,-91.344711]]}},{"type":"Feature","id":"1803-Newwworld","properties":{"roadId":"1803-Newwworld","width":101.2,"hidden":true},"geometry":{"type":"LineString","coordinates":[[45.313956,-93.011878],[44.858503,-92.923883],[44.441244,-92.695149],[43.327786,-92.67896],[42.75103,-92.435938],[42.213268,-92.369853],[41.881175,-92.220504],[41.269341,-91.685311],[40.75769,-91.241594],[40.253869,-90.747287],[39.820795,-90.405688],[39.347356,-90.223223],[39.074264,-89.995748]]}},{"type":"Feature","id":"1804-Newww Fixes","properties":{"roadId":"1804-Newww Fixes","width":89.8,"hidden":true},"geometry":{"type":"LineString","coordinates":[[190.103049,-86.37117],[189.19361,-85.883894],[188.704095,-85.836107],[188.393295,-85.287416],[188.124805,-84.983439],[187.886253,-84.946607],[187.705324,-84.424844],[187.118421,-83.748886]]}},{"type":"Feature","id":"1804-Newwworld","properties":{"roadId":"1804-Newwworld","width":101.2,"hidden":true},"geometry":{"type":"LineString","coordinates":[[50.311039,-90.024446],[49.992149,-89.643238],[50.114293,-89.109747],[50.338278,-88.784225],[50.023737,-88.81274],[49.900812,-88.796204],[49.728988,-88.890249],[49.363397,-89.185268],[49.243162,-89.175285],[49.060774,-89.36111],[48.685764,-89.744306],[48.159156,-89.441466],[47.528694,-89.909732],[46.904873,-90.178952],[46.346833,-89.966894],[46.098663,-90.016738],[45.806102,-90.105089]]}},{"type":"Feature","id":"1805-Newww Fixes","properties":{"roadId":"1805-Newww Fixes","width":89.8,"hidden":true},"geometry":{"type":"LineString","coordinates":[[190.103049,-86.37117],[189.395538,-86.570389],[188.369727,-86.405831],[188.120725,-86.665728],[187.935333,-86.715155],[187.816071,-86.776093]]}},{"type":"Feature","id":"1805-Newwworld","properties":{"roadId":"1805-Newwworld","width":101.2,"hidden":true},"geometry":{"type":"LineString","coordinates":[[45.806102,-90.105089],[45.433592,-90.436209],[45.49183,-90.671358],[45.35551,-92.408482],[45.313956,-93.011878]]}},{"type":"Feature","id":"1806-Newww Fixes","properties":{"roadId":"1806-Newww Fixes","width":84.1,"hidden":true},"geometry":{"type":"LineString","coordinates":[[187.816071,-86.776093],[187.588232,-86.563861],[187.42962,-86.486491],[187.155565,-85.637634],[187.081555,-85.311765],[187.240644,-85.06238],[187.221928,-84.477344],[187.140999,-83.992594],[187.118421,-83.748886]]}},{"type":"Feature","id":"1806-Newwworld","properties":{"roadId":"1806-Newwworld","width":101.2,"hidden":true},"geometry":{"type":"LineString","coordinates":[[44.239056,-87.625471],[43.232048,-87.850602],[42.072712,-87.778015],[41.223369,-87.968224],[40.777569,-87.949639],[39.873573,-88.180368],[39.269751,-88.516429],[38.727996,-88.591168]]}},{"type":"Feature","id":"1807-Newww Fixes","properties":{"roadId":"1807-Newww Fixes","width":80.0,"hidden":true},"geometry":{"type":"LineString","coordinates":[[186.001915,-88.45372],[185.730109,-88.218389],[185.487843,-88.038727],[185.409101,-87.85081],[185.189135,-87.553049],[185.052164,-87.505948],[184.922077,-87.386581],[184.766946,-87.168638],[184.705288,-86.98789],[184.633022,-86.599729],[184.308915,-86.145396],[184.057872,-85.947331]]}},{"type":"Feature","id":"1807-Newwworld","properties":{"roadId":"1807-Newwworld","width":101.2,"hidden":true},"geometry":{"type":"LineString","coordinates":[[45.806102,-90.105089],[45.63736,-89.667483],[45.240596,-89.049703],[44.934944,-88.76853],[44.889024,-88.515231],[44.239056,-87.625471]]}},{"type":"Feature","id":"1808-Newww Fixes","properties":{"roadId":"1808-Newww Fixes","width":106.9,"hidden":true},"geometry":{"type":"LineString","coordinates":[[187.255852,-88.126879],[186.975139,-88.514345],[186.56835,-89.117125],[186.50966,-89.368246],[186.352793,-89.676502]]}},{"type":"Feature","id":"1808-Newwworld","properties":{"roadId":"1808-Newwworld","width":101.2,"hidden":true},"geometry":{"type":"LineString","coordinates":[[53.036664,-91.936466],[52.963313,-91.645276],[53.146847,-91.126898],[53.869853,-90.639622],[54.348127,-90.490185],[54.406521,-90.327433],[54.507876,-90.044941],[54.690741,-89.877214],[54.925186,-89.965713],[55.036576,-89.839714],[55.33386,-89.905982],[56.09368,-90.169151],[56.177682,-90.08896]]}},{"type":"Feature","id":"1809-Newww Fixes","properties":{"roadId":"1809-Newww Fixes","width":80.0,"hidden":true},"geometry":{"type":"LineString","coordinates":[[186.001915,-88.45372],[187.255852,-88.126879]]}},{"type":"Feature","id":"1809-Newwworld","properties":{"roadId":"1809-Newwworld","width":87.9,"hidden":true},"geometry":{"type":"LineString","coordinates":[[69.087708,-96.370518],[68.888185,-96.585631],[68.339945,-96.983419],[67.838459,-97.146336],[67.401426,-97.244358]]}},{"type":"Feature","id":"1810-Newww Fixes","properties":{"roadId":"1810-Newww Fixes","width":80.0,"hidden":true},"geometry":{"type":"LineString","coordinates":[[182.472572,-84.896937],[182.103447,-84.566797],[182.135644,-84.085329],[182.160921,-83.905528],[182.274411,-83.098112]]}},{"type":"Feature","id":"1810-Newwworld","properties":{"roadId":"1810-Newwworld","width":87.9,"hidden":true},"geometry":{"type":"LineString","coordinates":[[56.862667,-99.541683],[56.177274,-99.396031]]}},{"type":"Feature","id":"1811-Newww Fixes","properties":{"roadId":"1811-Newww Fixes","width":106.9,"hidden":true},"geometry":{"type":"LineString","coordinates":[[172.422234,-86.633514],[171.481562,-86.226907],[170.446854,-86.209468],[170.007721,-86.607065]]}},{"type":"Feature","id":"1811-Newwworld","properties":{"roadId":"1811-Newwworld","width":87.9,"hidden":true},"geometry":{"type":"LineString","coordinates":[[69.087708,-96.370518],[68.319147,-96.188633],[68.016333,-95.843815]]}},{"type":"Feature","id":"1812-Newww Fixes","properties":{"roadId":"1812-Newww Fixes","width":80.0,"hidden":true},"geometry":{"type":"LineString","coordinates":[[182.472572,-84.896937],[182.068169,-85.524934],[181.528654,-85.883399],[181.276335,-86.207923],[180.222104,-86.367124],[179.63672,-86.30676],[179.083168,-86.347281],[178.787846,-86.478279],[177.79799,-86.087948],[177.270341,-85.889501]]}},{"type":"Feature","id":"1812-Newwworld","properties":{"roadId":"1812-Newwworld","width":87.9,"hidden":true},"geometry":{"type":"LineString","coordinates":[[57.767757,-100.081667],[57.652687,-99.941962],[57.483702,-99.894254],[57.388432,-99.831797],[57.206809,-99.767309],[57.133692,-99.716441],[57.119412,-99.669609],[56.862667,-99.541683]]}},{"type":"Feature","id":"1813-Newww Fixes","properties":{"roadId":"1813-Newww Fixes","width":80.0,"hidden":true},"geometry":{"type":"LineString","coordinates":[[173.97842,-86.973524],[173.632577,-86.756275],[173.488288,-86.527177],[173.064372,-86.437168],[172.422234,-86.633514]]}},{"type":"Feature","id":"1813-Newwworld","properties":{"roadId":"1813-Newwworld","width":87.9,"hidden":true},"geometry":{"type":"LineString","coordinates":[[58.236829,-99.207888],[58.296778,-99.480737],[58.392229,-99.673333],[58.312489,-99.883516],[58.024841,-99.995139],[57.767757,-100.081667]]}},{"type":"Feature","id":"1814-Newww Fixes","properties":{"roadId":"1814-Newww Fixes","width":106.9,"hidden":true},"geometry":{"type":"LineString","coordinates":[[173.253912,-87.402979],[172.422234,-86.633514]]}},{"type":"Feature","id":"1814-Newwworld","properties":{"roadId":"1814-Newwworld","width":87.9,"hidden":true},"geometry":{"type":"LineString","coordinates":[[61.394062,-96.17181],[61.294366,-96.323582],[61.108454,-96.459025],[60.828244,-97.053966],[60.725006,-97.20184]]}},{"type":"Feature","id":"1815-Newww Fixes","properties":{"roadId":"1815-Newww Fixes","width":80.0,"hidden":true},"geometry":{"type":"LineString","coordinates":[[173.97842,-86.973524],[173.75328,-87.183542],[173.500745,-87.202414],[173.444581,-87.230261],[173.302662,-87.163099],[173.253912,-87.402979]]}},{"type":"Feature","id":"1815-Newwworld","properties":{"roadId":"1815-Newwworld","width":101.2,"hidden":true},"geometry":{"type":"LineString","coordinates":[[56.538716,-94.35907],[56.318151,-94.253731],[56.153072,-94.372438],[55.967881,-94.226517]]}},{"type":"Feature","id":"1816-Newww Fixes","properties":{"roadId":"1816-Newww Fixes","width":106.9,"hidden":true},"geometry":{"type":"LineString","coordinates":[[174.620332,-89.494922],[174.54139,-89.236162],[174.116832,-89.07479],[173.580979,-88.543009],[173.253912,-87.402979]]}},{"type":"Feature","id":"1816-Newwworld","properties":{"roadId":"1816-Newwworld","width":87.9,"hidden":true},"geometry":{"type":"LineString","coordinates":[[61.394062,-96.17181],[61.201831,-95.616548],[60.969573,-95.463917],[60.776769,-95.120366],[60.683209,-94.921537]]}},{"type":"Feature","id":"1817-Newww Fixes","properties":{"roadId":"1817-Newww Fixes","width":80.0,"hidden":true},"geometry":{"type":"LineString","coordinates":[[175.04022,-87.413291],[174.328299,-86.965798],[173.97842,-86.973524]]}},{"type":"Feature","id":"1817-Newwworld","properties":{"roadId":"1817-Newwworld","width":87.9,"hidden":true},"geometry":{"type":"LineString","coordinates":[[57.640534,-93.600751],[57.502348,-93.860388],[57.41154,-94.019711],[57.373936,-94.097385],[57.312686,-94.11334],[57.142772,-94.156786],[56.9462,-94.130007],[56.792597,-94.140823],[56.673743,-94.17275],[56.538716,-94.35907]]}},{"type":"Feature","id":"1818-Newww Fixes","properties":{"roadId":"1818-Newww Fixes","width":106.9,"hidden":true},"geometry":{"type":"LineString","coordinates":[[174.620332,-89.494922],[174.877069,-89.37559],[174.984248,-89.180702]]}},{"type":"Feature","id":"1818-Newwworld","properties":{"roadId":"1818-Newwworld","width":101.2,"hidden":true},"geometry":{"type":"LineString","coordinates":[[56.177682,-90.08896],[56.581806,-89.703143]]}},{"type":"Feature","id":"1819-Newww Fixes","properties":{"roadId":"1819-Newww Fixes","width":106.9,"hidden":true},"geometry":{"type":"LineString","coordinates":[[174.984248,-89.180702],[174.926444,-88.803999],[175.018658,-88.633721],[175.172026,-87.844369],[175.04022,-87.413291]]}},{"type":"Feature","id":"1819-Newwworld","properties":{"roadId":"1819-Newwworld","width":87.9,"hidden":true},"geometry":{"type":"LineString","coordinates":[[57.640534,-93.600751],[57.54964,-93.385143],[57.524475,-93.124647],[57.610404,-92.80403]]}},{"type":"Feature","id":"1820-Newww Fixes","properties":{"roadId":"1820-Newww Fixes","width":106.9,"hidden":true},"geometry":{"type":"LineString","coordinates":[[180.890223,-94.572057],[180.426853,-94.434713],[180.052338,-94.329226]]}},{"type":"Feature","id":"1820-Newwworld","properties":{"roadId":"1820-Newwworld","width":87.9,"hidden":true},"geometry":{"type":"LineString","coordinates":[[56.538534,-90.304369],[56.177682,-90.08896]]}},{"type":"Feature","id":"1821-Newww Fixes","properties":{"roadId":"1821-Newww Fixes","width":106.9,"hidden":true},"geometry":{"type":"LineString","coordinates":[[174.984248,-89.180702],[175.501307,-89.680417],[175.893296,-89.790296],[176.292308,-90.382459],[177.144724,-90.938286],[177.609535,-91.224285],[177.814709,-91.609521],[177.832591,-92.162266],[178.413834,-92.693387],[178.653288,-92.810184],[179.041666,-92.7812],[179.398438,-92.782346],[179.58073,-92.871331],[179.855766,-93.214682],[180.259544,-93.523546],[180.426315,-93.800813]]}},{"type":"Feature","id":"1821-Newwworld","properties":{"roadId":"1821-Newwworld","width":101.2,"hidden":true},"geometry":{"type":"LineString","coordinates":[[56.581806,-89.703143],[57.008405,-89.295876],[57.423493,-89.05064],[57.762843,-88.835232],[58.108938,-88.621768]]}},{"type":"Feature","id":"1822-Newww Fixes","properties":{"roadId":"1822-Newww Fixes","width":106.9,"hidden":true},"geometry":{"type":"LineString","coordinates":[[180.052338,-94.329226],[179.922372,-94.597135],[179.562041,-94.652804],[179.448803,-94.524661],[179.131779,-94.551588],[178.8671,-94.744097]]}},{"type":"Feature","id":"1822-Newwworld","properties":{"roadId":"1822-Newwworld","width":87.9,"hidden":true},"geometry":{"type":"LineString","coordinates":[[56.538534,-90.304369],[56.581806,-89.703143]]}},{"type":"Feature","id":"1823-Newww Fixes","properties":{"roadId":"1823-Newww Fixes","width":106.9,"hidden":true},"geometry":{"type":"LineString","coordinates":[[180.426315,-93.800813],[180.890223,-94.572057]]}},{"type":"Feature","id":"1823-Newwworld","properties":{"roadId":"1823-Newwworld","width":87.9,"hidden":true},"geometry":{"type":"LineString","coordinates":[[57.559761,-92.31336],[57.475256,-92.079045],[57.44062,-92.051701]]}},{"type":"Feature","id":"1824-Newww Fixes","properties":{"roadId":"1824-Newww Fixes","width":106.9,"hidden":true},"geometry":{"type":"LineString","coordinates":[[180.052338,-94.329226],[180.426315,-93.800813]]}},{"type":"Feature","id":"1824-Newwworld","properties":{"roadId":"1824-Newwworld","width":87.9,"hidden":true},"geometry":{"type":"LineString","coordinates":[[58.60374,-93.332521],[58.566952,-93.33674],[58.070909,-93.537626]]}},{"type":"Feature","id":"1825-Newww Fixes","properties":{"roadId":"1825-Newww Fixes","width":106.9,"hidden":true},"geometry":{"type":"LineString","coordinates":[[181.783186,-94.547769],[181.072263,-94.746363]]}},{"type":"Feature","id":"1825-Newwworld","properties":{"roadId":"1825-Newwworld","width":87.9,"hidden":true},"geometry":{"type":"LineString","coordinates":[[57.559761,-92.31336],[57.946846,-92.350843],[58.006594,-92.389471],[58.503219,-92.438655],[58.622195,-92.522718]]}},{"type":"Feature","id":"1826-Newww Fixes","properties":{"roadId":"1826-Newww Fixes","width":105.0,"hidden":true},"geometry":{"type":"LineString","coordinates":[[184.339123,-97.089791],[184.723586,-97.304566],[184.90962,-97.31309],[184.96225,-97.37086],[184.940141,-97.495522],[185.056096,-97.623005],[185.670013,-98.053449],[186.534843,-98.450403],[186.729583,-98.699467],[187.183569,-98.780864],[187.40455,-99.017133],[188.019778,-99.403584],[188.418339,-99.977596],[189.531606,-101.047964],[189.630521,-101.447575],[190.017103,-101.802706],[190.838295,-102.220807],[191.370857,-102.989533],[191.631804,-103.673971],[192.200035,-104.041907],[192.739022,-104.487481],[193.005212,-104.700824],[193.348512,-104.945],[193.38188,-105.235114]]}},{"type":"Feature","id":"1826-Newwworld","properties":{"roadId":"1826-Newwworld","width":87.9,"hidden":true},"geometry":{"type":"LineString","coordinates":[[58.622195,-92.522718],[58.567022,-93.04542],[58.60374,-93.332521]]}},{"type":"Feature","id":"1827-Newww Fixes","properties":{"roadId":"1827-Newww Fixes","width":106.9,"hidden":true},"geometry":{"type":"LineString","coordinates":[[181.783186,-94.547769],[182.647876,-95.609708],[182.959744,-96.520319],[184.339123,-97.089791]]}},{"type":"Feature","id":"1827-Newwworld","properties":{"roadId":"1827-Newwworld","width":87.9,"hidden":true},"geometry":{"type":"LineString","coordinates":[[62.415029,-95.010478],[62.260741,-95.390801]]}},{"type":"Feature","id":"1828-Newwworld","properties":{"roadId":"1828-Newwworld","width":87.9,"hidden":true},"geometry":{"type":"LineString","coordinates":[[58.622195,-92.522718],[58.954262,-92.275842],[59.209194,-92.32915],[59.450089,-92.258828],[59.680263,-92.274384],[60.067712,-92.246598],[60.302895,-92.033628],[60.530882,-92.037369],[60.747289,-91.898784],[60.934061,-91.546118],[61.161779,-91.489668],[61.264392,-91.516118],[61.411962,-91.601439],[61.477023,-91.717351],[61.470191,-91.92552],[61.360338,-92.217292],[61.245355,-92.317692],[61.197056,-92.447336],[61.226015,-92.70534],[61.14835,-92.917772],[61.174652,-93.314917],[61.252178,-93.326402],[61.317126,-93.075515],[61.412144,-93.016817],[61.498429,-93.034743],[61.920705,-93.553121]]}},{"type":"Feature","id":"1829-Newww Fixes","properties":{"roadId":"1829-Newww Fixes","width":116.4,"hidden":true},"geometry":{"type":"LineString","coordinates":[[173.479382,-100.049133],[173.110075,-100.526973]]}},{"type":"Feature","id":"1829-Newwworld","properties":{"roadId":"1829-Newwworld","width":87.9,"hidden":true},"geometry":{"type":"LineString","coordinates":[[58.316769,-99.056082],[58.236829,-99.207888]]}},{"type":"Feature","id":"182-Newwworld","properties":{"roadId":"182-Newwworld","width":106.9,"hidden":false},"geometry":{"type":"LineString","coordinates":[[76.891051,-144.833946],[77.170661,-145.110336],[77.527034,-145.20676],[77.599178,-145.348609],[77.376547,-145.486691],[76.916754,-145.823073],[77.002197,-145.971328],[77.454178,-146.15415],[77.578484,-146.253881],[77.791279,-146.562554],[78.110803,-146.56258],[78.112973,-146.690306],[77.887903,-146.766973],[77.872521,-147.109692],[77.963086,-147.20293],[77.96404,-147.42747],[78.03128,-147.648912],[77.976523,-148.246744],[78.077582,-148.565825],[78.641152,-148.959967],[78.81775,-149.044195],[78.951535,-149.327451],[79.402552,-149.465029],[79.908491,-149.367859],[80.218987,-149.357251],[80.651333,-149.504127],[81.210544,-150.080205]]}},{"type":"Feature","id":"1830-Newwworld","properties":{"roadId":"1830-Newwworld","width":87.9,"hidden":true},"geometry":{"type":"LineString","coordinates":[[58.070909,-93.537626],[57.640534,-93.600751]]}},{"type":"Feature","id":"1831-Newwworld","properties":{"roadId":"1831-Newwworld","width":87.9,"hidden":true},"geometry":{"type":"LineString","coordinates":[[58.316769,-99.056082],[58.132263,-98.31917],[58.14307,-97.798743],[58.295562,-97.562171],[58.10735,-97.180547],[58.036759,-96.82367]]}},{"type":"Feature","id":"1832-Newww Fixes","properties":{"roadId":"1832-Newww Fixes","width":116.4,"hidden":true},"geometry":{"type":"LineString","coordinates":[[173.110075,-100.526973],[173.047115,-100.096147],[173.479382,-100.049133]]}},{"type":"Feature","id":"1832-Newwworld","properties":{"roadId":"1832-Newwworld","width":101.2,"hidden":true},"geometry":{"type":"LineString","coordinates":[[55.804113,-93.861351],[55.849573,-93.936699],[55.889538,-94.034607],[55.967881,-94.226517]]}},{"type":"Feature","id":"1833-Newwworld","properties":{"roadId":"1833-Newwworld","width":101.2,"hidden":true},"geometry":{"type":"LineString","coordinates":[[55.11734,-93.527557],[55.498096,-93.583512],[55.804113,-93.861351]]}},{"type":"Feature","id":"1834-Newww Fixes","properties":{"roadId":"1834-Newww Fixes","width":116.4,"hidden":true},"geometry":{"type":"LineString","coordinates":[[161.051032,-104.389269],[161.692336,-104.573106],[162.620334,-104.813229],[163.63164,-105.116789],[166.022299,-106.607888],[168.281387,-107.180181]]}},{"type":"Feature","id":"1834-Newwworld","properties":{"roadId":"1834-Newwworld","width":101.2,"hidden":true},"geometry":{"type":"LineString","coordinates":[[55.804113,-93.861351],[55.968089,-93.203241]]}},{"type":"Feature","id":"1835-Newww Fixes","properties":{"roadId":"1835-Newww Fixes","width":116.4,"hidden":true},"geometry":{"type":"LineString","coordinates":[[168.281387,-107.180181],[169.582563,-107.060979],[170.277626,-106.896795],[170.458599,-106.283711],[170.502002,-105.739126],[171.148289,-104.979245],[171.372855,-104.761996],[171.482378,-104.364416],[172.071495,-103.424135],[172.178223,-102.821373],[172.59384,-101.694433],[173.078243,-100.568162],[173.110075,-100.526973]]}},{"type":"Feature","id":"1835-Newwworld","properties":{"roadId":"1835-Newwworld","width":101.2,"hidden":true},"geometry":{"type":"LineString","coordinates":[[55.968089,-93.203241],[55.59932,-93.285351],[55.11734,-93.527557]]}},{"type":"Feature","id":"1836-Newww Fixes","properties":{"roadId":"1836-Newww Fixes","width":106.9,"hidden":true},"geometry":{"type":"LineString","coordinates":[[177.305645,-94.220502],[177.320523,-94.094798],[177.339499,-93.780952]]}},{"type":"Feature","id":"1836-Newwworld","properties":{"roadId":"1836-Newwworld","width":87.9,"hidden":true},"geometry":{"type":"LineString","coordinates":[[57.44062,-92.051701],[57.29358,-91.935581],[57.125671,-91.683774],[56.899768,-91.614486],[56.730592,-91.344858],[56.633985,-90.738702],[56.538534,-90.304369]]}},{"type":"Feature","id":"1837-Newww Fixes","properties":{"roadId":"1837-Newww Fixes","width":106.9,"hidden":true},"geometry":{"type":"LineString","coordinates":[[176.947918,-93.888495],[177.305645,-94.220502]]}},{"type":"Feature","id":"1837-Newwworld","properties":{"roadId":"1837-Newwworld","width":101.2,"hidden":true},"geometry":{"type":"LineString","coordinates":[[55.968089,-93.203241],[56.202769,-93.004543],[56.466572,-92.960185],[56.583898,-92.880011],[56.758222,-92.730879],[57.161826,-92.550019]]}},{"type":"Feature","id":"1838-Newww Fixes","properties":{"roadId":"1838-Newww Fixes","width":106.9,"hidden":true},"geometry":{"type":"LineString","coordinates":[[177.339499,-93.780952],[177.362025,-93.408563],[177.117285,-92.945272],[176.743889,-92.411867],[176.158479,-92.126797],[176.02446,-91.707212],[175.7761,-91.390232],[175.130116,-91.456395]]}},{"type":"Feature","id":"1838-Newwworld","properties":{"roadId":"1838-Newwworld","width":101.2,"hidden":true},"geometry":{"type":"LineString","coordinates":[[57.161826,-92.550019],[57.44062,-92.051701]]}},{"type":"Feature","id":"1839-Newww Fixes","properties":{"roadId":"1839-Newww Fixes","width":106.9,"hidden":true},"geometry":{"type":"LineString","coordinates":[[176.947918,-93.888495],[177.339499,-93.780952]]}},{"type":"Feature","id":"1839-Newwworld","properties":{"roadId":"1839-Newwworld","width":87.9,"hidden":true},"geometry":{"type":"LineString","coordinates":[[57.610404,-92.80403],[57.58444,-92.38178],[57.559761,-92.31336]]}},{"type":"Feature","id":"1840-Newww Fixes","properties":{"roadId":"1840-Newww Fixes","width":106.9,"hidden":true},"geometry":{"type":"LineString","coordinates":[[175.130116,-91.456395],[175.129951,-91.453253],[174.852806,-90.950222],[174.345609,-90.406305],[174.217761,-90.16133]]}},{"type":"Feature","id":"1840-Newwworld","properties":{"roadId":"1840-Newwworld","width":101.2,"hidden":true},"geometry":{"type":"LineString","coordinates":[[57.161826,-92.550019],[57.610404,-92.80403]]}},{"type":"Feature","id":"1841-Newww Fixes","properties":{"roadId":"1841-Newww Fixes","width":106.9,"hidden":true},"geometry":{"type":"LineString","coordinates":[[174.131033,-93.221323],[173.663002,-93.166054],[173.033963,-92.939247],[172.922383,-92.660314],[172.932774,-92.429706],[172.737252,-92.266988],[172.50193,-92.185946],[172.374369,-92.052196],[172.37805,-91.941119],[172.339334,-91.871588],[172.334977,-91.768931],[172.293857,-91.617073]]}},{"type":"Feature","id":"1841-Newwworld","properties":{"roadId":"1841-Newwworld","width":87.9,"hidden":true},"geometry":{"type":"LineString","coordinates":[[58.223314,-96.177054],[58.222897,-96.11352],[58.221144,-95.849995],[58.436318,-95.557746]]}},{"type":"Feature","id":"1842-Newww Fixes","properties":{"roadId":"1842-Newww Fixes","width":106.9,"hidden":true},"geometry":{"type":"LineString","coordinates":[[175.130116,-91.456395],[174.961913,-91.692438],[174.986904,-92.276962],[174.678778,-92.903996],[174.131033,-93.221323]]}},{"type":"Feature","id":"1842-Newwworld","properties":{"roadId":"1842-Newwworld","width":87.9,"hidden":true},"geometry":{"type":"LineString","coordinates":[[58.436318,-95.557746],[58.550068,-95.403249],[58.541605,-95.21613],[58.5846,-94.566501],[58.549313,-94.499504],[58.467516,-94.462082],[58.442985,-94.385164],[58.462681,-94.268314],[58.429738,-94.127029],[58.267698,-93.847818],[58.070909,-93.537626]]}},{"type":"Feature","id":"1843-Newww Fixes","properties":{"roadId":"1843-Newww Fixes","width":84.1,"hidden":true},"geometry":{"type":"LineString","coordinates":[[184.24092,-84.043749],[183.876031,-84.021483],[183.672064,-84.100476]]}},{"type":"Feature","id":"1843-Newwworld","properties":{"roadId":"1843-Newwworld","width":87.9,"hidden":true},"geometry":{"type":"LineString","coordinates":[[58.223314,-96.177054],[58.628393,-96.022774]]}},{"type":"Feature","id":"1844-Newww Fixes","properties":{"roadId":"1844-Newww Fixes","width":84.1,"hidden":true},"geometry":{"type":"LineString","coordinates":[[185.831047,-84.025919],[185.361445,-84.229721],[185.031791,-84.717405]]}},{"type":"Feature","id":"1844-Newwworld","properties":{"roadId":"1844-Newwworld","width":87.9,"hidden":true},"geometry":{"type":"LineString","coordinates":[[58.628393,-96.022774],[58.436318,-95.557746]]}},{"type":"Feature","id":"1845-Newww Fixes","properties":{"roadId":"1845-Newww Fixes","width":84.1,"hidden":true},"geometry":{"type":"LineString","coordinates":[[184.24092,-84.043749],[185.341384,-83.773166]]}},{"type":"Feature","id":"1845-Newwworld","properties":{"roadId":"1845-Newwworld","width":87.9,"hidden":true},"geometry":{"type":"LineString","coordinates":[[60.725006,-97.20184],[60.704494,-97.482475],[60.438686,-97.606954],[60.254093,-97.754585],[60.045021,-98.113631],[59.63456,-98.142425],[59.085044,-98.456731],[58.316769,-99.056082]]}},{"type":"Feature","id":"1846-Newww Fixes","properties":{"roadId":"1846-Newww Fixes","width":84.1,"hidden":true},"geometry":{"type":"LineString","coordinates":[[185.341384,-83.773166],[185.831047,-84.025919]]}},{"type":"Feature","id":"1846-Newwworld","properties":{"roadId":"1846-Newwworld","width":87.9,"hidden":true},"geometry":{"type":"LineString","coordinates":[[58.628393,-96.022774],[59.318109,-96.234484],[59.472016,-96.333851],[59.624568,-96.339641],[59.772564,-96.300613],[59.957399,-96.331967]]}},{"type":"Feature","id":"1847-Newww Fixes","properties":{"roadId":"1847-Newww Fixes","width":110.7,"hidden":true},"geometry":{"type":"LineString","coordinates":[[185.030818,-80.827409],[184.528395,-80.993018],[183.476846,-81.378132],[182.832035,-81.911736],[182.729769,-81.906727],[182.322476,-81.886779]]}},{"type":"Feature","id":"1847-Newwworld","properties":{"roadId":"1847-Newwworld","width":87.9,"hidden":true},"geometry":{"type":"LineString","coordinates":[[59.957399,-96.331967],[60.379215,-96.403539]]}},{"type":"Feature","id":"1848-Newww Fixes","properties":{"roadId":"1848-Newww Fixes","width":84.1,"hidden":true},"geometry":{"type":"LineString","coordinates":[[185.341384,-83.773166],[185.512947,-82.34606],[185.775022,-81.932873],[185.563381,-81.245076]]}},{"type":"Feature","id":"1848-Newwworld","properties":{"roadId":"1848-Newwworld","width":87.9,"hidden":true},"geometry":{"type":"LineString","coordinates":[[60.379215,-96.403539],[60.725006,-97.20184]]}},{"type":"Feature","id":"1849-Newww Fixes","properties":{"roadId":"1849-Newww Fixes","width":84.1,"hidden":true},"geometry":{"type":"LineString","coordinates":[[185.563381,-81.245076],[185.030818,-80.827409]]}},{"type":"Feature","id":"1849-Newwworld","properties":{"roadId":"1849-Newwworld","width":87.9,"hidden":true},"geometry":{"type":"LineString","coordinates":[[59.957399,-96.331967],[60.242461,-96.101237]]}},{"type":"Feature","id":"184-Newwworld","properties":{"roadId":"184-Newwworld","width":68.9,"hidden":false},"geometry":{"type":"LineString","coordinates":[[72.316938,-143.372405],[73.059857,-143.992077],[74.331476,-144.288354],[75.286488,-144.676454],[76.340259,-144.827106],[76.479747,-144.792314],[76.891051,-144.833946]]}},{"type":"Feature","id":"1850-Newww Fixes","properties":{"roadId":"1850-Newww Fixes","width":110.7,"hidden":true},"geometry":{"type":"LineString","coordinates":[[185.716289,-80.484743],[185.030818,-80.827409]]}},{"type":"Feature","id":"1850-Newwworld","properties":{"roadId":"1850-Newwworld","width":87.9,"hidden":true},"geometry":{"type":"LineString","coordinates":[[60.242461,-96.101237],[60.379215,-96.403539]]}},{"type":"Feature","id":"1851-Newww Fixes","properties":{"roadId":"1851-Newww Fixes","width":84.1,"hidden":true},"geometry":{"type":"LineString","coordinates":[[185.563381,-81.245076],[185.716289,-80.484743]]}},{"type":"Feature","id":"1851-Newwworld","properties":{"roadId":"1851-Newwworld","width":87.9,"hidden":true},"geometry":{"type":"LineString","coordinates":[[60.683209,-94.921537],[60.409753,-94.340441],[60.366351,-94.111934],[60.247183,-93.982445],[59.736947,-93.666802],[59.681548,-93.58102],[59.446339,-93.607488],[59.346877,-93.405699],[59.249133,-93.360968],[58.871467,-93.301783],[58.60374,-93.332521]]}},{"type":"Feature","id":"1852-Newww Fixes","properties":{"roadId":"1852-Newww Fixes","width":110.7,"hidden":true},"geometry":{"type":"LineString","coordinates":[[186.948516,-79.022317],[186.935443,-78.643774],[187.024584,-77.499291],[187.207371,-76.354912],[187.187006,-76.062497],[187.53199,-75.880934],[187.589846,-75.556688],[187.348161,-74.908179],[187.428952,-74.577926],[187.751401,-74.060581],[188.115516,-73.4309],[188.127999,-72.897791],[187.795672,-72.220262],[187.886071,-71.81783],[188.557974,-70.953947],[188.850302,-70.009934],[189.303671,-69.723032]]}},{"type":"Feature","id":"1852-Newwworld","properties":{"roadId":"1852-Newwworld","width":87.9,"hidden":true},"geometry":{"type":"LineString","coordinates":[[60.242461,-96.101237],[60.315821,-95.992313],[60.304284,-95.831011],[60.388703,-95.725307],[60.400665,-95.5341],[60.683209,-94.921537]]}},{"type":"Feature","id":"1853-Newww Fixes","properties":{"roadId":"1853-Newww Fixes","width":110.7,"hidden":true},"geometry":{"type":"LineString","coordinates":[[185.716289,-80.484743],[186.135466,-79.926634],[186.595824,-79.484506],[186.948516,-79.022317]]}},{"type":"Feature","id":"1853-Newwworld","properties":{"roadId":"1853-Newwworld","width":87.9,"hidden":true},"geometry":{"type":"LineString","coordinates":[[64.143794,-94.145241],[63.989783,-94.103574],[63.838506,-94.217359],[63.533306,-94.103757],[63.217411,-94.12709],[63.033851,-94.083062],[62.863512,-94.162116],[62.769631,-94.470832],[62.63483,-94.65566],[62.571671,-94.849948],[62.415029,-95.010478]]}},{"type":"Feature","id":"1854-Newww Fixes","properties":{"roadId":"1854-Newww Fixes","width":89.8,"hidden":true},"geometry":{"type":"LineString","coordinates":[[187.676435,-80.128961],[188.576811,-80.270559],[190.410194,-80.415108],[191.54696,-80.571558],[191.881224,-80.276236],[192.080521,-80.056027]]}},{"type":"Feature","id":"1854-Newwworld","properties":{"roadId":"1854-Newwworld","width":101.2,"hidden":true},"geometry":{"type":"LineString","coordinates":[[61.034252,-87.383942],[60.725675,-87.542779],[60.435205,-87.537293],[60.348104,-87.267145],[60.141411,-87.185756],[59.667937,-87.309593],[59.322232,-87.804846],[58.93099,-88.114761],[58.108938,-88.621768]]}},{"type":"Feature","id":"1855-Newww Fixes","properties":{"roadId":"1855-Newww Fixes","width":110.7,"hidden":true},"geometry":{"type":"LineString","coordinates":[[186.948516,-79.022317],[187.676435,-80.128961]]}},{"type":"Feature","id":"1855-Newwworld","properties":{"roadId":"1855-Newwworld","width":87.9,"hidden":true},"geometry":{"type":"LineString","coordinates":[[64.143794,-94.145241],[64.225938,-93.970562],[64.199324,-93.771976],[64.101493,-93.648217],[64.110816,-93.504084],[64.012318,-93.355794]]}},{"type":"Feature","id":"1856-Newww Fixes","properties":{"roadId":"1856-Newww Fixes","width":110.7,"hidden":true},"geometry":{"type":"LineString","coordinates":[[180.138206,-81.30663],[180.718121,-81.436031],[181.111465,-81.479148],[181.770964,-81.859765],[182.322476,-81.886779]]}},{"type":"Feature","id":"1856-Newwworld","properties":{"roadId":"1856-Newwworld","width":87.9,"hidden":true},"geometry":{"type":"LineString","coordinates":[[61.813682,-87.871791],[61.034252,-87.383942]]}},{"type":"Feature","id":"1857-Newww Fixes","properties":{"roadId":"1857-Newww Fixes","width":80.0,"hidden":true},"geometry":{"type":"LineString","coordinates":[[177.270341,-85.889501],[176.787527,-86.035109],[176.469288,-86.159832],[176.23828,-86.846354],[176.108774,-86.977717],[175.556932,-87.201737],[175.04022,-87.413291]]}},{"type":"Feature","id":"1857-Newwworld","properties":{"roadId":"1857-Newwworld","width":101.2,"hidden":true},"geometry":{"type":"LineString","coordinates":[[62.042137,-87.049141],[61.579028,-87.111624],[61.034252,-87.383942]]}},{"type":"Feature","id":"1858-Newwworld","properties":{"roadId":"1858-Newwworld","width":87.9,"hidden":true},"geometry":{"type":"LineString","coordinates":[[61.813682,-87.871791],[62.042137,-87.049141]]}},{"type":"Feature","id":"1859-Newww Fixes","properties":{"roadId":"1859-Newww Fixes","width":110.7,"hidden":true},"geometry":{"type":"LineString","coordinates":[[177.270341,-85.889501],[177.236834,-85.689596],[177.347233,-85.339282],[177.61891,-85.004672],[177.930517,-85.019576],[178.047722,-84.870253],[178.033069,-84.435503],[178.181889,-84.168905],[178.203799,-83.783921],[178.16958,-83.316871],[178.477029,-82.895932],[178.954635,-81.999853],[179.546581,-81.537525],[180.138206,-81.30663]]}},{"type":"Feature","id":"1859-Newwworld","properties":{"roadId":"1859-Newwworld","width":87.9,"hidden":true},"geometry":{"type":"LineString","coordinates":[[63.46518,-92.90041],[63.334026,-92.718309],[63.359729,-92.31027],[63.501474,-92.202431],[63.630841,-92.057942],[63.782768,-91.677212]]}},{"type":"Feature","id":"185-Newwworld","properties":{"roadId":"185-Newwworld","width":87.9,"hidden":false},"geometry":{"type":"LineString","coordinates":[[76.470902,-141.089107],[76.783273,-141.406035],[77.104567,-142.068216],[77.162111,-143.211345],[76.891051,-144.833946]]}},{"type":"Feature","id":"1860-Newwworld","properties":{"roadId":"1860-Newwworld","width":87.9,"hidden":true},"geometry":{"type":"LineString","coordinates":[[64.012318,-93.355794],[63.946128,-93.256158],[63.682395,-92.997772],[63.46518,-92.90041]]}},{"type":"Feature","id":"1861-Newww Fixes","properties":{"roadId":"1861-Newww Fixes","width":89.8,"hidden":true},"geometry":{"type":"LineString","coordinates":[[204.787517,-95.534603],[204.681171,-95.481322],[204.503324,-95.493015],[204.241986,-95.27679],[204.23939,-95.262866],[204.218653,-95.217597],[204.132159,-95.03238],[204.18018,-94.76033],[203.98893,-94.595633],[203.535985,-94.366075],[203.363502,-94.124694],[203.340238,-93.871811],[203.108701,-93.482557],[202.751009,-93.300308],[202.126545,-93.392053],[201.695406,-93.176904],[201.203043,-92.600609],[200.803511,-92.384506],[200.353839,-92.166797],[200.149298,-92.093984],[199.890244,-92.034045],[199.695599,-91.855754],[199.309816,-91.859287],[199.14946,-91.753688],[199.027559,-91.321039],[198.847584,-90.966619],[198.40161,-90.235532],[198.023224,-89.959767],[197.811226,-89.651459],[197.719117,-89.057585],[197.646738,-89.02808],[197.631608,-88.934746],[197.143663,-88.597219],[197.066467,-88.643078],[196.99085,-88.517166],[196.710094,-88.175169],[196.415501,-87.994161],[196.277219,-87.928918]]}},{"type":"Feature","id":"1861-Newwworld","properties":{"roadId":"1861-Newwworld","width":87.9,"hidden":true},"geometry":{"type":"LineString","coordinates":[[63.46518,-92.90041],[63.320987,-92.992112],[63.272393,-93.267981]]}},{"type":"Feature","id":"1862-Newww Fixes","properties":{"roadId":"1862-Newww Fixes","width":89.8,"hidden":true},"geometry":{"type":"LineString","coordinates":[[196.277219,-87.928918],[196.202688,-87.942034],[196.022817,-88.035272],[195.855933,-87.960871],[195.599517,-87.964526],[194.984437,-88.062069],[194.688021,-87.950993],[194.204487,-87.914717],[194.048149,-88.01891],[193.891118,-87.982243],[193.597045,-88.12049],[193.340577,-88.173754],[192.86002,-87.969639],[192.452675,-87.797121],[192.308569,-87.639047],[192.011467,-87.547675],[191.357975,-86.762412],[191.217827,-86.47334],[190.788051,-86.335814],[190.103049,-86.37117]]}},{"type":"Feature","id":"1862-Newwworld","properties":{"roadId":"1862-Newwworld","width":87.9,"hidden":true},"geometry":{"type":"LineString","coordinates":[[63.272393,-93.267981],[63.865494,-93.417183],[64.012318,-93.355794]]}},{"type":"Feature","id":"1863-Newww Fixes","properties":{"roadId":"1863-Newww Fixes","width":89.8,"hidden":true},"geometry":{"type":"LineString","coordinates":[[196.177644,-76.056508],[197.096415,-75.349691],[197.809247,-74.71771]]}},{"type":"Feature","id":"1863-Newwworld","properties":{"roadId":"1863-Newwworld","width":87.9,"hidden":true},"geometry":{"type":"LineString","coordinates":[[62.123613,-94.085119],[62.057181,-94.467586],[62.179994,-94.667248],[62.146018,-94.795755],[62.205437,-94.886164],[62.415029,-95.010478]]}},{"type":"Feature","id":"1864-Newww Fixes","properties":{"roadId":"1864-Newww Fixes","width":89.8,"hidden":true},"geometry":{"type":"LineString","coordinates":[[196.277219,-87.928918],[196.282836,-87.737094],[196.098651,-86.926987],[196.022817,-86.248808],[195.876819,-86.04478],[195.614439,-85.569856],[195.832704,-84.849125],[195.767374,-84.671997],[195.672547,-84.550834],[195.653962,-84.00637],[195.717521,-83.855979],[195.616288,-83.182235],[195.715377,-82.906705]]}},{"type":"Feature","id":"1864-Newwworld","properties":{"roadId":"1864-Newwworld","width":87.9,"hidden":true},"geometry":{"type":"LineString","coordinates":[[63.272393,-93.267981],[62.765386,-93.192017],[62.558884,-93.277999],[62.464543,-93.469067],[62.279508,-93.714102]]}},{"type":"Feature","id":"1865-Newww Fixes","properties":{"roadId":"1865-Newww Fixes","width":89.8,"hidden":true},"geometry":{"type":"LineString","coordinates":[[197.22941,-77.014567],[196.177644,-76.056508]]}},{"type":"Feature","id":"1865-Newwworld","properties":{"roadId":"1865-Newwworld","width":87.9,"hidden":true},"geometry":{"type":"LineString","coordinates":[[62.279508,-93.714102],[62.123613,-94.085119]]}},{"type":"Feature","id":"1866-Newww Fixes","properties":{"roadId":"1866-Newww Fixes","width":89.8,"hidden":true},"geometry":{"type":"LineString","coordinates":[[197.22941,-77.014567],[197.357796,-76.736337],[197.644767,-76.194],[197.828188,-75.369301],[197.809247,-74.71771]]}},{"type":"Feature","id":"1866-Newwworld","properties":{"roadId":"1866-Newwworld","width":87.9,"hidden":true},"geometry":{"type":"LineString","coordinates":[[61.920705,-93.553121],[61.99988,-93.711203],[62.123613,-94.085119]]}},{"type":"Feature","id":"1867-Newww Fixes","properties":{"roadId":"1867-Newww Fixes","width":89.8,"hidden":true},"geometry":{"type":"LineString","coordinates":[[195.715377,-82.906705],[195.830916,-82.857842],[196.109007,-82.826201],[196.415762,-82.185461],[196.391829,-81.947014],[196.414711,-81.892951],[196.189545,-81.36597],[195.914154,-81.261013],[195.913225,-81.052289],[196.237575,-80.66714],[196.305865,-80.271314],[196.56512,-79.22375],[196.565614,-78.361576],[197.232986,-77.187449],[197.22941,-77.014567]]}},{"type":"Feature","id":"1867-Newwworld","properties":{"roadId":"1867-Newwworld","width":87.9,"hidden":true},"geometry":{"type":"LineString","coordinates":[[62.279508,-93.714102],[62.115323,-93.695804],[62.055575,-93.565083],[61.920705,-93.553121]]}},{"type":"Feature","id":"1868-Newww Fixes","properties":{"roadId":"1868-Newww Fixes","width":89.8,"hidden":true},"geometry":{"type":"LineString","coordinates":[[192.080521,-80.056027],[192.05046,-79.813561],[192.090912,-79.021466],[192.554611,-77.319151],[193.011002,-76.579027]]}},{"type":"Feature","id":"1868-Newwworld","properties":{"roadId":"1868-Newwworld","width":101.2,"hidden":true},"geometry":{"type":"LineString","coordinates":[[64.08086,-85.245558],[63.990061,-85.064585],[63.78105,-85.063544],[63.468818,-84.844888],[63.216872,-84.453767],[62.901255,-84.295798],[62.714049,-84.254426],[62.516401,-84.197369],[62.439543,-84.094243],[62.477781,-83.979017],[62.589995,-83.838496],[62.769327,-83.673226],[62.784683,-83.366064],[62.849128,-83.19977],[62.854371,-82.790845],[62.680143,-82.462042],[62.720438,-82.141103],[62.838538,-81.71934],[62.843868,-81.549261],[62.968122,-81.395172],[63.037853,-81.27538]]}},{"type":"Feature","id":"1869-Newww Fixes","properties":{"roadId":"1869-Newww Fixes","width":89.8,"hidden":true},"geometry":{"type":"LineString","coordinates":[[195.715377,-82.906705],[195.178084,-82.096207],[194.199999,-81.449035],[193.900171,-80.629249],[193.553556,-80.19377],[193.468295,-79.877641]]}},{"type":"Feature","id":"1869-Newwworld","properties":{"roadId":"1869-Newwworld","width":101.2,"hidden":true},"geometry":{"type":"LineString","coordinates":[[63.554426,-85.694041],[63.623601,-86.159563],[63.559044,-86.435527],[63.652351,-86.570311],[63.699548,-86.766284],[63.602421,-86.7871],[63.525241,-86.670033]]}},{"type":"Feature","id":"186-Newwworld","properties":{"roadId":"186-Newwworld","width":68.9,"hidden":false},"geometry":{"type":"LineString","coordinates":[[72.316938,-143.372405],[72.373145,-142.88091],[72.455688,-142.724729],[72.608137,-142.616933],[72.84036,-142.475935],[73.000603,-142.428096],[73.130908,-142.45011],[73.286672,-142.348234],[73.490267,-142.314996],[73.555614,-142.229154],[73.792377,-142.176394],[73.985173,-142.19471],[74.260043,-142.165656],[74.518655,-142.052209],[74.808214,-141.949709],[74.929074,-141.959726],[75.338771,-141.718362],[75.954303,-141.399759],[76.470902,-141.089107]]}},{"type":"Feature","id":"1870-Newww Fixes","properties":{"roadId":"1870-Newww Fixes","width":106.9,"hidden":true},"geometry":{"type":"LineString","coordinates":[[170.821091,-91.994157],[170.518695,-92.264002],[170.304831,-92.329983],[170.099822,-92.264644],[170.007972,-92.318716],[169.848033,-92.397128],[169.766531,-92.350157]]}},{"type":"Feature","id":"1870-Newwworld","properties":{"roadId":"1870-Newwworld","width":101.2,"hidden":true},"geometry":{"type":"LineString","coordinates":[[64.08086,-85.245558],[63.554426,-85.694041]]}},{"type":"Feature","id":"1871-Newww Fixes","properties":{"roadId":"1871-Newww Fixes","width":106.9,"hidden":true},"geometry":{"type":"LineString","coordinates":[[170.007721,-86.607065],[169.093638,-86.796275]]}},{"type":"Feature","id":"1871-Newwworld","properties":{"roadId":"1871-Newwworld","width":101.2,"hidden":true},"geometry":{"type":"LineString","coordinates":[[71.937197,-90.220011],[71.200328,-90.190167]]}},{"type":"Feature","id":"1872-Newww Fixes","properties":{"roadId":"1872-Newww Fixes","width":106.9,"hidden":true},"geometry":{"type":"LineString","coordinates":[[169.792477,-87.214098],[170.007721,-86.607065]]}},{"type":"Feature","id":"1872-Newwworld","properties":{"roadId":"1872-Newwworld","width":101.2,"hidden":true},"geometry":{"type":"LineString","coordinates":[[69.353421,-90.380992],[69.103967,-90.016303],[69.129071,-89.53526],[68.981093,-88.781898],[68.535571,-88.416463],[68.209554,-88.01904],[68.180032,-87.662823],[67.874223,-87.027187]]}},{"type":"Feature","id":"1873-Newww Fixes","properties":{"roadId":"1873-Newww Fixes","width":106.9,"hidden":true},"geometry":{"type":"LineString","coordinates":[[169.093638,-86.796275],[168.745095,-86.86842],[168.567829,-87.02237],[168.295649,-86.62407]]}},{"type":"Feature","id":"1873-Newwworld","properties":{"roadId":"1873-Newwworld","width":87.9,"hidden":true},"geometry":{"type":"LineString","coordinates":[[65.981083,-92.522154],[65.579129,-92.604646],[65.400795,-92.560357]]}},{"type":"Feature","id":"1874-Newww Fixes","properties":{"roadId":"1874-Newww Fixes","width":106.9,"hidden":true},"geometry":{"type":"LineString","coordinates":[[169.792477,-87.214098],[169.093638,-86.796275]]}},{"type":"Feature","id":"1874-Newwworld","properties":{"roadId":"1874-Newwworld","width":101.2,"hidden":true},"geometry":{"type":"LineString","coordinates":[[69.353421,-90.380992],[69.037751,-90.76365],[68.819235,-90.873251],[68.736101,-90.947123]]}},{"type":"Feature","id":"1875-Newww Fixes","properties":{"roadId":"1875-Newww Fixes","width":106.9,"hidden":true},"geometry":{"type":"LineString","coordinates":[[169.792477,-87.214098],[170.097243,-88.067833],[170.161358,-88.966569],[169.873658,-89.815982],[169.732659,-90.395029],[169.839812,-90.599578],[170.164527,-90.937826],[170.356394,-91.090899],[170.46116,-91.221229],[170.652601,-91.360119],[170.677002,-91.439624],[170.782715,-91.567689],[170.844208,-91.789443],[170.821091,-91.994157]]}},{"type":"Feature","id":"1875-Newwworld","properties":{"roadId":"1875-Newwworld","width":101.2,"hidden":true},"geometry":{"type":"LineString","coordinates":[[68.736101,-90.947123],[68.587576,-90.827903],[68.252584,-90.971385],[68.192262,-91.110135],[68.026116,-91.532333],[67.827878,-91.943263],[67.721619,-92.20283],[67.534908,-92.234653]]}},{"type":"Feature","id":"1876-Newww Fixes","properties":{"roadId":"1876-Newww Fixes","width":106.9,"hidden":true},"geometry":{"type":"LineString","coordinates":[[168.554105,-97.297352],[168.557108,-97.357847],[168.369191,-97.659706],[167.818937,-97.836955],[167.464544,-97.750575],[167.106765,-97.615088],[166.575869,-97.674125],[165.658643,-98.324023]]}},{"type":"Feature","id":"1876-Newwworld","properties":{"roadId":"1876-Newwworld","width":87.9,"hidden":true},"geometry":{"type":"LineString","coordinates":[[68.016333,-95.843815],[67.461366,-95.627503],[67.398744,-95.576444]]}},{"type":"Feature","id":"1877-Newww Fixes","properties":{"roadId":"1877-Newww Fixes","width":106.9,"hidden":true},"geometry":{"type":"LineString","coordinates":[[156.103602,-95.013525],[156.772919,-95.678475],[157.506532,-95.825655],[157.722757,-96.106663],[158.324226,-96.510475],[159.448943,-97.515183],[160.576543,-98.426471],[160.611907,-98.712383],[161.039201,-99.164824],[162.269135,-99.714132],[162.531636,-99.799366],[162.748824,-100.104168],[163.149546,-100.427042],[163.427993,-100.562034]]}},{"type":"Feature","id":"1877-Newwworld","properties":{"roadId":"1877-Newwworld","width":101.2,"hidden":true},"geometry":{"type":"LineString","coordinates":[[68.736101,-90.947123],[68.532012,-91.141151],[68.455953,-91.792117],[68.670511,-92.374497],[68.886162,-92.461373]]}},{"type":"Feature","id":"1878-Newww Fixes","properties":{"roadId":"1878-Newww Fixes","width":106.9,"hidden":true},"geometry":{"type":"LineString","coordinates":[[163.29209,-91.190873],[163.952856,-92.229063],[164.31258,-93.888166],[164.725645,-95.153378],[164.6718,-96.103503],[165.257574,-97.693413],[165.491308,-98.039152],[165.658643,-98.324023]]}},{"type":"Feature","id":"1878-Newwworld","properties":{"roadId":"1878-Newwworld","width":101.2,"hidden":true},"geometry":{"type":"LineString","coordinates":[[68.834634,-94.664922],[68.676431,-94.99007],[68.347931,-95.485984],[68.016333,-95.843815]]}},{"type":"Feature","id":"1879-Newww Fixes","properties":{"roadId":"1879-Newww Fixes","width":106.9,"hidden":true},"geometry":{"type":"LineString","coordinates":[[163.427993,-100.562034],[163.388271,-100.624829],[163.03103,-101.189631],[162.692001,-101.377601],[162.002103,-102.339731],[160.86716,-103.869033]]}},{"type":"Feature","id":"1879-Newwworld","properties":{"roadId":"1879-Newwworld","width":87.9,"hidden":true},"geometry":{"type":"LineString","coordinates":[[70.486446,-96.085769],[70.067,-96.191437],[69.686417,-96.400648],[69.421147,-96.434789],[69.087708,-96.370518]]}},{"type":"Feature","id":"1880-Newww Fixes","properties":{"roadId":"1880-Newww Fixes","width":106.9,"hidden":true},"geometry":{"type":"LineString","coordinates":[[165.658643,-98.324023],[164.502954,-99.14288],[163.972457,-99.759566],[163.485476,-100.471157],[163.427993,-100.562034]]}},{"type":"Feature","id":"1880-Newwworld","properties":{"roadId":"1880-Newwworld","width":101.2,"hidden":true},"geometry":{"type":"LineString","coordinates":[[68.834634,-94.664922],[69.464194,-95.267198],[69.906175,-95.601392],[70.266731,-95.734656],[70.486446,-96.085769]]}},{"type":"Feature","id":"1881-Newwworld","properties":{"roadId":"1881-Newwworld","width":101.2,"hidden":true},"geometry":{"type":"LineString","coordinates":[[69.815584,-90.571436],[69.353421,-90.380992]]}},{"type":"Feature","id":"1882-Newwworld","properties":{"roadId":"1882-Newwworld","width":101.2,"hidden":true},"geometry":{"type":"LineString","coordinates":[[68.886162,-92.461373],[68.943611,-92.484515],[68.983281,-92.703596],[68.957716,-92.981296],[68.991284,-93.037364],[69.026198,-93.065107],[69.013915,-93.174674],[69.039444,-93.347695],[68.75177,-93.699554],[68.742377,-94.190198],[68.834634,-94.664922]]}},{"type":"Feature","id":"1883-Newwworld","properties":{"roadId":"1883-Newwworld","width":101.2,"hidden":true},"geometry":{"type":"LineString","coordinates":[[69.815584,-90.571436],[69.6912,-91.181472],[69.281407,-91.707351],[68.872751,-92.249488],[68.886162,-92.461373]]}},{"type":"Feature","id":"1884-Newwworld","properties":{"roadId":"1884-Newwworld","width":101.2,"hidden":true},"geometry":{"type":"LineString","coordinates":[[71.200328,-90.190167],[69.988258,-90.523892],[69.815584,-90.571436]]}},{"type":"Feature","id":"1885-Newwworld","properties":{"roadId":"1885-Newwworld","width":101.2,"hidden":true},"geometry":{"type":"LineString","coordinates":[[70.602462,-87.14224],[71.855825,-87.010885],[72.270349,-86.586162],[72.655107,-86.06912]]}},{"type":"Feature","id":"1886-Newww Fixes","properties":{"roadId":"1886-Newww Fixes","width":116.4,"hidden":true},"geometry":{"type":"LineString","coordinates":[[168.281387,-107.180181],[168.827013,-108.078899],[170.005168,-109.391248],[170.629233,-110.32277],[170.73215,-109.079571],[170.670926,-108.266331],[170.31372,-107.31493],[170.277626,-106.896795],[170.458599,-106.283711],[170.502002,-105.739126],[171.148289,-104.979245],[171.372855,-104.761996],[171.482378,-104.364416],[172.085462,-103.398319],[172.178223,-102.821373],[172.59384,-101.694433],[173.078243,-100.568162],[173.010092,-100.165956],[173.479382,-100.049133]]}},{"type":"Feature","id":"1886-Newwworld","properties":{"roadId":"1886-Newwworld","width":101.2,"hidden":true},"geometry":{"type":"LineString","coordinates":[[71.200328,-90.190167],[71.233653,-89.746832],[70.935084,-89.032437],[70.24569,-88.284761],[70.346055,-87.7839],[70.598252,-87.414854],[70.602462,-87.14224]]}},{"type":"Feature","id":"1887-Newwworld","properties":{"roadId":"1887-Newwworld","width":101.2,"hidden":true},"geometry":{"type":"LineString","coordinates":[[72.810004,-82.408491],[72.442416,-82.209011]]}},{"type":"Feature","id":"1888-Newwworld","properties":{"roadId":"1888-Newwworld","width":101.2,"hidden":true},"geometry":{"type":"LineString","coordinates":[[72.442416,-82.209011],[72.279481,-82.192787],[72.243952,-82.105261],[72.24534,-82.039028],[72.153656,-81.93454],[72.118153,-81.74973],[72.069012,-81.70151],[71.925964,-81.841501],[71.781615,-82.183673],[71.355042,-82.747772],[71.113922,-82.732051],[71.005944,-82.711765],[70.9259,-82.795541],[70.50596,-83.139587]]}},{"type":"Feature","id":"1889-Newww Fixes","properties":{"roadId":"1889-Newww Fixes","width":120.2,"hidden":true},"geometry":{"type":"LineString","coordinates":[[196.070309,-55.267132],[195.195688,-55.329398],[194.312265,-55.758288],[193.69406,-55.895207],[193.206671,-55.623713],[192.219376,-55.615084],[191.637256,-56.382613]]}},{"type":"Feature","id":"1889-Newwworld","properties":{"roadId":"1889-Newwworld","width":101.2,"hidden":true},"geometry":{"type":"LineString","coordinates":[[72.810004,-82.408491],[72.345983,-82.713649]]}},{"type":"Feature","id":"1889-Working Level","properties":{"roadId":"1889-Working Level","width":89.8,"hidden":true},"geometry":{"type":"LineString","coordinates":[[191.066655,-176.766815],[190.782001,-176.624844],[190.493945,-176.269209],[190.276591,-175.874025],[189.918526,-175.260968]]}},{"type":"Feature","id":"1890-Newww Fixes","properties":{"roadId":"1890-Newww Fixes","width":89.8,"hidden":true},"geometry":{"type":"LineString","coordinates":[[196.070309,-55.267132],[197.171094,-54.941454],[197.409862,-54.760776],[197.745853,-54.647112]]}},{"type":"Feature","id":"1890-Newwworld","properties":{"roadId":"1890-Newwworld","width":101.2,"hidden":true},"geometry":{"type":"LineString","coordinates":[[72.345983,-82.713649],[72.442416,-82.209011]]}},{"type":"Feature","id":"1891-__Working Level","properties":{"roadId":"1891-__Working Level","width":89.8,"hidden":true},"geometry":{"type":"LineString","coordinates":[[186.228791,-199.408263],[186.347915,-201.100309]]}},{"type":"Feature","id":"1891-Newww Fixes","properties":{"roadId":"1891-Newww Fixes","width":89.8,"hidden":true},"geometry":{"type":"LineString","coordinates":[[207.118254,-221.976881],[208.119056,-221.75188],[209.367325,-221.933478],[209.785581,-222.174364],[210.529976,-222.390077],[211.151133,-222.530442],[212.549132,-222.560564],[212.977953,-222.400146],[213.956411,-222.296153],[214.808541,-221.697974],[215.450383,-221.7228],[215.940489,-222.404747],[216.872437,-223.06343],[217.700999,-223.777755],[217.929906,-224.433747],[218.869666,-225.308924],[219.978871,-225.927155],[220.975055,-227.133062],[221.540682,-228.018482],[222.245979,-228.501469],[223.573935,-229.822741],[224.426369,-230.215624],[225.531407,-230.257812],[226.488528,-231.006512],[227.822995,-231.25226],[228.611192,-232.436552],[229.513105,-233.120495],[229.907203,-233.802616],[230.814151,-234.640639],[231.061113,-235.750105],[231.538198,-236.300975]]}},{"type":"Feature","id":"1891-Newwworld","properties":{"roadId":"1891-Newwworld","width":101.2,"hidden":true},"geometry":{"type":"LineString","coordinates":[[72.655107,-86.06912],[73.770346,-85.096599],[73.824877,-84.71718],[74.041675,-84.488698]]}},{"type":"Feature","id":"1892-__Working Level","properties":{"roadId":"1892-__Working Level","width":105.0,"hidden":true},"geometry":{"type":"LineString","coordinates":[[202.790861,-190.373241],[202.466121,-189.7431],[202.122387,-189.601042],[201.550883,-189.562544],[201.122375,-189.346093],[200.915134,-189.35171],[200.66667,-189.122004],[199.483315,-188.854199],[199.159104,-188.915632],[198.592661,-189.114704],[198.155264,-188.786734],[197.989482,-188.745735],[197.794325,-188.645831],[197.3227,-188.690874],[196.338565,-188.529641],[195.942748,-188.383625],[195.723277,-188.118207],[195.33107,-187.673388],[194.844715,-187.462042],[194.263784,-187.10461],[193.987472,-186.579643],[193.849911,-186.135336],[193.437583,-185.349318]]}},{"type":"Feature","id":"1892-Newww Fixes","properties":{"roadId":"1892-Newww Fixes","width":89.8,"hidden":true},"geometry":{"type":"LineString","coordinates":[[199.172863,-219.048225],[199.40322,-219.917586],[199.63862,-220.777572],[200.565706,-222.002662],[200.578319,-222.196153],[200.707903,-222.615512],[200.874683,-222.798759],[201.936518,-224.777325],[202.498846,-226.05068],[203.160993,-226.78879],[204.14222,-227.340875],[204.920217,-227.405632],[205.680802,-227.12143],[206.017018,-226.199899],[206.372592,-224.881058],[206.713192,-224.279667],[206.60281,-223.494942],[206.752975,-222.729314],[207.118254,-221.976881]]}},{"type":"Feature","id":"1892-Newwworld","properties":{"roadId":"1892-Newwworld","width":101.2,"hidden":true},"geometry":{"type":"LineString","coordinates":[[72.345983,-82.713649],[72.74259,-83.377236],[72.917713,-83.639928],[72.884839,-83.822993],[72.83832,-84.288671],[72.908173,-85.038518],[72.655107,-86.06912]]}},{"type":"Feature","id":"1893-Newww Fixes","properties":{"roadId":"1893-Newww Fixes","width":89.8,"hidden":true},"geometry":{"type":"LineString","coordinates":[[207.118254,-221.976881],[206.678453,-221.577487],[206.006619,-220.988857],[205.061711,-220.896843],[204.865972,-220.981999],[204.833698,-221.149969],[204.689791,-221.212035],[204.509756,-221.09693],[203.773998,-221.021583],[202.804768,-220.32323],[201.481091,-219.710207],[199.172863,-219.048225]]}},{"type":"Feature","id":"1893-Newwworld","properties":{"roadId":"1893-Newwworld","width":101.2,"hidden":true},"geometry":{"type":"LineString","coordinates":[[62.779588,-86.542559],[62.325706,-86.393236],[62.042137,-87.049141]]}},{"type":"Feature","id":"1894-Newww Fixes","properties":{"roadId":"1894-Newww Fixes","width":84.1,"hidden":true},"geometry":{"type":"LineString","coordinates":[[179.541486,-220.428352],[179.837467,-220.726877],[179.940567,-221.070975],[179.957216,-222.148062],[179.732997,-223.236521],[179.494697,-223.905794],[179.265148,-224.317514],[178.789504,-225.068732],[178.571291,-225.470469],[178.486404,-225.77212],[178.268304,-226.063874],[178.174519,-226.475508],[177.999388,-227.022645],[177.705759,-227.215701],[177.499282,-227.491917],[177.315046,-227.640876],[176.834211,-228.071607],[176.525356,-228.134715],[176.154773,-228.305288],[175.770882,-228.522476],[174.962711,-228.648692],[174.53593,-228.971436],[174.173664,-229.239406],[173.978889,-229.428382],[173.826883,-229.525084],[173.483661,-229.931856],[173.22307,-230.600087],[172.820846,-231.088718],[171.84988,-232.101395],[170.961864,-232.821015],[170.9163,-232.963116],[170.797228,-233.135686],[170.280855,-233.609125],[169.568249,-234.395152],[168.876293,-234.833782],[168.052375,-235.104877],[167.860656,-235.315642],[167.466271,-235.970592],[167.205168,-236.878407],[166.860844,-237.899765],[166.430695,-238.24369],[166.180676,-238.485184],[166.028506,-238.689091],[165.755883,-238.899248],[165.715249,-239.030411],[165.356637,-239.343954],[165.040134,-239.601594],[164.842529,-239.65142],[164.762651,-239.731108],[164.422893,-239.905154],[163.529374,-240.34335],[162.806464,-240.915053],[162.615378,-241.413058]]}},{"type":"Feature","id":"1894-Newwworld","properties":{"roadId":"1894-Newwworld","width":101.2,"hidden":true},"geometry":{"type":"LineString","coordinates":[[63.525241,-86.670033],[63.353375,-86.458548],[63.050821,-86.310649],[62.838677,-86.211256],[62.779588,-86.542559]]}},{"type":"Feature","id":"1895-__Working Level","properties":{"roadId":"1895-__Working Level","width":89.8,"hidden":true},"geometry":{"type":"LineString","coordinates":[[188.645926,-198.620969],[187.726661,-199.122151],[186.614348,-199.404322],[186.228791,-199.408263]]}},{"type":"Feature","id":"1895-Newww Fixes","properties":{"roadId":"1895-Newww Fixes","width":82.2,"hidden":true},"geometry":{"type":"LineString","coordinates":[[156.445253,-196.204554],[156.24487,-196.408253],[155.965034,-196.324207],[155.822438,-196.48623],[155.602472,-196.500736],[155.412263,-196.761101],[155.20761,-196.841275],[155.059936,-197.131085],[155.054111,-197.327726],[154.970986,-197.417432],[154.455671,-197.538031],[154.053812,-197.55587],[153.116136,-197.971461],[152.598903,-198.018111],[152.208389,-197.917095],[152.085854,-197.918249],[151.946956,-197.924699],[151.441954,-197.908397],[151.008498,-197.757849],[150.578948,-197.231893],[150.037957,-196.91822],[149.460828,-196.936154],[148.637336,-197.256355],[148.577127,-197.300365],[147.966083,-197.747007]]}},{"type":"Feature","id":"1895-Newwworld","properties":{"roadId":"1895-Newwworld","width":101.2,"hidden":true},"geometry":{"type":"LineString","coordinates":[[62.779588,-86.542559],[62.726827,-86.701987],[62.788624,-86.730841],[63.071099,-86.696891],[63.217792,-86.725832]]}},{"type":"Feature","id":"1896-__Working Level","properties":{"roadId":"1896-__Working Level","width":89.8,"hidden":true},"geometry":{"type":"LineString","coordinates":[[187.616383,-203.661107],[188.038728,-204.484001],[188.869981,-207.086874],[189.351119,-207.567483],[190.049733,-208.830986],[191.394981,-209.527395],[192.513378,-210.452241],[193.500153,-211.580691],[194.180606,-212.035797],[194.8306,-213.166756],[196.035482,-214.291595],[196.837525,-215.498127],[197.409662,-216.803166],[198.478711,-218.270011],[199.172863,-219.048225]]}},{"type":"Feature","id":"1896-Newww Fixes","properties":{"roadId":"1896-Newww Fixes","width":84.1,"hidden":true},"geometry":{"type":"LineString","coordinates":[[179.997833,-198.489675],[180.199595,-198.655187],[181.047984,-198.965848],[181.791832,-198.749363],[182.314637,-198.849103],[183.31432,-199.439036],[184.232213,-200.320263],[185.061339,-200.921723],[185.923269,-201.191411],[186.235718,-201.257531]]}},{"type":"Feature","id":"1896-Newwworld","properties":{"roadId":"1896-Newwworld","width":101.2,"hidden":true},"geometry":{"type":"LineString","coordinates":[[63.217792,-86.725832],[63.312003,-86.67374],[63.525241,-86.670033]]}},{"type":"Feature","id":"1897-__Working Level","properties":{"roadId":"1897-__Working Level","width":89.8,"hidden":true},"geometry":{"type":"LineString","coordinates":[[188.645926,-198.620969],[188.781725,-198.999989],[188.84334,-199.714019],[188.463556,-200.421244],[188.131419,-201.294354],[187.616383,-203.661107]]}},{"type":"Feature","id":"1897-Newwworld","properties":{"roadId":"1897-Newwworld","width":101.2,"hidden":true},"geometry":{"type":"LineString","coordinates":[[67.534908,-92.234653],[67.302945,-92.274184],[66.961868,-92.242752],[66.32986,-92.173194],[66.110328,-92.272474]]}},{"type":"Feature","id":"1898-__Working Level","properties":{"roadId":"1898-__Working Level","width":89.8,"hidden":true},"geometry":{"type":"LineString","coordinates":[[188.645926,-198.620969],[188.883696,-197.990454],[189.064105,-197.816574],[189.0869,-197.676434],[189.182082,-197.529376],[189.358047,-197.455279],[189.74705,-197.204688],[189.786251,-197.129271],[190.29239,-197.096745],[190.526427,-197.106345],[190.958859,-197.05079],[191.480997,-196.915442],[191.86256,-196.549069],[192.357536,-196.37064],[192.89548,-196.268721],[193.088068,-196.18261],[194.830478,-195.930291],[195.243969,-195.723146],[195.391704,-195.705872],[195.582651,-195.514656],[195.684839,-195.464751],[195.584752,-195.338414],[195.589752,-195.172493],[195.675056,-194.911347],[195.854848,-194.773126],[195.93451,-194.622622],[196.547411,-194.486024],[197.072509,-194.268853],[197.456164,-194.077984],[198.181896,-193.718131],[198.645977,-193.5934],[198.785101,-193.594302],[199.228801,-193.283806],[199.760061,-193.03167],[200.820247,-192.528517],[201.742264,-192.00651],[202.097951,-191.635789],[202.148185,-191.522333],[202.260156,-191.477359],[202.288064,-191.395823],[202.48994,-191.001255],[202.633534,-190.720603],[202.790861,-190.373241]]}},{"type":"Feature","id":"1898-Newwworld","properties":{"roadId":"1898-Newwworld","width":101.2,"hidden":true},"geometry":{"type":"LineString","coordinates":[[63.217792,-86.725832],[63.197593,-86.807473],[63.11162,-86.834331],[63.137367,-86.965434],[62.966212,-87.298551],[62.880873,-87.424402],[62.95195,-87.550965],[63.210718,-87.622467],[63.338192,-87.572797],[63.451647,-87.512406],[63.638844,-87.439706],[63.84789,-87.448465],[64.184853,-87.52916],[64.358942,-87.690046],[64.428179,-88.046262],[64.415757,-88.201028],[64.492398,-88.353025],[64.751869,-88.636533],[64.893154,-88.739103],[65.095603,-88.791265],[65.189501,-88.958774],[65.233928,-89.00913],[65.35056,-89.133583],[65.585978,-89.350902],[65.814069,-89.509496],[65.963904,-89.813681],[66.307803,-90.158717],[66.363706,-90.55818],[66.570365,-90.72865],[66.622379,-91.067488],[66.827492,-91.179215],[67.008786,-91.205422],[67.080106,-91.395744],[67.134585,-91.480805],[67.260784,-91.514208],[67.322312,-91.715311],[67.344065,-91.887022],[67.534908,-92.234653]]}},{"type":"Feature","id":"1899-__Working Level","properties":{"roadId":"1899-__Working Level","width":105.0,"hidden":true},"geometry":{"type":"LineString","coordinates":[[206.035074,-190.076235],[205.594664,-190.242494],[204.498419,-190.284361],[203.766238,-190.568893],[203.674137,-190.425359],[203.123302,-190.30943],[202.790861,-190.373241]]}},{"type":"Feature","id":"1899-Newwworld","properties":{"roadId":"1899-Newwworld","width":87.9,"hidden":true},"geometry":{"type":"LineString","coordinates":[[65.319805,-105.691695],[64.545905,-105.552346]]}},{"type":"Feature","id":"189-Newwworld","properties":{"roadId":"189-Newwworld","width":87.9,"hidden":false},"geometry":{"type":"LineString","coordinates":[[82.631964,-108.310072],[81.510111,-108.996941],[80.409734,-109.949626]]}},{"type":"Feature","id":"1900-__Working Level","properties":{"roadId":"1900-__Working Level","width":105.0,"hidden":true},"geometry":{"type":"LineString","coordinates":[[219.6438,-193.707488],[220.622449,-193.943201],[221.224708,-194.035554],[221.46872,-194.104547],[221.657262,-194.239765],[222.201448,-194.271093],[222.533046,-194.227794],[223.322198,-194.36986],[223.640515,-194.37664],[223.943034,-194.533819],[224.281663,-194.579106],[224.761613,-194.37131],[225.058055,-194.370789],[225.261788,-194.173888],[225.222465,-193.988913],[225.45658,-194.046995],[225.591911,-193.852072],[226.014134,-193.882385],[226.68905,-194.00038],[227.141482,-194.048592],[227.65138,-194.230954],[227.919176,-194.330867],[228.093916,-194.314418],[228.411799,-194.443151],[228.47916,-194.57809],[228.619699,-194.734523],[228.563362,-194.841997],[228.571695,-194.959489],[228.381851,-195.075887],[228.455289,-195.287364],[228.668744,-195.461427],[228.830203,-195.474578],[229.740189,-195.236296],[231.222399,-195.311695],[231.703737,-195.282528],[232.019537,-195.178223],[232.699487,-194.829454],[233.055044,-194.878274],[233.579785,-194.557856],[233.964422,-194.366293],[234.331871,-194.185546],[234.480743,-193.969364],[234.795241,-193.610361],[234.901751,-193.430187],[234.958522,-192.971418],[235.284131,-192.745358],[236.067728,-192.658492],[236.475368,-192.432007],[236.737782,-192.318968],[237.162349,-192.28889],[237.645597,-192.282327],[237.783966,-192.215079],[238.353065,-191.735138],[238.722077,-191.189589],[238.710966,-190.753685],[238.446121,-190.039655],[238.2377,-189.040155],[237.810789,-188.385179],[236.860959,-187.565028]]}},{"type":"Feature","id":"1900-Newwworld","properties":{"roadId":"1900-Newwworld","width":87.9,"hidden":true},"geometry":{"type":"LineString","coordinates":[[60.06141,-104.02892],[59.164029,-104.065544]]}},{"type":"Feature","id":"1901-__Working Level","properties":{"roadId":"1901-__Working Level","width":105.0,"hidden":true},"geometry":{"type":"LineString","coordinates":[[206.035074,-190.076235],[206.615249,-190.080428],[206.930884,-190.380949],[207.737692,-190.538814],[210.062952,-191.806145],[210.877208,-192.202509],[211.22569,-192.17606],[212.658325,-192.598413],[213.450298,-192.515123],[214.195839,-192.638353],[215.066441,-192.683023],[216.257244,-193.001123],[217.175563,-193.083658]]}},{"type":"Feature","id":"1901-Newwworld","properties":{"roadId":"1901-Newwworld","width":87.9,"hidden":true},"geometry":{"type":"LineString","coordinates":[[59.246616,-104.833255],[59.309637,-104.355606],[59.164029,-104.065544]]}},{"type":"Feature","id":"1902-__Working Level","properties":{"roadId":"1902-__Working Level","width":105.0,"hidden":true},"geometry":{"type":"LineString","coordinates":[[218.149004,-192.099688],[218.356036,-192.694916],[219.22366,-193.360135],[219.6438,-193.707488]]}},{"type":"Feature","id":"1902-Newwworld","properties":{"roadId":"1902-Newwworld","width":87.9,"hidden":true},"geometry":{"type":"LineString","coordinates":[[60.06141,-104.02892],[59.246616,-104.833255]]}},{"type":"Feature","id":"1903-__Working Level","properties":{"roadId":"1903-__Working Level","width":105.0,"hidden":true},"geometry":{"type":"LineString","coordinates":[[217.175563,-193.083658],[218.070878,-193.164119],[219.6438,-193.707488]]}},{"type":"Feature","id":"1903-Newwworld","properties":{"roadId":"1903-Newwworld","width":87.9,"hidden":true},"geometry":{"type":"LineString","coordinates":[[61.51428,-103.853972],[61.394948,-103.770873],[61.286684,-103.697287],[61.098758,-103.651315],[60.963514,-103.6597],[60.821014,-103.626923],[60.697767,-103.446531],[60.529155,-103.495403],[60.413139,-103.639162],[60.413625,-103.731628],[60.267817,-103.847218],[60.06141,-104.02892]]}},{"type":"Feature","id":"1904-__Working Level","properties":{"roadId":"1904-__Working Level","width":105.0,"hidden":true},"geometry":{"type":"LineString","coordinates":[[218.149004,-192.099688],[217.175563,-193.083658]]}},{"type":"Feature","id":"1904-Newwworld","properties":{"roadId":"1904-Newwworld","width":87.9,"hidden":true},"geometry":{"type":"LineString","coordinates":[[64.676669,-102.148367],[64.819899,-102.293411],[65.016462,-102.309531],[65.131888,-102.460903],[65.30734,-102.805705],[65.261975,-102.973656],[65.089639,-103.120827],[65.002651,-103.2543],[64.781175,-103.317807],[64.720515,-103.438007],[64.867581,-103.490507],[65.013415,-103.466193],[65.059752,-103.474509],[65.067174,-103.555316],[65.224492,-103.601185],[65.406567,-103.605421],[65.490274,-103.6472],[65.457609,-103.750065],[65.430257,-103.814119],[65.428746,-103.938851],[65.390968,-104.04004],[65.299874,-104.106516],[65.351819,-104.260189],[65.378269,-104.581926],[65.44938,-105.116823],[65.430569,-105.373413],[65.319805,-105.691695]]}},{"type":"Feature","id":"1905-Newwworld","properties":{"roadId":"1905-Newwworld","width":87.9,"hidden":true},"geometry":{"type":"LineString","coordinates":[[61.51428,-103.853972],[61.570721,-103.590438],[61.807901,-103.435759],[62.289274,-103.0862],[62.394396,-102.91337],[62.91162,-102.76547],[63.376847,-102.80547],[63.702829,-102.727597],[63.80072,-102.592058],[63.954505,-102.527934],[64.305461,-102.292786],[64.676669,-102.148367]]}},{"type":"Feature","id":"1906-Newwworld","properties":{"roadId":"1906-Newwworld","width":87.9,"hidden":true},"geometry":{"type":"LineString","coordinates":[[64.545905,-105.552346],[64.299636,-105.349272],[64.19652,-105.253899],[64.191407,-105.166884],[64.265947,-105.096398],[64.196971,-104.985278],[64.048038,-104.885755],[63.486865,-104.855486],[62.915092,-104.69769],[62.614353,-104.432108],[62.554639,-104.352428],[62.470741,-104.317524],[62.329734,-104.304842],[62.110905,-104.312368],[62.01679,-104.211725],[61.763725,-104.027688],[61.51428,-103.853972]]}},{"type":"Feature","id":"1907-Newwworld","properties":{"roadId":"1907-Newwworld","width":87.9,"hidden":true},"geometry":{"type":"LineString","coordinates":[[65.536142,-107.075884],[65.450587,-107.361215]]}},{"type":"Feature","id":"1908-__Working Level","properties":{"roadId":"1908-__Working Level","width":105.0,"hidden":true},"geometry":{"type":"LineString","coordinates":[[221.419154,-159.321165],[221.863252,-159.072493],[221.916638,-158.926424]]}},{"type":"Feature","id":"1908-Newwworld","properties":{"roadId":"1908-Newwworld","width":87.9,"hidden":true},"geometry":{"type":"LineString","coordinates":[[64.545905,-105.552346],[64.514585,-105.975255],[64.626591,-106.302157],[64.676938,-106.501299]]}},{"type":"Feature","id":"1909-__Working Level","properties":{"roadId":"1909-__Working Level","width":105.0,"hidden":true},"geometry":{"type":"LineString","coordinates":[[222.06768,-159.447746],[221.916638,-158.926424]]}},{"type":"Feature","id":"1909-Newwworld","properties":{"roadId":"1909-Newwworld","width":87.9,"hidden":true},"geometry":{"type":"LineString","coordinates":[[65.177565,-106.574103],[65.536142,-107.075884]]}},{"type":"Feature","id":"190-Newwworld","properties":{"roadId":"190-Newwworld","width":87.9,"hidden":false},"geometry":{"type":"LineString","coordinates":[[82.631964,-108.310072],[82.874283,-109.391664],[82.588483,-110.178933],[82.882564,-111.3799]]}},{"type":"Feature","id":"1910-__Working Level","properties":{"roadId":"1910-__Working Level","width":105.0,"hidden":true},"geometry":{"type":"LineString","coordinates":[[221.419154,-159.321165],[221.871412,-159.501044],[222.06768,-159.447746]]}},{"type":"Feature","id":"1910-Newwworld","properties":{"roadId":"1910-Newwworld","width":87.9,"hidden":true},"geometry":{"type":"LineString","coordinates":[[65.511698,-106.311602],[65.177565,-106.574103]]}},{"type":"Feature","id":"1911-__Working Level","properties":{"roadId":"1911-__Working Level","width":105.0,"hidden":true},"geometry":{"type":"LineString","coordinates":[[236.860959,-187.565028],[237.098894,-187.044046],[237.237263,-186.806215],[238.294211,-186.495789],[239.095776,-186.021516],[239.401767,-185.671888],[239.433798,-185.521436],[239.38293,-185.389396],[239.564875,-185.036131],[239.68024,-184.306467],[239.627983,-184.017039],[239.688747,-183.80288],[239.60333,-183.520952],[239.381628,-183.288495],[239.376506,-183.070708],[239.351246,-182.955273],[239.427374,-182.708163],[239.829285,-181.73447],[239.80498,-181.623958],[239.857758,-181.576119],[239.904546,-181.397334],[239.893782,-181.320528],[239.692219,-180.930127],[239.711577,-180.592809],[239.700466,-180.453633],[239.748816,-179.863379],[239.588399,-179.313421],[239.609319,-178.78769],[239.571385,-178.676786],[239.622253,-178.563375],[239.519475,-178.289849],[239.685882,-177.561262],[239.857671,-177.213396],[239.91965,-177.043604],[239.849858,-176.868699],[239.801074,-176.777448],[239.841351,-176.385537],[239.532323,-175.293876],[239.536403,-175.050967],[239.337357,-174.244671],[239.370169,-173.687967],[239.141523,-173.120917],[239.00489,-172.956411],[238.847685,-172.858841],[238.381885,-172.760881],[238.155495,-172.778728],[237.949939,-172.879275],[237.803237,-172.786263],[237.537958,-172.629448],[237.308617,-172.479673],[236.919901,-172.607391],[236.794119,-172.750725],[236.409482,-172.8149],[236.10054,-172.726063],[235.929706,-172.35134],[235.979099,-171.860548],[235.962953,-171.594401],[236.022849,-171.52138],[235.930574,-171.407335],[236.107571,-171.279956],[235.906182,-171.178341],[235.888994,-171.077169],[236.028925,-170.83044],[236.044984,-170.703487],[236.034047,-170.399146],[235.865644,-170.220516],[235.563733,-169.988502],[235.721633,-169.698136]]}},{"type":"Feature","id":"1911-Newwworld","properties":{"roadId":"1911-Newwworld","width":87.9,"hidden":true},"geometry":{"type":"LineString","coordinates":[[64.676938,-106.501299],[65.177565,-106.574103]]}},{"type":"Feature","id":"1912-__Working Level","properties":{"roadId":"1912-__Working Level","width":105.0,"hidden":true},"geometry":{"type":"LineString","coordinates":[[227.379156,-141.024497],[227.174468,-140.713593],[226.809276,-140.273002],[226.555629,-140.046855],[226.176375,-139.96531],[225.901374,-139.475108],[225.74304,-138.770123],[225.095034,-138.014487],[224.488088,-137.745667],[223.831662,-137.182514],[223.048239,-136.321072],[222.643984,-136.034682],[222.114121,-135.453035],[221.573494,-135.234439],[221.451098,-135.184941]]}},{"type":"Feature","id":"1912-Newwworld","properties":{"roadId":"1912-Newwworld","width":87.9,"hidden":true},"geometry":{"type":"LineString","coordinates":[[59.404438,-106.749702],[59.056902,-106.506073],[58.639504,-106.402184]]}},{"type":"Feature","id":"1913-__Working Level","properties":{"roadId":"1913-__Working Level","width":105.0,"hidden":true},"geometry":{"type":"LineString","coordinates":[[220.633908,-129.960068],[221.07193,-129.465903],[221.3899,-128.919457],[221.746846,-128.357068],[221.88886,-127.99504],[221.902836,-127.614804],[221.719328,-127.164281],[221.587991,-126.573094],[221.732175,-126.30843],[221.866377,-125.993857]]}},{"type":"Feature","id":"1913-Newwworld","properties":{"roadId":"1913-Newwworld","width":87.9,"hidden":true},"geometry":{"type":"LineString","coordinates":[[64.676938,-106.501299],[64.461165,-106.674719],[64.123993,-106.508217],[63.87427,-106.194683],[63.476604,-106.056115],[63.321204,-106.076532],[63.255813,-106.162808],[62.950864,-106.466194],[62.389335,-106.37938],[61.903752,-106.475812],[61.60928,-106.50142]]}},{"type":"Feature","id":"1914-__Working Level","properties":{"roadId":"1914-__Working Level","width":105.0,"hidden":true},"geometry":{"type":"LineString","coordinates":[[219.332254,-129.986957],[218.902912,-129.476391]]}},{"type":"Feature","id":"1914-Newwworld","properties":{"roadId":"1914-Newwworld","width":87.9,"hidden":true},"geometry":{"type":"LineString","coordinates":[[60.193112,-105.294107],[59.859977,-106.09779],[59.404438,-106.749702]]}},{"type":"Feature","id":"1915-__Working Level","properties":{"roadId":"1915-__Working Level","width":105.0,"hidden":true},"geometry":{"type":"LineString","coordinates":[[220.633908,-129.960068],[219.956301,-129.883038],[219.332254,-129.986957]]}},{"type":"Feature","id":"1915-Newwworld","properties":{"roadId":"1915-Newwworld","width":87.9,"hidden":true},"geometry":{"type":"LineString","coordinates":[[60.193112,-105.294107],[59.628466,-105.144028],[59.246616,-104.833255]]}},{"type":"Feature","id":"1916-__Working Level","properties":{"roadId":"1916-__Working Level","width":105.0,"hidden":true},"geometry":{"type":"LineString","coordinates":[[217.33624,-127.950995],[216.8286,-128.150542],[216.274518,-128.208787],[215.712103,-128.13062]]}},{"type":"Feature","id":"1916-Newwworld","properties":{"roadId":"1916-Newwworld","width":87.9,"hidden":true},"geometry":{"type":"LineString","coordinates":[[60.193112,-105.294107],[60.015594,-104.805329],[59.926766,-104.399599],[60.06141,-104.02892]]}},{"type":"Feature","id":"1917-__Working Level","properties":{"roadId":"1917-__Working Level","width":89.8,"hidden":true},"geometry":{"type":"LineString","coordinates":[[217.33624,-127.950995],[217.004295,-128.372288],[216.833287,-129.045379],[216.818183,-129.219067]]}},{"type":"Feature","id":"1917-Newwworld","properties":{"roadId":"1917-Newwworld","width":87.9,"hidden":true},"geometry":{"type":"LineString","coordinates":[[61.60928,-106.50142],[61.535486,-106.148181],[61.304878,-105.877399],[61.019391,-105.553813],[60.906847,-105.366086],[60.681352,-105.328769],[60.193112,-105.294107]]}},{"type":"Feature","id":"1918-__Working Level","properties":{"roadId":"1918-__Working Level","width":89.8,"hidden":true},"geometry":{"type":"LineString","coordinates":[[216.818183,-129.219067],[215.712103,-128.13062]]}},{"type":"Feature","id":"1918-Newwworld","properties":{"roadId":"1918-Newwworld","width":87.9,"hidden":true},"geometry":{"type":"LineString","coordinates":[[61.667197,-109.398236],[61.26572,-109.227862],[60.981943,-109.185127],[60.730475,-108.906975],[60.726708,-108.839874],[60.768279,-108.729266],[60.475413,-108.462642],[60.372687,-108.449144],[59.783987,-107.78494],[59.5766,-107.294557],[59.436018,-106.946048],[59.404438,-106.749702]]}},{"type":"Feature","id":"1919-__Working Level","properties":{"roadId":"1919-__Working Level","width":105.0,"hidden":true},"geometry":{"type":"LineString","coordinates":[[218.242233,-127.412365],[217.450911,-127.905899],[217.33624,-127.950995]]}},{"type":"Feature","id":"1919-Newwworld","properties":{"roadId":"1919-Newwworld","width":87.9,"hidden":true},"geometry":{"type":"LineString","coordinates":[[61.60928,-106.50142],[61.577023,-107.048913],[61.732744,-107.230563],[61.655634,-107.594445],[62.006903,-108.174047],[61.92008,-108.354777],[61.920167,-108.578597],[61.804836,-108.823069],[61.816789,-109.080474],[61.667197,-109.398236]]}},{"type":"Feature","id":"191-Newwworld","properties":{"roadId":"191-Newwworld","width":87.9,"hidden":false},"geometry":{"type":"LineString","coordinates":[[92.349471,-125.253211],[92.809898,-125.236984],[93.042503,-125.309792],[93.29233,-125.432529],[93.436897,-125.579692],[93.899919,-125.733757],[94.121517,-125.786741],[94.317264,-125.922331]]}},{"type":"Feature","id":"1920-Newwworld","properties":{"roadId":"1920-Newwworld","width":87.9,"hidden":true},"geometry":{"type":"LineString","coordinates":[[64.764299,-100.361365],[64.840697,-100.535089],[64.753119,-100.90503],[64.593813,-100.954223],[64.609559,-101.117478],[64.679638,-101.21168],[64.682311,-101.5657],[64.712876,-102.005572],[64.676669,-102.148367]]}},{"type":"Feature","id":"1921-__Working Level","properties":{"roadId":"1921-__Working Level","width":116.4,"hidden":true},"geometry":{"type":"LineString","coordinates":[[172.537825,-99.757239],[173.479382,-100.049133]]}},{"type":"Feature","id":"1921-Newwworld","properties":{"roadId":"1921-Newwworld","width":87.9,"hidden":true},"geometry":{"type":"LineString","coordinates":[[64.143794,-94.145241],[64.121007,-94.554565],[64.194905,-94.717865],[64.180886,-94.865599],[63.967144,-95.208977],[63.824027,-95.604638]]}},{"type":"Feature","id":"1922-__Working Level","properties":{"roadId":"1922-__Working Level","width":106.9,"hidden":true},"geometry":{"type":"LineString","coordinates":[[168.554105,-97.297352],[168.842361,-97.414836],[169.386364,-97.754958],[170.035203,-98.306618],[170.191471,-98.326366],[170.991786,-98.858313],[171.487656,-98.94958],[172.005965,-99.320667],[172.322633,-99.54315],[172.537825,-99.757239]]}},{"type":"Feature","id":"1922-Newwworld","properties":{"roadId":"1922-Newwworld","width":87.9,"hidden":true},"geometry":{"type":"LineString","coordinates":[[64.312579,-99.761745],[64.421833,-99.848872],[64.455401,-100.054089],[64.607971,-100.253152],[64.764299,-100.361365]]}},{"type":"Feature","id":"1922-RoadWorks","properties":{"roadId":"1922-RoadWorks","width":105.0,"hidden":true},"geometry":{"type":"LineString","coordinates":[[182.116815,-132.108773],[181.959957,-132.036725],[181.672474,-131.909492],[181.529964,-131.896794],[181.366249,-131.849061],[181.268523,-131.73677],[181.092888,-131.655311],[180.854598,-131.503405],[180.753747,-131.461538],[180.722444,-131.404541],[180.73162,-131.308812],[180.765248,-131.275988],[180.758009,-131.163841],[180.759528,-130.758666],[180.615178,-130.562539],[180.368198,-130.410324],[180.090072,-130.055132],[179.223264,-129.910384],[178.254007,-130.025187],[177.937617,-129.935732],[177.598866,-130.038747],[177.329299,-130.252958],[176.62191,-130.188425]]}},{"type":"Feature","id":"1923-__Working Level","properties":{"roadId":"1923-__Working Level","width":105.0,"hidden":true},"geometry":{"type":"LineString","coordinates":[[217.33624,-127.950995],[217.493706,-127.556329],[217.472873,-127.285477]]}},{"type":"Feature","id":"1923-Newwworld","properties":{"roadId":"1923-Newwworld","width":87.9,"hidden":true},"geometry":{"type":"LineString","coordinates":[[65.374067,-99.514643],[65.157513,-99.827083],[65.14016,-99.992622],[65.019413,-100.128777],[64.918111,-100.16442],[64.764299,-100.361365]]}},{"type":"Feature","id":"1923-RoadWorks","properties":{"roadId":"1923-RoadWorks","width":105.0,"hidden":true},"geometry":{"type":"LineString","coordinates":[[182.116815,-132.108773],[182.370532,-131.856276],[182.496131,-131.790021],[182.570749,-131.799732],[182.832165,-132.129938],[183.113078,-132.165055]]}},{"type":"Feature","id":"1924-__Working Level","properties":{"roadId":"1924-__Working Level","width":105.0,"hidden":true},"geometry":{"type":"LineString","coordinates":[[217.472873,-127.285477],[217.466796,-127.207402],[217.462109,-127.145875],[217.790843,-127.312004],[218.242233,-127.412365]]}},{"type":"Feature","id":"1924-Newwworld","properties":{"roadId":"1924-Newwworld","width":87.9,"hidden":true},"geometry":{"type":"LineString","coordinates":[[64.312579,-99.761745],[64.579603,-99.555086],[64.919404,-99.567742],[65.374067,-99.514643]]}},{"type":"Feature","id":"1924-RoadWorks","properties":{"roadId":"1924-RoadWorks","width":105.0,"hidden":true},"geometry":{"type":"LineString","coordinates":[[191.835269,-137.363313],[191.961389,-137.340483],[192.141042,-137.408921],[192.386833,-137.456074],[192.629733,-137.694963],[192.765489,-137.632463],[193.561516,-137.247323],[193.713018,-137.182713],[194.120806,-136.941107]]}},{"type":"Feature","id":"1925-__Working Level","properties":{"roadId":"1925-__Working Level","width":105.0,"hidden":true},"geometry":{"type":"LineString","coordinates":[[216.120785,-121.645928],[216.227903,-121.618944],[216.476949,-121.636765],[217.032594,-121.383715],[218.128691,-120.675537],[220.153437,-120.091907],[220.95127,-120.032278],[221.410907,-120.084162],[222.141986,-119.955237],[222.464383,-119.928243],[222.729575,-119.773449],[223.364386,-119.816287],[223.663258,-119.752117],[224.191038,-119.815094],[225.012742,-119.625753],[225.494081,-119.617324]]}},{"type":"Feature","id":"1925-Newwworld","properties":{"roadId":"1925-Newwworld","width":87.9,"hidden":true},"geometry":{"type":"LineString","coordinates":[[63.782768,-91.677212],[63.764704,-91.445544],[63.801562,-91.180465],[63.752464,-90.806922],[63.653697,-90.569352],[63.462498,-90.365246],[63.383922,-90.302728],[63.362967,-90.201061],[63.083374,-89.789957],[62.788208,-88.969564],[62.776845,-88.775752],[62.011235,-88.182903],[61.813682,-87.871791]]}},{"type":"Feature","id":"1925-RoadWorks","properties":{"roadId":"1925-RoadWorks","width":105.0,"hidden":true},"geometry":{"type":"LineString","coordinates":[[190.845257,-136.861367],[190.993547,-136.878572],[191.565137,-137.150665],[191.835269,-137.363313]]}},{"type":"Feature","id":"1926-__Working Level","properties":{"roadId":"1926-__Working Level","width":105.0,"hidden":true},"geometry":{"type":"LineString","coordinates":[[217.472873,-127.285477],[217.299348,-127.172134],[217.124347,-126.885303],[217.213323,-126.212342]]}},{"type":"Feature","id":"1926-Newwworld","properties":{"roadId":"1926-Newwworld","width":87.9,"hidden":true},"geometry":{"type":"LineString","coordinates":[[65.400795,-92.560357],[65.343642,-92.546165],[65.181263,-92.706894],[65.149978,-92.843014],[65.121262,-92.960324],[64.855281,-93.275108],[64.758631,-93.464952],[64.595696,-93.616021],[64.51778,-93.820327],[64.502345,-94.087125],[64.487779,-94.121439]]}},{"type":"Feature","id":"1926-RoadWorks","properties":{"roadId":"1926-RoadWorks","width":105.0,"hidden":true},"geometry":{"type":"LineString","coordinates":[[191.22636,-138.039513],[191.386265,-137.767151],[191.431127,-137.709269],[191.835269,-137.363313]]}},{"type":"Feature","id":"1927-__Working Level","properties":{"roadId":"1927-__Working Level","width":105.0,"hidden":true},"geometry":{"type":"LineString","coordinates":[[225.494081,-119.617324],[225.813873,-119.611726],[226.099291,-119.475392],[226.852592,-118.985421],[227.776727,-118.494829],[228.316052,-118.294802],[229.478209,-117.984775],[229.964669,-117.782023],[230.483594,-117.694054],[231.115454,-117.281639],[231.814067,-117.195632],[232.267628,-116.993582],[233.159905,-116.801915],[234.230482,-116.350559],[234.806525,-116.027286],[235.365121,-115.627866],[235.82415,-115.319645],[236.046373,-114.976032],[236.20028,-114.816796],[236.952279,-114.373435],[237.372419,-114.265205],[237.563219,-114.073538],[238.314523,-113.670394],[239.180846,-113.424282],[240.08354,-113.181443],[240.662448,-113.132588],[240.834584,-113.130106],[240.902206,-113.106538],[240.9233,-113.033126],[240.835626,-112.942909],[240.895609,-112.829358],[241.548041,-112.427751],[242.394051,-112.142698],[242.654208,-111.955354],[243.146918,-111.60004],[243.623135,-111.024283],[243.703865,-110.763101],[243.934768,-110.615861],[244.311592,-110.221355],[244.384075,-110.111667],[244.365846,-109.524373],[244.330776,-109.155266],[244.433555,-108.983798],[244.43668,-107.894984],[244.44293,-107.495877],[244.789806,-106.454831],[244.993365,-105.075721],[245.252481,-104.487698],[245.860469,-103.934016],[246.027223,-103.606046],[246.637815,-103.316001],[246.76108,-103.348311],[247.305526,-102.944507],[247.539381,-102.693994],[247.918983,-102.474011],[248.080702,-102.219913],[248.393203,-101.760753],[248.806746,-101.403434],[249.1893,-101.179683],[249.562305,-101.049674],[250.031924,-100.952868],[250.392516,-100.689578],[250.851111,-100.203178],[251.096424,-99.72204]]}},{"type":"Feature","id":"1927-Newwworld","properties":{"roadId":"1927-Newwworld","width":87.9,"hidden":true},"geometry":{"type":"LineString","coordinates":[[63.782768,-91.677212],[64.045868,-91.853011],[64.509594,-91.824869],[64.881062,-91.84341],[65.097964,-91.833532],[65.198416,-91.956397],[65.291905,-92.109713],[65.520352,-92.233993]]}},{"type":"Feature","id":"1927-RoadWorks","properties":{"roadId":"1927-RoadWorks","width":105.0,"hidden":true},"geometry":{"type":"LineString","coordinates":[[190.845257,-136.861367],[190.907132,-137.349641],[191.22636,-138.039513]]}},{"type":"Feature","id":"1928-__Working Level","properties":{"roadId":"1928-__Working Level","width":105.0,"hidden":true},"geometry":{"type":"LineString","coordinates":[[221.866377,-125.993857],[221.929659,-125.647655],[222.520893,-125.246189],[223.334177,-124.607647],[223.509091,-124.257439],[223.792078,-123.947014],[223.942773,-123.088929],[223.971246,-122.726466],[224.272635,-122.264065],[224.444164,-122.075447],[224.622723,-121.393912],[225.136788,-120.91489],[225.494081,-119.617324]]}},{"type":"Feature","id":"1928-Newwworld","properties":{"roadId":"1928-Newwworld","width":87.9,"hidden":true},"geometry":{"type":"LineString","coordinates":[[65.520352,-92.233993],[65.400795,-92.560357]]}},{"type":"Feature","id":"1928-RoadWorks","properties":{"roadId":"1928-RoadWorks","width":105.0,"hidden":true},"geometry":{"type":"LineString","coordinates":[[183.113078,-132.165055],[183.459546,-132.505481]]}},{"type":"Feature","id":"1929-__Working Level","properties":{"roadId":"1929-__Working Level","width":89.8,"hidden":true},"geometry":{"type":"LineString","coordinates":[[215.350383,-128.038003],[214.06267,-127.708301],[212.799567,-128.125812],[211.120907,-128.046409]]}},{"type":"Feature","id":"1929-Newwworld","properties":{"roadId":"1929-Newwworld","width":101.2,"hidden":true},"geometry":{"type":"LineString","coordinates":[[66.110328,-92.272474],[65.981083,-92.522154]]}},{"type":"Feature","id":"1929-RoadWorks","properties":{"roadId":"1929-RoadWorks","width":105.0,"hidden":true},"geometry":{"type":"LineString","coordinates":[[183.459546,-132.505481],[183.861821,-133.296882],[184.218628,-133.526365],[184.777979,-134.023193],[185.091773,-134.00512],[185.489327,-133.683473],[185.669206,-133.679715],[185.738659,-133.72803],[186.038565,-133.773616],[186.326804,-133.785474],[187.041216,-133.713676],[187.170843,-133.682081],[187.602737,-133.784458],[188.024396,-133.581622],[188.386733,-133.660044],[188.626864,-133.766639],[188.703487,-133.875355],[188.701204,-133.977025],[188.844529,-134.494973],[189.312283,-135.08757],[189.668256,-135.682485],[189.714315,-136.032085],[189.897831,-136.229929],[190.069638,-136.205386],[190.553302,-136.263372],[190.670803,-136.352952],[190.654804,-136.539403],[190.845257,-136.861367]]}},{"type":"Feature","id":"192-Newwworld","properties":{"roadId":"192-Newwworld","width":87.9,"hidden":false},"geometry":{"type":"LineString","coordinates":[[92.349471,-125.253211],[92.485713,-125.430765],[92.451373,-125.627899],[92.498673,-125.855549],[92.607727,-126.146086],[92.933388,-126.374991],[93.086948,-126.530222],[93.394292,-126.764202]]}},{"type":"Feature","id":"1930-__Working Level","properties":{"roadId":"1930-__Working Level","width":105.0,"hidden":true},"geometry":{"type":"LineString","coordinates":[[217.213323,-126.212342],[217.261327,-125.849988],[217.21098,-125.182484],[217.276171,-125.040766],[217.037976,-124.672392],[216.694658,-124.656737],[216.127903,-124.111691],[215.81002,-123.648074],[216.337366,-123.345438],[216.419744,-123.023839],[216.247174,-122.582564],[216.379466,-122.150955],[216.368442,-122.061284],[216.294917,-122.021518],[216.120785,-121.645928]]}},{"type":"Feature","id":"1930-Newwworld","properties":{"roadId":"1930-Newwworld","width":87.9,"hidden":true},"geometry":{"type":"LineString","coordinates":[[65.520352,-92.233993],[66.110328,-92.272474]]}},{"type":"Feature","id":"1930-RoadWorks","properties":{"roadId":"1930-RoadWorks","width":105.0,"hidden":true},"geometry":{"type":"LineString","coordinates":[[183.113078,-132.165055],[183.391768,-132.041397]]}},{"type":"Feature","id":"1931-__Working Level","properties":{"roadId":"1931-__Working Level","width":89.8,"hidden":true},"geometry":{"type":"LineString","coordinates":[[215.350383,-128.038003],[215.936496,-127.150036],[217.213323,-126.212342]]}},{"type":"Feature","id":"1931-Newwworld","properties":{"roadId":"1931-Newwworld","width":87.9,"hidden":true},"geometry":{"type":"LineString","coordinates":[[67.368327,-97.305573],[67.109472,-97.417943],[66.891347,-97.54981],[66.678473,-97.816912],[66.618724,-97.999976],[66.453923,-98.117529],[66.239417,-98.245958],[66.143332,-98.527252],[65.787376,-99.02814],[65.595882,-99.228574],[65.482522,-99.358175],[65.374067,-99.514643]]}},{"type":"Feature","id":"1931-RoadWorks","properties":{"roadId":"1931-RoadWorks","width":105.0,"hidden":true},"geometry":{"type":"LineString","coordinates":[[183.391768,-132.041397],[183.459546,-132.505481]]}},{"type":"Feature","id":"1932-__Working Level","properties":{"roadId":"1932-__Working Level","width":105.0,"hidden":true},"geometry":{"type":"LineString","coordinates":[[195.257424,-122.932394],[195.117172,-123.241151],[195.146981,-123.482953],[194.892979,-123.783844],[194.749896,-124.053548],[194.571823,-124.25419],[194.601797,-124.459286],[194.438828,-124.818132],[194.352951,-124.981097],[193.952802,-125.289834],[193.737245,-125.72811],[193.798027,-126.368093],[193.850822,-126.510573],[193.785397,-126.617277],[193.59774,-126.744951],[193.503712,-126.989074]]}},{"type":"Feature","id":"1932-Newwworld","properties":{"roadId":"1932-Newwworld","width":87.9,"hidden":true},"geometry":{"type":"LineString","coordinates":[[67.368327,-97.305573],[67.759006,-97.560131],[68.234902,-97.957528],[68.583332,-98.18002]]}},{"type":"Feature","id":"1932-RoadWorks","properties":{"roadId":"1932-RoadWorks","width":105.0,"hidden":true},"geometry":{"type":"LineString","coordinates":[[183.35195,-127.344462],[183.505119,-127.36924],[183.702177,-127.201282],[183.704425,-127.182847],[184.088758,-126.855351],[184.110867,-126.612014],[184.370964,-126.460036],[184.582501,-126.533191],[184.779498,-126.839403],[184.806469,-126.91795],[185.417365,-128.526822],[185.417287,-128.526827],[186.356795,-129.122276],[186.44986,-129.097885],[187.603535,-128.867565],[187.711279,-128.771611],[187.771079,-128.645974],[187.830758,-128.623164],[187.934101,-128.634494],[187.953033,-128.517138],[187.785125,-128.319167],[187.952538,-127.925357],[188.411212,-127.585668],[188.489493,-127.471284],[188.939217,-127.265368],[188.955424,-127.266239],[189.113688,-127.365837],[189.150928,-127.40016],[189.375069,-127.348261],[189.459314,-127.431527],[189.540252,-127.474405],[189.818786,-127.836882],[190.32667,-127.922174],[190.437174,-127.904142],[190.707661,-128.019288],[190.763294,-128.056443],[191.433045,-127.939903],[191.648983,-127.143593],[191.723601,-127.017236],[192.035078,-126.788939],[192.028759,-126.662449],[191.997865,-126.491703],[192.009583,-126.492517],[192.295279,-126.415415],[192.37843,-126.402324],[192.49791,-126.518125],[192.632554,-126.527419],[192.960585,-126.694843],[193.194648,-126.765395],[193.250282,-126.762315],[193.421298,-126.877285],[193.442887,-126.900132],[193.503712,-126.989074]]}},{"type":"Feature","id":"1933-__Working Level","properties":{"roadId":"1933-__Working Level","width":105.0,"hidden":true},"geometry":{"type":"LineString","coordinates":[[194.095893,-127.745263],[194.099478,-127.745715],[194.551858,-128.006981]]}},{"type":"Feature","id":"1933-Newwworld","properties":{"roadId":"1933-Newwworld","width":87.9,"hidden":true},"geometry":{"type":"LineString","coordinates":[[68.583332,-98.18002],[69.032283,-97.439384],[69.087708,-96.370518]]}},{"type":"Feature","id":"1933-RoadWorks","properties":{"roadId":"1933-RoadWorks","width":105.0,"hidden":true},"geometry":{"type":"LineString","coordinates":[[183.391768,-132.041397],[183.465735,-131.530074],[183.607723,-131.470239],[183.69531,-131.362385],[183.669191,-130.645097],[183.714251,-129.7543],[183.310778,-128.571243],[183.247366,-128.477915],[183.242071,-128.403895],[183.12806,-128.229156],[183.35195,-127.344462]]}},{"type":"Feature","id":"1934-__Working Level","properties":{"roadId":"1934-__Working Level","width":105.0,"hidden":true},"geometry":{"type":"LineString","coordinates":[[194.551858,-128.006981],[194.608715,-128.039819],[194.816346,-128.088615],[195.052111,-128.117524],[195.057753,-128.119122],[195.192094,-128.144431],[195.335602,-128.062153]]}},{"type":"Feature","id":"1934-Newwworld","properties":{"roadId":"1934-Newwworld","width":87.9,"hidden":true},"geometry":{"type":"LineString","coordinates":[[68.583332,-98.18002],[68.484434,-98.773312],[68.843358,-99.136638],[69.850975,-99.563246]]}},{"type":"Feature","id":"1934-RoadWorks","properties":{"roadId":"1934-RoadWorks","width":105.0,"hidden":true},"geometry":{"type":"LineString","coordinates":[[200.150427,-135.286107],[200.237953,-135.18295],[200.382936,-135.190839],[200.530741,-134.929599],[200.665871,-134.707705],[200.629725,-134.506289],[200.642095,-134.408053],[200.584048,-134.349692],[200.803858,-134.080068],[200.838103,-133.833234],[200.869032,-133.746719],[200.78029,-133.658971],[200.471982,-133.264137],[200.420298,-132.974939],[200.528241,-132.409815],[200.672521,-132.142452]]}},{"type":"Feature","id":"1935-__Working Level","properties":{"roadId":"1935-__Working Level","width":105.0,"hidden":true},"geometry":{"type":"LineString","coordinates":[[194.095893,-127.745263],[194.096266,-127.861361],[194.065441,-127.945156],[194.087169,-128.2632]]}},{"type":"Feature","id":"1935-Newwworld","properties":{"roadId":"1935-Newwworld","width":87.9,"hidden":true},"geometry":{"type":"LineString","coordinates":[[72.774179,-102.285329],[72.737912,-102.825106]]}},{"type":"Feature","id":"1935-RoadWorks","properties":{"roadId":"1935-RoadWorks","width":105.0,"hidden":true},"geometry":{"type":"LineString","coordinates":[[199.696129,-136.296499],[199.944497,-136.302764],[200.039246,-136.394422],[200.248309,-136.556688],[200.277441,-136.607977],[200.326747,-137.016489],[200.361079,-137.070274],[200.683797,-137.325006]]}},{"type":"Feature","id":"1936-__Working Level","properties":{"roadId":"1936-__Working Level","width":105.0,"hidden":true},"geometry":{"type":"LineString","coordinates":[[194.087169,-128.2632],[194.397986,-128.065142],[194.551858,-128.006981]]}},{"type":"Feature","id":"1936-Newwworld","properties":{"roadId":"1936-Newwworld","width":87.9,"hidden":true},"geometry":{"type":"LineString","coordinates":[[73.76459,-102.182907],[74.170564,-101.928965]]}},{"type":"Feature","id":"1936-RoadWorks","properties":{"roadId":"1936-RoadWorks","width":105.0,"hidden":true},"geometry":{"type":"LineString","coordinates":[[200.150427,-135.286107],[199.955122,-135.138578],[199.850391,-134.89981],[199.758412,-134.8718],[199.521961,-135.287093],[199.395225,-135.387514],[199.368002,-135.456492],[199.437013,-135.51691],[199.424357,-135.629522],[199.512031,-135.831172],[199.626658,-135.990512],[199.696129,-136.296499]]}},{"type":"Feature","id":"1937-__Working Level","properties":{"roadId":"1937-__Working Level","width":105.0,"hidden":true},"geometry":{"type":"LineString","coordinates":[[196.944201,-133.705574],[197.020772,-133.525782],[197.194705,-133.383773],[197.254731,-133.308505],[197.361468,-133.223423],[197.869959,-132.325676],[197.993527,-131.971783],[198.038432,-131.267222],[198.02252,-131.201942],[197.706469,-130.501365],[197.685054,-130.434153]]}},{"type":"Feature","id":"1937-Newwworld","properties":{"roadId":"1937-Newwworld","width":87.9,"hidden":true},"geometry":{"type":"LineString","coordinates":[[72.774179,-102.285329],[73.76459,-102.182907]]}},{"type":"Feature","id":"1937-RoadWorks","properties":{"roadId":"1937-RoadWorks","width":105.0,"hidden":true},"geometry":{"type":"LineString","coordinates":[[196.915702,-134.105893],[196.844426,-133.93987],[196.944201,-133.705574]]}},{"type":"Feature","id":"1938-__Working Level","properties":{"roadId":"1938-__Working Level","width":105.0,"hidden":true},"geometry":{"type":"LineString","coordinates":[[194.087169,-128.2632],[194.024799,-128.402764],[194.089851,-128.523082],[193.956838,-129.065117],[193.810353,-129.561734],[193.612436,-130.296832],[193.627462,-130.493842],[193.55945,-130.919398],[193.178997,-131.428775],[193.170837,-131.60511],[193.035559,-131.994718],[192.937295,-132.40432],[192.891097,-132.501327],[193.083276,-133.145346],[193.158632,-133.411094],[193.226428,-133.843403]]}},{"type":"Feature","id":"1938-Newwworld","properties":{"roadId":"1938-Newwworld","width":87.9,"hidden":true},"geometry":{"type":"LineString","coordinates":[[71.14262,-100.364898],[71.94172,-101.002599]]}},{"type":"Feature","id":"1938-RoadWorks","properties":{"roadId":"1938-RoadWorks","width":105.0,"hidden":true},"geometry":{"type":"LineString","coordinates":[[197.000616,-134.798357],[197.073628,-134.843466],[197.257283,-134.960148],[197.295669,-134.979707],[197.543387,-135.72639],[197.933579,-135.902231],[198.445829,-136.188666],[198.469814,-136.177675],[198.907471,-136.236198],[199.070102,-136.280708],[199.696129,-136.296499]]}},{"type":"Feature","id":"1939-__Working Level","properties":{"roadId":"1939-__Working Level","width":105.0,"hidden":true},"geometry":{"type":"LineString","coordinates":[[193.226428,-133.843403],[193.331341,-133.975266],[193.601742,-133.96776],[193.773461,-134.01337],[194.354522,-133.918736],[194.757778,-134.051107],[194.853977,-134.077238],[195.223058,-133.786198],[195.337268,-133.603652],[195.659249,-133.599693],[195.769032,-133.571804],[195.871272,-133.610082],[196.010908,-133.640624],[196.503861,-133.748336],[196.944201,-133.705574]]}},{"type":"Feature","id":"1939-Newwworld","properties":{"roadId":"1939-Newwworld","width":87.9,"hidden":true},"geometry":{"type":"LineString","coordinates":[[77.247823,-99.832474],[77.695185,-99.13031],[77.780081,-99.06899]]}},{"type":"Feature","id":"1939-RoadWorks","properties":{"roadId":"1939-RoadWorks","width":105.0,"hidden":true},"geometry":{"type":"LineString","coordinates":[[196.915702,-134.105893],[197.000616,-134.798357]]}},{"type":"Feature","id":"193-Newwworld","properties":{"roadId":"193-Newwworld","width":80.0,"hidden":false},"geometry":{"type":"LineString","coordinates":[[94.606171,-126.61606],[94.740096,-126.955345],[95.154186,-127.517466],[95.20824,-127.800965],[94.820061,-128.104958],[94.736953,-128.488556],[94.772865,-128.970796],[95.234342,-129.65595],[95.182041,-130.243641]]}},{"type":"Feature","id":"1940-__Working Level","properties":{"roadId":"1940-__Working Level","width":105.0,"hidden":true},"geometry":{"type":"LineString","coordinates":[[194.120806,-136.941107],[194.897935,-136.480657],[195.113101,-136.432562],[195.471027,-136.393105],[195.573181,-136.389957],[195.739353,-136.426465],[196.122549,-136.01521],[196.149771,-135.913476],[196.202549,-135.414506],[196.44584,-134.684202]]}},{"type":"Feature","id":"1940-Newwworld","properties":{"roadId":"1940-Newwworld","width":87.9,"hidden":true},"geometry":{"type":"LineString","coordinates":[[71.14262,-100.364898],[71.429496,-100.281087],[72.039749,-100.295722]]}},{"type":"Feature","id":"1940-RoadWorks","properties":{"roadId":"1940-RoadWorks","width":105.0,"hidden":true},"geometry":{"type":"LineString","coordinates":[[180.062086,-134.16546],[179.805011,-133.947467],[179.677502,-133.662331],[179.00368,-133.083081],[178.869513,-132.920946],[178.504598,-132.240901],[178.46182,-132.175674],[177.647781,-131.252547],[177.028855,-130.940074],[176.9304,-130.796247],[176.62191,-130.188425]]}},{"type":"Feature","id":"1941-__Working Level","properties":{"roadId":"1941-__Working Level","width":105.0,"hidden":true},"geometry":{"type":"LineString","coordinates":[[193.226428,-133.843403],[193.207877,-134.413061],[193.268589,-134.68584],[192.94871,-134.932382],[192.780011,-135.266126],[192.842347,-135.482371],[193.056627,-135.856896],[193.660162,-136.190794],[193.828739,-136.421887],[193.903227,-136.47724],[193.930267,-136.65025],[194.120806,-136.941107]]}},{"type":"Feature","id":"1941-Newwworld","properties":{"roadId":"1941-Newwworld","width":87.9,"hidden":true},"geometry":{"type":"LineString","coordinates":[[74.762918,-99.701467],[75.0964,-99.700338],[75.595256,-99.923386],[76.021577,-99.994827],[77.247823,-99.832474]]}},{"type":"Feature","id":"1942-Newwworld","properties":{"roadId":"1942-Newwworld","width":87.9,"hidden":false},"geometry":{"type":"LineString","coordinates":[[74.762918,-99.701467],[75.017121,-100.030556],[75.485065,-101.091497],[76.057063,-101.638539]]}},{"type":"Feature","id":"1942-RoadWorks","properties":{"roadId":"1942-RoadWorks","width":101.2,"hidden":true},"geometry":{"type":"LineString","coordinates":[[39.501436,-183.682081],[39.132251,-183.189571],[39.215324,-183.001306],[39.110376,-182.715481]]}},{"type":"Feature","id":"1943-Newwworld","properties":{"roadId":"1943-Newwworld","width":87.9,"hidden":true},"geometry":{"type":"LineString","coordinates":[[72.039749,-100.295722],[73.109519,-100.019497],[74.511971,-99.702317],[74.762918,-99.701467]]}},{"type":"Feature","id":"1943-RoadWorks","properties":{"roadId":"1943-RoadWorks","width":101.2,"hidden":true},"geometry":{"type":"LineString","coordinates":[[34.830326,-201.235231],[35.229981,-201.176238],[35.390658,-201.125925],[35.770694,-200.903537],[36.178161,-200.47884],[36.692659,-200.295393],[37.236758,-200.26837],[37.579641,-200.444013],[37.786847,-200.416435],[38.224522,-200.510116],[38.933986,-200.65996],[39.008032,-200.712998],[39.049264,-200.742521]]}},{"type":"Feature","id":"1944-Newwworld","properties":{"roadId":"1944-Newwworld","width":87.9,"hidden":true},"geometry":{"type":"LineString","coordinates":[[71.94172,-101.002599],[72.436417,-101.982854],[72.774179,-102.285329]]}},{"type":"Feature","id":"1944-RoadWorks","properties":{"roadId":"1944-RoadWorks","width":101.2,"hidden":true},"geometry":{"type":"LineString","coordinates":[[39.501436,-183.682081],[39.163674,-184.138402],[39.112893,-184.350851],[39.161678,-184.620418],[39.003518,-185.017016],[38.630947,-185.822167],[38.311067,-186.077662],[37.933983,-186.4467],[37.845701,-186.609808],[37.286932,-186.662447],[37.043268,-186.61486],[36.662624,-186.765112],[36.606027,-186.837413],[36.352641,-186.870799],[36.209064,-187.055183],[36.051424,-188.444945],[36.044653,-188.753826],[35.833194,-188.938618],[35.675295,-189.25302]]}},{"type":"Feature","id":"1945-Newwworld","properties":{"roadId":"1945-Newwworld","width":87.9,"hidden":true},"geometry":{"type":"LineString","coordinates":[[72.039749,-100.295722],[71.94172,-101.002599]]}},{"type":"Feature","id":"1945-RoadWorks","properties":{"roadId":"1945-RoadWorks","width":122.1,"hidden":true},"geometry":{"type":"LineString","coordinates":[[31.296373,-196.484095],[31.054619,-196.201881],[30.952883,-196.221273],[30.753316,-196.085621],[30.719115,-195.979354]]}},{"type":"Feature","id":"1946-Newwworld","properties":{"roadId":"1946-Newwworld","width":87.9,"hidden":true},"geometry":{"type":"LineString","coordinates":[[69.850975,-99.563246],[69.915194,-99.616961],[70.411931,-100.032492]]}},{"type":"Feature","id":"1946-RoadWorks","properties":{"roadId":"1946-RoadWorks","width":101.2,"hidden":true},"geometry":{"type":"LineString","coordinates":[[34.008101,-193.366949],[33.930931,-193.573512],[33.959577,-193.692176],[34.408624,-194.033653],[34.789354,-194.188653],[35.234929,-194.739593],[35.471908,-195.362841]]}},{"type":"Feature","id":"1947-Newwworld","properties":{"roadId":"1947-Newwworld","width":87.9,"hidden":true},"geometry":{"type":"LineString","coordinates":[[70.411931,-100.032492],[71.14262,-100.364898]]}},{"type":"Feature","id":"1947-RoadWorks","properties":{"roadId":"1947-RoadWorks","width":122.1,"hidden":true},"geometry":{"type":"LineString","coordinates":[[31.296373,-196.484095],[31.606184,-196.30314],[31.703319,-196.307289],[31.854969,-196.44538],[32.251585,-196.885789],[32.773375,-196.935034],[32.806014,-196.776431],[32.767819,-196.68696],[32.780754,-196.424807],[32.966431,-196.240587],[33.172161,-195.753198],[33.206363,-195.70996],[33.355842,-195.071556],[33.319731,-194.99922],[33.281797,-194.984099],[33.234401,-194.827379],[33.27572,-194.672118],[33.287092,-193.876031],[33.583708,-193.373798],[34.008101,-193.366949]]}},{"type":"Feature","id":"1948-Newwworld","properties":{"roadId":"1948-Newwworld","width":87.9,"hidden":true},"geometry":{"type":"LineString","coordinates":[[69.850975,-99.563246],[69.685644,-100.508796]]}},{"type":"Feature","id":"1948-RoadWorks","properties":{"roadId":"1948-RoadWorks","width":101.2,"hidden":true},"geometry":{"type":"LineString","coordinates":[[35.402898,-196.011185],[34.97616,-196.472359],[35.0759,-197.055356],[35.13597,-197.550817],[35.161144,-198.032442],[35.193696,-198.105429],[35.898472,-198.397105],[36.022431,-198.48352],[36.026858,-198.624979],[35.77217,-199.077107],[35.763489,-199.169477],[35.768784,-199.429635],[35.802378,-199.481406],[35.70559,-199.555763],[35.660538,-199.55368],[35.466179,-199.505598],[34.808278,-199.42243],[34.75142,-199.426301],[34.722687,-199.530208],[34.586055,-200.491279],[34.755934,-200.750516],[34.830326,-201.235231]]}},{"type":"Feature","id":"1949-Newwworld","properties":{"roadId":"1949-Newwworld","width":87.9,"hidden":true},"geometry":{"type":"LineString","coordinates":[[69.685644,-100.508796],[70.411931,-100.032492]]}},{"type":"Feature","id":"1949-RoadWorks","properties":{"roadId":"1949-RoadWorks","width":101.2,"hidden":true},"geometry":{"type":"LineString","coordinates":[[35.471908,-195.362841],[35.402898,-196.011185]]}},{"type":"Feature","id":"1950-Newwworld","properties":{"roadId":"1950-Newwworld","width":87.9,"hidden":true},"geometry":{"type":"LineString","coordinates":[[71.504982,-106.460812],[71.505269,-105.896357],[71.622265,-105.731826],[71.567152,-104.989557],[71.802778,-104.27985],[72.737912,-102.825106]]}},{"type":"Feature","id":"1950-RoadWorks","properties":{"roadId":"1950-RoadWorks","width":101.2,"hidden":true},"geometry":{"type":"LineString","coordinates":[[35.402898,-196.011185],[35.743958,-195.944302]]}},{"type":"Feature","id":"1951-Newwworld","properties":{"roadId":"1951-Newwworld","width":87.9,"hidden":true},"geometry":{"type":"LineString","coordinates":[[69.685644,-100.508796],[68.499685,-101.109266],[68.374511,-101.472627],[68.414485,-101.866769],[68.3009,-101.974096],[68.199493,-102.260364],[68.242176,-102.532388],[68.180084,-103.102502],[68.217089,-103.585455],[68.43143,-104.416274],[68.485796,-105.013195],[68.826405,-105.136685],[69.132847,-105.562962],[69.44652,-105.731287],[69.863128,-105.999005],[70.086436,-106.125152],[70.690057,-106.179527],[70.944312,-106.271558],[71.504982,-106.460812]]}},{"type":"Feature","id":"1951-RoadWorks","properties":{"roadId":"1951-RoadWorks","width":101.2,"hidden":true},"geometry":{"type":"LineString","coordinates":[[35.743958,-195.944302],[35.471908,-195.362841]]}},{"type":"Feature","id":"1952-Newwworld","properties":{"roadId":"1952-Newwworld","width":87.9,"hidden":true},"geometry":{"type":"LineString","coordinates":[[64.686973,-108.791194],[64.382284,-109.402489],[64.408934,-109.589851],[64.369906,-109.706136],[64.159063,-109.871718],[63.835269,-109.932031]]}},{"type":"Feature","id":"1952-RoadWorks","properties":{"roadId":"1952-RoadWorks","width":101.2,"hidden":true},"geometry":{"type":"LineString","coordinates":[[39.082598,-195.951923],[39.131035,-195.813164],[39.200654,-195.385663],[39.25213,-194.983786],[39.222182,-194.510165],[39.227216,-194.167733],[39.396314,-194.059547],[39.547009,-193.920276],[39.476176,-193.639971],[39.398484,-193.35431],[39.299178,-193.19437],[39.205775,-192.989821],[39.147008,-192.681686],[39.155515,-192.422363],[39.315845,-192.124488],[39.372616,-191.858029],[39.300046,-191.18294],[39.322095,-191.001108],[39.329387,-190.801524],[39.458033,-190.492512],[39.529822,-190.216713],[39.574527,-190.085115],[39.746489,-189.90521],[39.754822,-189.399245],[39.766715,-189.07887],[39.657947,-188.889738],[39.79102,-188.420274],[40.005865,-188.230925],[39.97392,-187.990794],[39.824961,-187.859752],[39.76385,-187.42442],[39.8405,-187.175261],[40.108122,-186.617595],[40.280605,-186.498054],[40.728784,-186.365224],[40.815416,-186.069641],[40.634686,-185.744666],[40.371578,-185.592287],[39.928434,-185.026452],[39.863243,-184.538777],[39.592148,-184.226996],[39.504561,-184.000494],[39.501436,-183.682081]]}},{"type":"Feature","id":"1953-Newwworld","properties":{"roadId":"1953-Newwworld","width":80.0,"hidden":true},"geometry":{"type":"LineString","coordinates":[[67.990934,-109.220023],[67.160124,-109.563592],[66.449982,-109.60946],[65.899052,-109.5663],[65.650605,-109.302714],[65.400447,-108.88622]]}},{"type":"Feature","id":"1953-RoadWorks","properties":{"roadId":"1953-RoadWorks","width":101.2,"hidden":true},"geometry":{"type":"LineString","coordinates":[[35.743958,-195.944302],[35.995435,-196.176585],[36.070608,-196.192019],[36.158282,-196.277037],[36.226946,-196.248044],[36.511148,-195.581931],[36.726253,-195.501279],[36.833805,-195.518936],[36.922608,-195.423501],[37.7036,-195.407789],[38.155772,-195.712981],[38.688586,-195.987227]]}},{"type":"Feature","id":"1954-Newwworld","properties":{"roadId":"1954-Newwworld","width":80.0,"hidden":true},"geometry":{"type":"LineString","coordinates":[[65.400447,-108.88622],[64.686973,-108.791194]]}},{"type":"Feature","id":"1954-RoadWorks","properties":{"roadId":"1954-RoadWorks","width":101.2,"hidden":true},"geometry":{"type":"LineString","coordinates":[[38.688586,-195.987227],[39.082598,-195.951923]]}},{"type":"Feature","id":"1955-Newwworld","properties":{"roadId":"1955-Newwworld","width":87.9,"hidden":true},"geometry":{"type":"LineString","coordinates":[[65.36642,-108.158422],[65.273858,-108.315697],[64.686973,-108.791194]]}},{"type":"Feature","id":"1955-RoadWorks","properties":{"roadId":"1955-RoadWorks","width":101.2,"hidden":true},"geometry":{"type":"LineString","coordinates":[[38.838413,-196.652646],[39.082598,-195.951923]]}},{"type":"Feature","id":"1956-Newwworld","properties":{"roadId":"1956-Newwworld","width":80.0,"hidden":true},"geometry":{"type":"LineString","coordinates":[[65.400447,-108.88622],[65.473416,-108.515542],[65.36642,-108.158422]]}},{"type":"Feature","id":"1956-RoadWorks","properties":{"roadId":"1956-RoadWorks","width":101.2,"hidden":true},"geometry":{"type":"LineString","coordinates":[[38.688586,-195.987227],[38.676954,-196.16399],[38.838413,-196.652646]]}},{"type":"Feature","id":"1957-Newwworld","properties":{"roadId":"1957-Newwworld","width":87.9,"hidden":true},"geometry":{"type":"LineString","coordinates":[[63.824027,-95.604638],[63.858368,-95.807625],[64.004644,-95.977782],[64.007092,-96.122696],[63.992752,-96.208382],[63.858914,-96.273321],[63.81842,-96.31965],[63.751076,-96.332505],[63.688688,-96.433113],[63.729365,-96.503279],[63.829036,-96.550015],[63.953863,-96.665284],[63.964427,-96.751865],[64.007517,-97.019478],[64.170756,-97.376841],[64.102804,-97.962884],[64.139184,-98.345759],[63.987621,-98.921967],[64.006675,-99.184381],[63.976875,-99.305858],[64.113108,-99.619704],[64.252249,-99.713628],[64.312579,-99.761745]]}},{"type":"Feature","id":"1957-RoadWorks","properties":{"roadId":"1957-RoadWorks","width":122.1,"hidden":true},"geometry":{"type":"LineString","coordinates":[[28.950966,-190.641784],[28.879265,-190.604032],[28.475878,-190.592547],[28.436815,-190.517486],[28.421711,-190.180098],[28.272492,-189.785218],[28.286294,-189.707249],[28.215026,-189.547066],[28.26303,-189.400651],[28.335773,-189.172195],[28.337422,-189.060294],[28.133342,-188.916812],[27.923532,-188.608174],[27.954782,-188.294944],[27.884383,-188.174293],[27.846449,-188.090681],[27.869886,-187.931931],[27.613201,-187.816948],[27.396273,-187.694161],[27.35452,-187.536521],[26.9428,-187.243743],[26.84549,-187.229984],[26.685768,-187.094237],[26.61042,-186.920695],[26.308596,-186.668541],[26.166842,-186.522707],[25.915452,-186.329512],[25.830383,-186.273062],[25.815713,-186.15972],[25.612847,-185.82576],[25.515625,-185.751541],[25.426649,-185.570864],[25.181249,-185.45628],[25.099651,-185.50161],[24.985501,-185.487782],[24.821004,-185.353076],[24.309718,-185.127051],[24.274388,-185.020975],[24.005811,-184.872406],[23.771608,-184.831608],[23.65798,-184.714706],[23.492094,-184.592353],[23.171693,-184.490417],[22.85598,-184.523968],[22.629938,-184.452014],[22.566136,-184.393238],[22.413357,-184.394297],[22.315353,-184.371215],[22.126117,-184.5252],[21.919172,-184.472744],[21.828546,-184.290781],[21.83523,-184.219166],[21.949293,-184.172013],[21.903633,-184.029443],[21.877418,-183.947429],[21.949293,-183.78946],[22.048686,-183.61485],[22.093825,-183.487584],[22.065439,-183.341099],[22.089398,-183.164111],[22.224468,-183.050664],[22.223079,-182.825629],[22.218305,-182.660724],[22.120474,-182.468509],[22.09478,-182.30936],[21.985578,-182.186321],[21.815873,-182.124315],[21.727938,-182.023716]]}},{"type":"Feature","id":"1958-Newwworld","properties":{"roadId":"1958-Newwworld","width":87.9,"hidden":true},"geometry":{"type":"LineString","coordinates":[[62.260741,-95.390801],[62.129785,-95.521096],[61.922918,-95.552755],[61.883691,-95.659083],[61.875323,-95.777486],[61.878578,-95.991254],[61.795652,-96.097947],[61.641719,-96.17412],[61.394062,-96.17181]]}},{"type":"Feature","id":"1958-RoadWorks","properties":{"roadId":"1958-RoadWorks","width":101.2,"hidden":true},"geometry":{"type":"LineString","coordinates":[[35.675295,-189.25302],[35.451943,-189.496728],[35.456457,-189.773456],[35.164442,-190.068014],[35.097688,-190.314256],[35.119216,-190.383267],[35.082758,-190.589978],[34.656454,-191.219989],[34.550378,-191.773688],[34.074074,-192.647867],[34.07581,-193.185924],[34.008101,-193.366949]]}},{"type":"Feature","id":"1959-Newwworld","properties":{"roadId":"1959-Newwworld","width":87.9,"hidden":true},"geometry":{"type":"LineString","coordinates":[[63.824027,-95.604638],[63.598132,-95.667208],[63.259095,-95.439065],[62.967045,-95.446114],[62.72668,-95.306868],[62.260741,-95.390801]]}},{"type":"Feature","id":"1959-RoadWorks","properties":{"roadId":"1959-RoadWorks","width":122.1,"hidden":true},"geometry":{"type":"LineString","coordinates":[[28.950966,-190.641784],[29.327009,-190.725673],[30.135866,-190.846914],[30.464079,-190.985283],[30.595677,-191.022835],[30.639514,-191.028495],[30.676406,-191.061611],[30.71026,-191.122506],[30.76434,-191.122306],[30.815295,-191.12866],[30.865122,-191.162923],[30.911216,-191.163018],[30.952709,-191.19669],[30.9929,-191.174693],[31.028143,-191.164476],[31.095852,-191.124355],[31.199672,-190.973208],[31.19455,-190.904632],[31.355575,-190.699284],[31.350974,-190.588702],[31.428145,-190.50404],[31.627538,-190.402772],[31.798806,-190.419482],[32.016081,-190.439682],[32.115821,-190.332607],[32.139258,-190.322928],[32.186047,-190.250133],[32.216776,-190.267911],[32.269554,-190.338371],[32.354016,-190.275133],[32.725719,-189.895791],[33.099939,-189.656624],[33.348985,-189.630921],[33.443256,-189.495052],[33.514089,-189.308498],[33.654888,-189.272751],[33.815045,-189.290807],[34.103414,-188.770892],[34.195862,-188.715284],[34.280064,-188.769477],[34.411835,-188.786526],[34.495516,-188.760302],[34.624249,-188.71597],[34.791524,-188.805961],[34.875205,-188.861856],[34.957844,-188.966995],[35.420606,-188.899825],[35.675295,-189.25302]]}},{"type":"Feature","id":"1960-Newwworld","properties":{"roadId":"1960-Newwworld","width":87.9,"hidden":true},"geometry":{"type":"LineString","coordinates":[[67.398744,-95.576444],[67.451453,-95.10218],[67.2064,-94.794158],[67.134446,-94.673724],[67.132893,-94.604279],[67.091451,-94.508715],[67.143986,-94.363297],[67.169195,-94.328723],[67.183891,-94.135345],[67.115783,-93.931048],[67.041243,-93.864867],[66.911329,-93.804789],[66.599193,-93.185854],[66.514956,-92.85752],[65.981083,-92.522154]]}},{"type":"Feature","id":"1960-RoadWorks","properties":{"roadId":"1960-RoadWorks","width":122.1,"hidden":true},"geometry":{"type":"LineString","coordinates":[[25.120919,-180.754076],[25.210676,-180.760057],[25.383767,-180.648434],[25.489757,-180.661793],[25.608594,-180.829294],[25.757639,-181.06327],[26.005644,-181.2088],[26.082206,-181.321222],[26.030817,-181.494331],[25.959289,-181.625616],[26.00764,-181.806268],[26.214672,-181.964419],[26.19436,-182.171165],[26.310332,-182.364794],[26.342537,-182.61206],[26.423614,-182.706288]]}},{"type":"Feature","id":"1961-Newwworld","properties":{"roadId":"1961-Newwworld","width":87.9,"hidden":true},"geometry":{"type":"LineString","coordinates":[[67.401426,-97.244358],[67.368327,-97.305573]]}},{"type":"Feature","id":"1961-RoadWorks","properties":{"roadId":"1961-RoadWorks","width":122.1,"hidden":true},"geometry":{"type":"LineString","coordinates":[[19.285222,-167.195688],[20.000849,-166.977424],[20.85606,-166.909194],[21.324465,-166.840748]]}},{"type":"Feature","id":"1962-Newwworld","properties":{"roadId":"1962-Newwworld","width":87.9,"hidden":true},"geometry":{"type":"LineString","coordinates":[[67.398744,-95.576444],[67.139481,-95.70772],[66.94475,-95.994249],[66.804124,-96.095621]]}},{"type":"Feature","id":"1962-RoadWorks","properties":{"roadId":"1962-RoadWorks","width":122.1,"hidden":true},"geometry":{"type":"LineString","coordinates":[[25.120919,-180.754076],[25.076734,-180.579154],[25.129512,-180.520959],[25.26085,-180.497739],[25.098957,-180.309821],[25.060936,-180.059196],[24.88689,-179.614906]]}},{"type":"Feature","id":"1963-Newwworld","properties":{"roadId":"1963-Newwworld","width":87.9,"hidden":true},"geometry":{"type":"LineString","coordinates":[[66.804124,-96.095621],[66.818143,-96.228391],[66.915583,-96.442454],[67.094559,-96.510839],[67.423015,-96.757073],[67.423649,-96.98295],[67.401426,-97.244358]]}},{"type":"Feature","id":"1963-RoadWorks","properties":{"roadId":"1963-RoadWorks","width":122.1,"hidden":true},"geometry":{"type":"LineString","coordinates":[[20.414132,-168.091534],[20.210832,-167.773711],[19.285222,-167.195688]]}},{"type":"Feature","id":"1964-Newwworld","properties":{"roadId":"1964-Newwworld","width":87.9,"hidden":true},"geometry":{"type":"LineString","coordinates":[[64.487779,-94.121439],[64.47047,-94.162229],[64.379116,-94.2515],[64.248386,-94.173531],[64.143794,-94.145241]]}},{"type":"Feature","id":"1964-RoadWorks","properties":{"roadId":"1964-RoadWorks","width":122.1,"hidden":true},"geometry":{"type":"LineString","coordinates":[[21.324465,-166.840748],[21.640525,-166.794576],[22.704244,-166.343819],[23.592702,-165.827125],[24.61866,-165.580327],[26.066668,-165.443582],[27.553739,-165.73781],[28.918935,-165.845779],[30.672326,-165.721803],[31.300627,-165.237123],[31.551409,-165.211637],[32.190213,-165.024839],[32.926327,-163.879991],[33.279193,-162.472226],[33.286918,-161.944412],[35.100032,-160.623375],[38.366623,-159.184316],[38.791017,-159.194359],[39.274699,-159.373336],[39.693624,-159.695889],[39.853607,-160.00668],[40.242411,-160.161958],[40.426786,-160.077383],[40.415675,-159.629421],[40.507342,-159.338544],[40.689287,-159.267519]]}},{"type":"Feature","id":"1965-Newwworld","properties":{"roadId":"1965-Newwworld","width":87.9,"hidden":true},"geometry":{"type":"LineString","coordinates":[[66.804124,-96.095621],[66.660782,-96.181021],[66.60092,-96.255595],[66.486545,-96.271993],[66.312308,-96.235205],[66.240034,-96.11727],[66.037863,-96.161064],[65.92242,-96.287696],[65.891526,-96.431759],[65.535821,-96.45702],[65.385118,-96.445917],[65.276931,-96.512992],[65.185351,-96.637454],[65.117608,-96.650215],[64.883727,-96.594572],[64.747911,-96.498513],[64.78186,-96.021063],[64.709456,-95.809396],[64.731877,-95.683441],[64.968684,-95.356469],[64.914786,-94.990539],[64.913883,-94.8806],[64.852433,-94.843151],[64.880967,-94.78211],[64.801574,-94.593081],[64.808805,-94.520416],[64.776331,-94.380086],[64.785558,-94.290311],[64.737225,-94.216457],[64.487779,-94.121439]]}},{"type":"Feature","id":"1965-RoadWorks","properties":{"roadId":"1965-RoadWorks","width":122.1,"hidden":true},"geometry":{"type":"LineString","coordinates":[[20.414132,-168.091534],[20.585573,-167.748624],[20.830366,-167.501948],[21.324465,-166.840748]]}},{"type":"Feature","id":"1966-Newwworld","properties":{"roadId":"1966-Newwworld","width":101.2,"hidden":true},"geometry":{"type":"LineString","coordinates":[[49.015982,-107.654228],[49.202016,-107.766911],[49.54456,-107.90376],[50.107722,-108.182294],[50.245344,-108.265819],[50.415944,-108.181539],[50.549529,-108.025661],[50.809313,-108.004264],[51.214774,-107.954203],[51.33882,-107.813873],[52.443719,-107.739115]]}},{"type":"Feature","id":"1966-RoadWorks","properties":{"roadId":"1966-RoadWorks","width":101.2,"hidden":true},"geometry":{"type":"LineString","coordinates":[[37.083633,-171.838907],[36.772868,-171.994984],[36.808024,-172.19554],[36.845177,-172.556957],[36.92799,-172.703277],[36.9674,-172.978095],[36.89457,-173.130596],[36.959674,-173.263409],[36.934066,-173.839409],[36.829639,-174.327588],[36.523041,-174.783579],[36.33962,-174.997442],[36.32304,-175.203884],[36.002987,-175.509336],[35.78059,-176.0336],[35.857934,-176.398228],[35.858629,-176.613116],[35.873733,-176.898543],[35.781805,-177.090488],[35.644305,-177.145757],[35.551596,-177.573232],[35.657586,-178.11214],[35.752031,-178.196646]]}},{"type":"Feature","id":"1967-Newwworld","properties":{"roadId":"1967-Newwworld","width":101.2,"hidden":true},"geometry":{"type":"LineString","coordinates":[[50.949904,-105.648735],[50.717134,-105.538535],[50.304224,-105.198473],[49.892548,-104.995894],[49.490532,-104.691562],[49.422763,-104.559278],[49.307007,-104.493323],[49.194993,-104.500545],[49.101746,-104.580033],[48.747379,-104.590572],[48.063635,-104.555832],[47.70017,-104.585815]]}},{"type":"Feature","id":"1967-RoadWorks","properties":{"roadId":"1967-RoadWorks","width":122.1,"hidden":true},"geometry":{"type":"LineString","coordinates":[[23.532111,-173.017453],[23.410496,-172.333301],[23.119176,-171.948144],[22.905633,-171.369114],[23.088794,-170.996179],[22.619434,-171.152586],[22.384625,-171.10071],[22.098426,-171.238454],[21.937401,-171.071309],[21.634622,-171.08611],[21.429413,-170.837871],[21.299725,-170.400526],[21.10719,-170.006913],[20.758317,-169.844361],[20.664219,-169.629724],[20.24243,-169.291321],[20.192603,-169.102613],[20.221683,-168.716579],[20.414132,-168.091534]]}},{"type":"Feature","id":"1968-Newwworld","properties":{"roadId":"1968-Newwworld","width":101.2,"hidden":true},"geometry":{"type":"LineString","coordinates":[[49.015982,-107.654228],[49.344924,-107.595929],[49.646158,-107.350069],[49.774674,-107.069217],[50.142766,-107.052004],[50.525197,-106.741777],[50.46393,-106.346255],[50.618323,-106.045377],[50.949904,-105.648735]]}},{"type":"Feature","id":"1968-RoadWorks","properties":{"roadId":"1968-RoadWorks","width":101.2,"hidden":true},"geometry":{"type":"LineString","coordinates":[[37.083633,-171.838907],[35.99066,-170.687801],[35.503072,-170.757975],[35.105414,-170.843565],[34.511923,-171.52263],[34.970257,-172.056877],[35.105154,-172.207337],[35.126595,-172.291227],[34.795865,-172.576939],[34.577635,-172.546688],[34.197685,-172.729344],[34.047945,-172.829701],[33.782146,-172.659014],[32.410006,-173.064285],[31.943945,-173.009797],[31.466947,-172.723667],[31.015817,-172.219924],[30.77059,-172.18449],[30.52111,-172.069481],[29.607305,-172.415281],[28.220495,-172.607721],[27.473444,-173.170448],[26.956862,-172.983008],[26.521531,-173.123721],[25.620399,-172.921142],[25.442187,-172.945621],[24.879685,-173.074623],[24.351645,-173.120327],[24.173519,-172.91773],[23.532111,-173.017453]]}},{"type":"Feature","id":"1969-Newwworld","properties":{"roadId":"1969-Newwworld","width":101.2,"hidden":true},"geometry":{"type":"LineString","coordinates":[[39.787809,-102.430035],[38.352127,-103.836975],[36.12547,-105.317805],[34.506888,-107.120129],[33.205061,-109.027054],[33.020511,-110.448439],[33.271554,-110.898258],[33.350547,-111.230907],[33.340478,-112.210901],[33.67442,-112.865765],[33.954369,-113.169984],[33.942476,-113.681462],[34.402547,-114.546465],[34.716958,-115.352579],[34.975987,-116.675864],[35.41288,-116.883122],[36.177206,-116.634206],[37.862542,-117.377889],[38.335199,-118.122536],[38.505339,-119.535704],[39.154907,-119.722831],[39.959597,-119.298443],[40.617499,-118.905056],[41.264263,-118.754995],[41.947417,-118.827538],[42.43833,-119.014371],[42.707957,-119.876817],[42.624077,-120.885728],[42.784668,-122.022784],[42.842064,-122.61443],[42.935311,-122.764312],[42.888357,-123.060833],[43.309808,-123.595647]]}},{"type":"Feature","id":"1969-RoadWorks","properties":{"roadId":"1969-RoadWorks","width":101.2,"hidden":true},"geometry":{"type":"LineString","coordinates":[[35.752031,-178.196646],[35.922691,-178.221733],[36.188144,-178.263816],[36.512363,-178.322566],[36.895177,-178.372584],[37.200126,-178.599694],[37.246133,-179.267873],[37.308286,-179.547223],[37.654555,-179.778483],[37.741274,-179.92219],[38.125737,-180.075055],[38.221657,-180.399093],[38.203081,-180.895145],[38.070355,-181.511909],[38.035025,-182.350618],[38.107942,-182.547277],[38.804038,-182.742573],[39.065844,-182.790438],[39.110376,-182.715481]]}},{"type":"Feature","id":"196-Newwworld","properties":{"roadId":"196-Newwworld","width":80.0,"hidden":false},"geometry":{"type":"LineString","coordinates":[[91.178,-136.476634],[91.059493,-136.352787]]}},{"type":"Feature","id":"1970-Newwworld","properties":{"roadId":"1970-Newwworld","width":101.2,"hidden":true},"geometry":{"type":"LineString","coordinates":[[39.787809,-102.430035],[41.522103,-102.728925],[43.282725,-102.936347],[44.732383,-103.353614]]}},{"type":"Feature","id":"1970-RoadWorks","properties":{"roadId":"1970-RoadWorks","width":122.1,"hidden":true},"geometry":{"type":"LineString","coordinates":[[24.88689,-179.614906],[24.57734,-179.421121],[24.077425,-179.32658],[23.942616,-179.015633],[23.74765,-178.669451],[23.786105,-178.504911],[23.616139,-178.020491],[23.494611,-177.973572],[23.276989,-177.984466],[23.190617,-177.841428],[23.074644,-177.179776],[23.016918,-177.051052],[22.677594,-176.812509],[22.590788,-176.501623],[22.420215,-176.424965],[22.401986,-176.345173],[22.298166,-176.213332],[22.294954,-176.069998],[22.032714,-176.027706],[21.956411,-175.60399],[22.017175,-175.388364],[22.218912,-174.962833],[22.262402,-174.803996],[22.377593,-174.853171],[22.930026,-174.339124],[22.985147,-174.205217],[23.12994,-174.023732],[23.249298,-173.778081],[23.365444,-173.662403],[23.576382,-173.266421],[23.532111,-173.017453]]}},{"type":"Feature","id":"1971-Newwworld","properties":{"roadId":"1971-Newwworld","width":101.2,"hidden":true},"geometry":{"type":"LineString","coordinates":[[44.696219,-103.31285],[44.380914,-102.957511],[44.012615,-102.469193],[43.078158,-101.92328],[42.464996,-101.336706]]}},{"type":"Feature","id":"1971-RoadWorks","properties":{"roadId":"1971-RoadWorks","width":101.2,"hidden":true},"geometry":{"type":"LineString","coordinates":[[35.752031,-178.196646],[35.519738,-178.410414],[35.454895,-178.656049],[35.284061,-178.744998],[35.254199,-179.364046],[35.189789,-179.424966],[34.939702,-179.42448],[34.88675,-179.461017],[34.878417,-179.672953],[34.947948,-179.775844],[34.909407,-180.248267],[34.951681,-180.327417],[34.799597,-180.491697],[34.638312,-180.484761],[34.532582,-180.56648],[34.329457,-180.549944],[34.058102,-180.596333],[33.950376,-180.690482],[33.704802,-180.783087],[33.460704,-180.697679],[32.970251,-180.684189],[32.753583,-180.755344],[32.437784,-180.695882],[30.144633,-180.455577],[29.868417,-180.45332],[29.630482,-180.222087],[29.473798,-179.705766],[29.340551,-179.682667],[28.881782,-179.877754],[28.569541,-179.626729],[27.242888,-179.424862],[26.730473,-179.660548],[26.688285,-179.6508],[26.532468,-179.490643],[26.282641,-179.385035],[26.19679,-179.435287],[26.142103,-179.578638],[25.351214,-179.485869],[25.1092,-179.509923],[24.88689,-179.614906]]}},{"type":"Feature","id":"1972-Newwworld","properties":{"roadId":"1972-Newwworld","width":101.2,"hidden":true},"geometry":{"type":"LineString","coordinates":[[47.145481,-93.765917],[46.680028,-93.727332],[46.361928,-93.647592],[46.262396,-93.585309],[46.015729,-93.494119],[45.652455,-93.164378],[45.313956,-93.011878]]}},{"type":"Feature","id":"1972-RoadWorks","properties":{"roadId":"1972-RoadWorks","width":101.2,"hidden":true},"geometry":{"type":"LineString","coordinates":[[65.356498,-48.203584],[64.821973,-47.90235],[64.285079,-47.952871],[63.960529,-48.167186],[63.487646,-48.322108],[63.145943,-48.716415],[62.636541,-48.851876],[62.589952,-49.075375],[62.489326,-49.158856],[62.440246,-49.599665],[62.077528,-49.722365],[61.524809,-49.903928],[60.765275,-49.998208],[60.332956,-49.601227],[59.891835,-48.174399],[58.906754,-47.25687]]}},{"type":"Feature","id":"1973-Newwworld","properties":{"roadId":"1973-Newwworld","width":101.2,"hidden":true},"geometry":{"type":"LineString","coordinates":[[44.696219,-103.31285],[44.647599,-102.323767],[44.893104,-101.228225],[45.100283,-100.061008],[45.406916,-99.748819],[45.436908,-99.371118],[45.518982,-99.160354],[45.949609,-98.848408],[46.324688,-98.216817],[46.521998,-98.054247],[46.387909,-97.699151],[46.556373,-97.011249],[46.955602,-96.447758],[47.20444,-95.552104],[47.013501,-95.053543],[47.050099,-94.240181],[47.145481,-93.765917]]}},{"type":"Feature","id":"1974-Newwworld","properties":{"roadId":"1974-Newwworld","width":87.9,"hidden":true},"geometry":{"type":"LineString","coordinates":[[58.036759,-96.82367],[58.224295,-96.324901],[58.223314,-96.177054]]}},{"type":"Feature","id":"1974-RoadWorks","properties":{"roadId":"1974-RoadWorks","width":101.2,"hidden":true},"geometry":{"type":"LineString","coordinates":[[65.356498,-48.203584],[65.704728,-48.070337],[65.941352,-47.769303],[66.566337,-47.104813],[66.857857,-45.812907],[67.374847,-45.270943],[67.908459,-45.225388],[68.055274,-44.964701],[68.166464,-44.523137],[68.334667,-44.450758],[68.884305,-44.215966],[70.095099,-44.078787],[70.426602,-44.451323],[70.611923,-44.344603],[70.752723,-44.044064],[70.499666,-43.448724],[70.072052,-42.854295],[70.048632,-42.589328]]}},{"type":"Feature","id":"1975-Newwworld","properties":{"roadId":"1975-Newwworld","width":101.2,"hidden":true},"geometry":{"type":"LineString","coordinates":[[54.301964,-96.205361],[54.485697,-96.636838],[54.437546,-97.27092],[54.529326,-97.929403],[54.848068,-98.532487]]}},{"type":"Feature","id":"1975-RoadWorks","properties":{"roadId":"1975-RoadWorks","width":101.2,"hidden":true},"geometry":{"type":"LineString","coordinates":[[70.048632,-42.589328],[70.128771,-42.498182],[70.551376,-42.479285],[71.289747,-42.882776],[71.946954,-42.772966],[72.657972,-42.499033]]}},{"type":"Feature","id":"1976-Newwworld","properties":{"roadId":"1976-Newwworld","width":87.9,"hidden":true},"geometry":{"type":"LineString","coordinates":[[58.036759,-96.82367],[57.439535,-97.121683],[56.853162,-97.43533]]}},{"type":"Feature","id":"1976-RoadWorks","properties":{"roadId":"1976-RoadWorks","width":101.2,"hidden":true},"geometry":{"type":"LineString","coordinates":[[60.200907,-41.803215],[60.044023,-41.684473],[59.848041,-41.664048],[59.77752,-41.479646],[59.740289,-41.256216],[59.767894,-41.109688],[59.706383,-40.936858],[59.556235,-40.840329],[58.950643,-40.758992],[58.522655,-40.563506],[58.167072,-40.248921],[58.105102,-40.163851],[57.979077,-39.306296],[57.500586,-38.955861],[56.783135,-38.114886],[56.669142,-37.425301],[56.402926,-37.038754],[56.324601,-36.567398],[56.177734,-36.407589],[56.083827,-36.113143],[55.934217,-35.989619],[55.788123,-35.483454]]}},{"type":"Feature","id":"1977-Newwworld","properties":{"roadId":"1977-Newwworld","width":87.9,"hidden":true},"geometry":{"type":"LineString","coordinates":[[56.853162,-97.43533],[56.647163,-97.398724],[56.248767,-97.149557],[56.115668,-97.131675],[55.944157,-96.989747]]}},{"type":"Feature","id":"1977-RoadWorks","properties":{"roadId":"1977-RoadWorks","width":101.2,"hidden":true},"geometry":{"type":"LineString","coordinates":[[70.048632,-42.589328],[69.353551,-41.930324],[68.773966,-40.531127],[68.161655,-40.056212]]}},{"type":"Feature","id":"1978-Newwworld","properties":{"roadId":"1978-Newwworld","width":101.2,"hidden":true},"geometry":{"type":"LineString","coordinates":[[54.848068,-98.532487],[55.041159,-98.897827],[55.201637,-99.100952],[55.459572,-98.889033],[55.930632,-98.684067],[56.041796,-98.836151],[55.834043,-99.077419]]}},{"type":"Feature","id":"1978-RoadWorks","properties":{"roadId":"1978-RoadWorks","width":101.2,"hidden":true},"geometry":{"type":"LineString","coordinates":[[68.161655,-40.056212],[66.284695,-39.871142],[64.454212,-40.280519],[63.440328,-40.256126],[62.169864,-40.744062],[61.024955,-41.449707],[60.35622,-41.632285],[60.200907,-41.803215]]}},{"type":"Feature","id":"1979-Newwworld","properties":{"roadId":"1979-Newwworld","width":87.9,"hidden":true},"geometry":{"type":"LineString","coordinates":[[56.853162,-97.43533],[56.656555,-97.713534],[56.178637,-97.909073],[55.886422,-98.050385]]}},{"type":"Feature","id":"1979-RoadWorks","properties":{"roadId":"1979-RoadWorks","width":101.2,"hidden":true},"geometry":{"type":"LineString","coordinates":[[60.266524,-27.722403],[60.986743,-27.322315],[61.576528,-26.296964],[61.871538,-25.343489],[62.601922,-24.039404]]}},{"type":"Feature","id":"197-Newwworld","properties":{"roadId":"197-Newwworld","width":110.7,"hidden":true},"geometry":{"type":"LineString","coordinates":[[86.569504,-151.625332],[86.533826,-151.812364],[86.396743,-152.054101],[86.306499,-152.224032]]}},{"type":"Feature","id":"1980-Newwworld","properties":{"roadId":"1980-Newwworld","width":87.9,"hidden":true},"geometry":{"type":"LineString","coordinates":[[55.886422,-98.050385],[55.584051,-98.196609],[55.223495,-98.451254],[54.848068,-98.532487]]}},{"type":"Feature","id":"1980-RoadWorks","properties":{"roadId":"1980-RoadWorks","width":101.2,"hidden":true},"geometry":{"type":"LineString","coordinates":[[68.161655,-40.056212],[68.675936,-38.931295],[68.843966,-38.633291],[68.972907,-38.5806],[69.148785,-38.104122],[69.111484,-36.393092],[68.965885,-35.359408],[69.272648,-34.161401]]}},{"type":"Feature","id":"1981-Newwworld","properties":{"roadId":"1981-Newwworld","width":87.9,"hidden":true},"geometry":{"type":"LineString","coordinates":[[55.944157,-96.989747],[55.910381,-96.961804],[55.49787,-96.579998],[54.994674,-96.278313],[54.613944,-96.269007],[54.301964,-96.205361]]}},{"type":"Feature","id":"1981-RoadWorks","properties":{"roadId":"1981-RoadWorks","width":101.2,"hidden":true},"geometry":{"type":"LineString","coordinates":[[64.943067,-28.795237],[62.193249,-28.059297],[60.266524,-27.722403]]}},{"type":"Feature","id":"1982-Newwworld","properties":{"roadId":"1982-Newwworld","width":87.9,"hidden":true},"geometry":{"type":"LineString","coordinates":[[55.886422,-98.050385],[55.983263,-97.598925],[55.944157,-96.989747]]}},{"type":"Feature","id":"1982-RoadWorks","properties":{"roadId":"1982-RoadWorks","width":101.2,"hidden":true},"geometry":{"type":"LineString","coordinates":[[64.943067,-28.795237],[64.950715,-27.291499],[64.968172,-26.11146],[65.114422,-25.355555],[64.995307,-23.767094]]}},{"type":"Feature","id":"1983-RoadWorks","properties":{"roadId":"1983-RoadWorks","width":101.2,"hidden":true},"geometry":{"type":"LineString","coordinates":[[81.331291,-40.114459],[81.070405,-40.333383],[80.912288,-40.518019],[80.929971,-40.705173],[81.165405,-40.889982],[81.395927,-41.116546]]}},{"type":"Feature","id":"1984-RoadWorks","properties":{"roadId":"1984-RoadWorks","width":101.2,"hidden":true},"geometry":{"type":"LineString","coordinates":[[72.563067,-22.250944],[72.756575,-22.157454],[73.341455,-21.438094],[73.404902,-21.347208]]}},{"type":"Feature","id":"1985-RoadWorks","properties":{"roadId":"1985-RoadWorks","width":101.2,"hidden":true},"geometry":{"type":"LineString","coordinates":[[81.331291,-40.114459],[80.986915,-39.824701],[79.672831,-39.650655],[78.907238,-39.840586],[78.685076,-39.688155],[78.682637,-39.038414],[78.866457,-37.927993],[79.210217,-37.527211],[79.489332,-37.188755],[79.625305,-36.792486],[79.580756,-36.694048],[79.600391,-36.619048],[79.538742,-36.06922],[79.351337,-35.967309],[79.087629,-35.835365],[77.733892,-35.799514],[77.244654,-35.727378],[76.71408,-35.748819],[75.964824,-35.435884],[74.870818,-35.565138]]}},{"type":"Feature","id":"1986-RoadWorks","properties":{"roadId":"1986-RoadWorks","width":101.2,"hidden":true},"geometry":{"type":"LineString","coordinates":[[79.687666,-25.988803],[80.352608,-26.245315],[81.036125,-26.396965],[81.616518,-26.430992],[82.194723,-26.774483],[82.700871,-27.209467],[83.117626,-27.698705],[83.368139,-27.705302],[83.873019,-27.867716],[84.222221,-28.168325],[84.799793,-28.728049]]}},{"type":"Feature","id":"1987-RoadWorks","properties":{"roadId":"1987-RoadWorks","width":101.2,"hidden":true},"geometry":{"type":"LineString","coordinates":[[76.512404,-29.051921],[76.328879,-28.152352],[75.765135,-27.424399],[75.019525,-25.446527],[73.92789,-23.644698],[72.982175,-22.892786],[72.563067,-22.250944]]}},{"type":"Feature","id":"1988-RoadWorks","properties":{"roadId":"1988-RoadWorks","width":101.2,"hidden":true},"geometry":{"type":"LineString","coordinates":[[79.687666,-25.988803],[79.284444,-26.283075],[78.749191,-26.81641],[77.990881,-27.74532],[77.502094,-28.180477],[77.288092,-28.527267],[76.512404,-29.051921]]}},{"type":"Feature","id":"1989-RoadWorks","properties":{"roadId":"1989-RoadWorks","width":101.2,"hidden":true},"geometry":{"type":"LineString","coordinates":[[87.85298,-46.799568],[87.521278,-46.468161],[87.213716,-46.435001],[87.070842,-46.362866],[86.792655,-45.86032],[86.609608,-45.597134],[86.468132,-45.477706],[86.156082,-45.33294],[85.700759,-45.075925],[85.134533,-43.944698],[84.958205,-43.775001],[84.698134,-43.457283],[84.64849,-43.206952],[84.608898,-42.572297],[84.556467,-42.378963],[84.269548,-42.109657],[84.049773,-41.889821],[83.959599,-41.501347],[83.915762,-41.140938],[83.821795,-40.983472],[83.580162,-40.915851],[83.220595,-40.748749],[82.981306,-40.625919],[82.868649,-40.507689],[82.854769,-40.325137],[82.849847,-40.140414],[82.725471,-39.97583]]}},{"type":"Feature","id":"198-Newwworld","properties":{"roadId":"198-Newwworld","width":80.0,"hidden":false},"geometry":{"type":"LineString","coordinates":[[91.178,-136.476634],[90.994293,-136.863277],[90.963737,-136.977461],[91.02346,-137.407975],[91.415414,-137.368582],[91.582524,-137.683809],[91.763723,-137.815762],[91.841709,-137.913844]]}},{"type":"Feature","id":"1990-RoadWorks","properties":{"roadId":"1990-RoadWorks","width":101.2,"hidden":true},"geometry":{"type":"LineString","coordinates":[[85.005757,-31.313214],[85.432425,-31.566687],[85.708442,-31.656357],[86.26728,-31.898632],[86.498045,-32.019206],[86.76361,-32.057921],[86.917743,-32.148633],[87.313777,-32.137435],[87.946496,-32.699503],[88.16825,-32.995164],[88.996934,-33.326502],[89.49164,-33.457058],[90.092675,-33.829802],[90.335037,-34.025897],[91.183538,-34.313224],[91.822403,-34.556714],[92.228698,-35.581457],[92.460557,-35.678854],[92.821408,-35.806719],[93.279839,-35.852986],[93.51668,-35.801423],[93.798044,-36.018438],[94.209425,-36.068004],[94.592204,-36.378162],[94.706207,-36.674951],[94.685651,-37.257418],[94.943803,-37.426169],[95.379898,-37.466967],[95.663753,-37.4457],[95.812235,-37.520874],[95.995074,-37.525735],[96.230483,-37.680336],[96.136524,-37.908375],[96.231941,-38.179036],[96.23083,-38.499349]]}},{"type":"Feature","id":"1991-RoadWorks","properties":{"roadId":"1991-RoadWorks","width":101.2,"hidden":true},"geometry":{"type":"LineString","coordinates":[[82.725471,-39.97583],[82.513743,-40.049355],[82.221763,-40.094233],[81.926536,-40.015327],[81.551448,-40.000136],[81.331291,-40.114459]]}},{"type":"Feature","id":"1992-RoadWorks","properties":{"roadId":"1992-RoadWorks","width":101.2,"hidden":true},"geometry":{"type":"LineString","coordinates":[[85.005757,-31.313214],[84.995653,-32.087782],[83.885423,-33.197595],[82.658666,-33.993344],[82.479429,-34.283189],[82.776496,-35.301248],[82.780064,-35.467742],[82.852156,-35.622603],[82.988702,-35.673124],[83.120178,-35.758889],[83.247478,-36.21948],[82.934882,-37.084761],[82.689473,-37.747784]]}},{"type":"Feature","id":"1993-RoadWorks","properties":{"roadId":"1993-RoadWorks","width":101.2,"hidden":true},"geometry":{"type":"LineString","coordinates":[[74.870818,-35.565138],[74.682875,-35.449339],[74.735731,-35.029112],[74.964291,-34.578503],[75.13397,-33.565826]]}},{"type":"Feature","id":"1994-RoadWorks","properties":{"roadId":"1994-RoadWorks","width":101.2,"hidden":true},"geometry":{"type":"LineString","coordinates":[[72.657972,-42.499033],[74.364775,-41.841444],[75.094751,-41.389238],[75.954867,-41.170192]]}},{"type":"Feature","id":"1995-RoadWorks","properties":{"roadId":"1995-RoadWorks","width":101.2,"hidden":true},"geometry":{"type":"LineString","coordinates":[[74.870818,-35.565138],[74.798535,-36.556721],[74.073506,-38.097785],[74.036275,-38.249609],[73.86144,-38.760548]]}},{"type":"Feature","id":"1996-RoadWorks","properties":{"roadId":"1996-RoadWorks","width":101.2,"hidden":true},"geometry":{"type":"LineString","coordinates":[[73.86144,-38.760548],[73.587628,-39.560811],[72.860568,-40.777569],[72.963103,-41.030347],[73.090882,-41.178438],[72.842617,-41.388465],[72.692191,-41.882659],[72.657972,-42.499033]]}},{"type":"Feature","id":"1997-RoadWorks","properties":{"roadId":"1997-RoadWorks","width":101.2,"hidden":true},"geometry":{"type":"LineString","coordinates":[[75.954867,-41.170192],[76.828021,-40.947795],[77.728093,-40.693975],[77.974518,-40.710728],[78.45373,-40.644322],[79.576233,-40.922969],[80.007954,-40.911423],[81.395927,-41.116546]]}},{"type":"Feature","id":"1998-RoadWorks","properties":{"roadId":"1998-RoadWorks","width":101.2,"hidden":true},"geometry":{"type":"LineString","coordinates":[[73.86144,-38.760548],[74.15651,-39.239977],[75.491063,-39.930778],[75.672453,-40.386943],[75.541055,-40.569756],[75.561576,-40.690242],[75.954867,-41.170192]]}},{"type":"Feature","id":"1999-RoadWorks","properties":{"roadId":"1999-RoadWorks","width":101.2,"hidden":true},"geometry":{"type":"LineString","coordinates":[[69.272648,-34.161401],[68.78506,-33.902025],[68.01497,-33.721729],[67.614925,-33.439784],[67.43634,-33.168428],[67.409569,-33.045251],[67.418466,-32.952803],[67.18745,-32.594815],[66.806433,-32.287957],[66.127412,-31.408874],[65.544172,-29.509735],[64.943067,-28.795237]]}},{"type":"Feature","id":"199-Newwworld","properties":{"roadId":"199-Newwworld","width":80.0,"hidden":false},"geometry":{"type":"LineString","coordinates":[[87.972382,-138.240365],[88.098762,-138.1248],[88.289136,-137.9844],[88.327591,-137.911422],[88.394579,-137.861119],[88.661967,-137.521135],[88.780796,-137.408487],[88.999555,-136.857556],[89.012576,-136.685116],[88.964746,-136.602779],[89.020962,-136.361442],[88.823305,-136.302926],[88.565917,-136.441253],[88.351966,-136.532495]]}},{"type":"Feature","id":"2000-RoadWorks","properties":{"roadId":"2000-RoadWorks","width":101.2,"hidden":true},"geometry":{"type":"LineString","coordinates":[[75.13397,-33.565826],[75.84754,-33.419124],[75.853,-33.160963],[75.933148,-32.986397],[75.894806,-32.863219],[75.652314,-32.72025],[75.643138,-32.611048],[75.543485,-32.299675],[75.419674,-31.932921],[75.431376,-31.823459],[75.51003,-31.849066],[75.900969,-31.836479],[76.482976,-31.31929],[76.555833,-31.135435],[76.669435,-29.923539],[76.640433,-29.679528],[76.512404,-29.051921]]}},{"type":"Feature","id":"2001-RoadWorks","properties":{"roadId":"2001-RoadWorks","width":101.2,"hidden":true},"geometry":{"type":"LineString","coordinates":[[69.272648,-34.161401],[70.378832,-32.621204],[70.702844,-32.736049],[72.216096,-32.805927],[72.537312,-32.691864],[72.708484,-32.355318],[73.495553,-31.879188],[73.753462,-31.922764],[73.891987,-32.203147],[74.000294,-32.341169],[74.156258,-32.438999],[74.583942,-32.553496],[74.657649,-32.531794],[74.741825,-32.452627],[74.8862,-32.438391],[75.241661,-32.885702],[75.13397,-33.565826]]}},{"type":"Feature","id":"2002-RoadWorks","properties":{"roadId":"2002-RoadWorks","width":101.2,"hidden":true},"geometry":{"type":"LineString","coordinates":[[77.061442,-21.921776],[77.192154,-22.021602],[77.492511,-22.580024],[77.706357,-22.933324],[77.84266,-23.063099],[77.988936,-23.489316],[78.368634,-23.875168],[78.554867,-24.176037],[79.019383,-24.55399],[79.388507,-24.931595],[79.387873,-25.230988],[79.532874,-25.541232],[79.687666,-25.988803]]}},{"type":"Feature","id":"2003-RoadWorks","properties":{"roadId":"2003-RoadWorks","width":101.2,"hidden":true},"geometry":{"type":"LineString","coordinates":[[71.668672,-8.541088],[71.738056,-7.553758],[71.463715,-6.637783]]}},{"type":"Feature","id":"2004-RoadWorks","properties":{"roadId":"2004-RoadWorks","width":101.2,"hidden":true},"geometry":{"type":"LineString","coordinates":[[77.061442,-21.921776],[77.438379,-21.098335],[78.150873,-19.954061],[78.63926,-18.315253],[78.831543,-16.635473],[78.851587,-15.948492],[79.016648,-15.640852],[78.456759,-13.546574],[77.818007,-12.410893],[77.560437,-11.262191],[77.467632,-11.083371],[77.175557,-10.678422],[74.765418,-8.843954],[73.463912,-8.102892],[73.240769,-8.06409],[72.932426,-8.157667]]}},{"type":"Feature","id":"2005-RoadWorks","properties":{"roadId":"2005-RoadWorks","width":101.2,"hidden":true},"geometry":{"type":"LineString","coordinates":[[72.932426,-8.157667],[71.668672,-8.541088]]}},{"type":"Feature","id":"2006-RoadWorks","properties":{"roadId":"2006-RoadWorks","width":101.2,"hidden":true},"geometry":{"type":"LineString","coordinates":[[71.463715,-6.637783],[71.208618,-5.786044],[71.142203,-3.036903],[70.92189,-2.03143],[70.379405,-1.977784],[69.54021,-1.3599],[69.216658,-1.423703],[68.539963,-1.969451],[68.064727,-1.969625],[67.480975,-2.360946],[67.075106,-2.382387],[66.719132,-2.121709],[66.200251,-2.224747],[65.730179,-2.556432],[65.619841,-3.240202],[65.801421,-3.754527],[65.896699,-4.401057],[66.376935,-5.676495],[66.544193,-5.874586],[66.547951,-6.12693],[66.95442,-6.66504],[67.213249,-7.611137],[67.5968,-7.996034],[68.036802,-7.929628],[68.15603,-8.05975],[68.233191,-8.143604],[68.400267,-8.191174],[68.535111,-8.264959],[68.553956,-8.342389],[68.463635,-8.46765],[68.774044,-9.189441],[68.798428,-9.719043],[69.017057,-10.469567],[69.015981,-10.91028]]}},{"type":"Feature","id":"2007-RoadWorks","properties":{"roadId":"2007-RoadWorks","width":101.2,"hidden":true},"geometry":{"type":"LineString","coordinates":[[72.932426,-8.157667],[71.463715,-6.637783]]}},{"type":"Feature","id":"2008-RoadWorks","properties":{"roadId":"2008-RoadWorks","width":101.2,"hidden":true},"geometry":{"type":"LineString","coordinates":[[82.689473,-37.747784],[82.594568,-38.004122],[82.70706,-38.381293],[82.803267,-38.892493],[82.711721,-39.525134],[82.778631,-39.671662],[82.725471,-39.97583]]}},{"type":"Feature","id":"2009-RoadWorks","properties":{"roadId":"2009-RoadWorks","width":80.0,"hidden":false},"geometry":{"type":"LineString","coordinates":[[89.915991,-44.070983],[89.81415,-44.144872],[89.738898,-44.39963],[89.694332,-44.549517],[89.563793,-44.671792],[89.549861,-44.88484],[89.451692,-45.146065],[89.575911,-45.412654],[89.537526,-45.548149],[89.298645,-45.65163],[89.17025,-45.907838],[89.143757,-46.193802],[89.079208,-46.258942],[88.850596,-46.330739],[88.686533,-46.421859],[88.539363,-46.469802],[88.421211,-46.544568],[88.232417,-46.584247],[88.026592,-46.828666]]}},{"type":"Feature","id":"200-Newwworld","properties":{"roadId":"200-Newwworld","width":80.0,"hidden":false},"geometry":{"type":"LineString","coordinates":[[91.059493,-136.352787],[91.008798,-136.171804],[90.865352,-136.019149],[90.7199,-136.094935],[90.612538,-136.176054],[90.45094,-136.390614],[90.190271,-136.8074],[90.035071,-137.156941],[89.929012,-137.182323],[89.535651,-137.111541],[89.259365,-136.950404],[89.174486,-136.80115],[89.168323,-136.695932],[89.145103,-136.608153],[89.186622,-136.4025],[89.146049,-136.268658],[88.882645,-136.118012],[88.706455,-136.195684],[88.45188,-136.394964],[88.359171,-136.533734],[88.184969,-136.663025],[88.030533,-136.688736],[87.86785,-136.872096],[87.649559,-137.04846],[87.504038,-137.123781],[87.398144,-137.124892],[87.218221,-137.165326],[87.107778,-137.28892],[87.029575,-137.322427],[86.990512,-137.445466],[87.024288,-137.622871],[87.146624,-137.812099],[87.40613,-138.075729],[87.694655,-138.241458],[87.819725,-138.285182],[87.972382,-138.240365]]}},{"type":"Feature","id":"2010-RoadWorks","properties":{"roadId":"2010-RoadWorks","width":101.2,"hidden":true},"geometry":{"type":"LineString","coordinates":[[82.689473,-37.747784],[83.004292,-37.846222],[83.23556,-37.970788],[83.313868,-37.973653],[83.660397,-37.942229],[84.376779,-37.988063],[84.708204,-38.089626],[85.45608,-38.783291],[85.734214,-40.227914],[86.025656,-40.681996],[86.226673,-40.746406],[86.496864,-40.754739],[86.957257,-41.171841],[87.225929,-41.404177],[87.686,-41.936653],[87.773813,-42.001705],[88.452974,-42.159856],[88.561142,-42.249362],[89.003626,-42.537887],[89.11229,-42.695049],[89.184782,-42.911864],[89.591875,-43.1969],[89.826902,-43.610938],[89.915991,-44.070983]]}},{"type":"Feature","id":"2011-RoadWorks","properties":{"roadId":"2011-RoadWorks","width":80.0,"hidden":false},"geometry":{"type":"LineString","coordinates":[[96.466751,-38.163758],[96.541135,-38.057942],[96.813297,-37.801691]]}},{"type":"Feature","id":"2012-RoadWorks","properties":{"roadId":"2012-RoadWorks","width":80.0,"hidden":true},"geometry":{"type":"LineString","coordinates":[[96.466751,-38.163758],[95.848849,-37.475908],[95.68114,-37.086324],[95.640793,-36.716965],[95.886063,-35.733628],[96.150908,-35.131803],[96.421238,-34.617739],[96.309945,-34.145862],[95.6316,-33.166258],[95.216347,-32.30228],[94.933525,-32.086654],[94.638672,-32.020508],[94.275589,-31.82207],[93.850952,-31.521895],[93.522513,-30.813646],[92.865541,-30.311388],[92.302804,-29.80748],[92.081675,-29.467895]]}},{"type":"Feature","id":"2013-RoadWorks","properties":{"roadId":"2013-RoadWorks","width":86.0,"hidden":false},"geometry":{"type":"LineString","coordinates":[[101.982004,-182.646783],[102.468472,-182.967053],[102.649836,-183.208434],[102.853014,-183.219632],[102.941017,-183.207843],[103.229013,-183.085621],[103.475455,-183.067426],[103.739753,-183.140638],[103.984649,-183.512836],[104.053191,-183.779017],[104.227393,-183.983862],[104.387463,-184.035207],[104.51433,-184.043445],[104.607091,-184.119418],[104.61703,-184.256736],[105.055669,-184.463152],[105.758414,-184.694515],[106.115759,-185.383858],[106.108407,-186.112263],[106.157139,-186.446075],[106.100638,-186.66361],[106.172834,-187.031415],[106.413121,-187.711565],[106.720709,-188.317592],[107.210181,-188.760675],[107.545208,-188.962698]]}},{"type":"Feature","id":"2014-RoadWorks","properties":{"roadId":"2014-RoadWorks","width":116.4,"hidden":true},"geometry":{"type":"LineString","coordinates":[[98.114673,-163.823351],[98.295576,-163.508775],[98.542947,-163.170015],[98.649987,-162.820648],[98.52674,-162.41404],[98.308016,-162.208085],[97.939803,-162.028171]]}},{"type":"Feature","id":"2015-RoadWorks","properties":{"roadId":"2015-RoadWorks","width":86.0,"hidden":true},"geometry":{"type":"LineString","coordinates":[[101.982004,-182.646783],[102.363055,-182.172328],[102.47954,-181.695364],[103.312694,-180.210437],[103.828451,-178.933445],[104.202576,-177.467242],[104.430736,-176.635556]]}},{"type":"Feature","id":"2016-RoadWorks","properties":{"roadId":"2016-RoadWorks","width":86.0,"hidden":true},"geometry":{"type":"LineString","coordinates":[[104.430736,-176.635556],[103.511636,-175.464953],[103.349725,-174.795575],[103.554197,-174.554316],[103.92576,-172.758424],[104.504825,-172.189212],[104.694261,-171.401406],[104.568271,-171.007446],[104.378765,-170.820189],[104.025283,-170.25082],[103.043839,-169.065052],[103.144386,-167.863885],[103.122754,-167.508068],[102.504471,-167.262598],[102.287977,-166.932762],[101.808019,-167.372634],[101.525648,-167.132329],[101.330908,-167.182086],[101.186038,-167.082285],[100.857825,-166.858066],[100.594056,-166.566598],[100.135444,-165.98894],[99.212993,-165.477914],[98.780465,-164.696435],[98.306253,-164.258448],[98.114673,-163.823351]]}},{"type":"Feature","id":"2017-RoadWorks","properties":{"roadId":"2017-RoadWorks","width":68.9,"hidden":false},"geometry":{"type":"LineString","coordinates":[[119.226533,-185.171531],[117.637769,-185.286765]]}},{"type":"Feature","id":"2018-RoadWorks","properties":{"roadId":"2018-RoadWorks","width":86.0,"hidden":true},"geometry":{"type":"LineString","coordinates":[[104.430736,-176.635556],[105.173542,-176.653672],[106.428538,-177.114351],[106.928765,-177.704283],[107.295737,-177.920221],[107.688751,-177.972548],[107.944819,-178.098833],[108.512625,-178.20662],[108.999675,-178.148304],[109.330284,-178.278157],[109.717377,-178.142661],[109.967239,-178.051263],[110.124931,-178.113833],[110.896565,-178.248747],[111.596993,-178.20109],[112.395642,-178.275752],[112.899576,-178.11155],[113.510012,-178.069692],[114.118451,-178.297167],[114.282775,-178.317054],[114.358209,-178.376343],[114.391551,-178.702872],[114.446083,-178.754669],[114.464277,-179.124817],[114.812099,-179.546086],[115.531998,-180.250967],[116.270377,-180.602835],[117.217125,-181.280632],[117.557031,-181.869714],[117.908707,-182.666158],[118.090192,-183.794773]]}},{"type":"Feature","id":"2019-RoadWorks","properties":{"roadId":"2019-RoadWorks","width":86.0,"hidden":true},"geometry":{"type":"LineString","coordinates":[[118.090192,-183.794773],[119.226533,-185.171531]]}},{"type":"Feature","id":"201-Newwworld","properties":{"roadId":"201-Newwworld","width":80.0,"hidden":false},"geometry":{"type":"LineString","coordinates":[[87.972382,-138.240365],[88.152946,-138.219262],[88.636273,-138.074157],[89.187308,-138.280452],[89.168384,-138.791929],[89.239191,-139.038822],[89.394201,-139.217069],[89.540469,-139.350785],[89.52585,-139.566715],[89.252047,-139.67833],[89.018844,-139.714719],[88.69169,-139.728764],[88.455621,-139.577409],[88.29694,-139.318337],[87.993788,-139.302582],[87.554047,-139.08397],[87.005677,-138.794221],[86.594026,-138.749646],[86.421326,-138.57988],[86.197905,-138.22822],[86.012444,-137.825276],[86.052262,-137.433348],[86.322654,-137.063269],[86.532594,-136.745082],[86.613696,-136.329303],[86.649816,-136.143088],[86.80223,-135.908148],[86.970251,-135.626419],[86.878585,-135.081713],[86.852829,-134.540606],[87.063047,-134.28853],[87.618257,-133.978996],[88.030177,-133.968305],[88.390673,-134.228034],[88.589311,-134.340955],[88.928279,-134.235407],[89.155736,-134.341915],[89.385199,-134.620575],[89.525373,-134.631786],[89.649983,-134.481163],[89.808074,-134.457676]]}},{"type":"Feature","id":"2020-RoadWorks","properties":{"roadId":"2020-RoadWorks","width":82.2,"hidden":false},"geometry":{"type":"LineString","coordinates":[[116.694389,-185.46352],[115.962346,-185.60069],[115.112925,-186.002167],[114.473392,-186.470111],[113.999406,-186.956007],[113.896515,-187.161121],[113.774631,-187.238039],[113.578241,-187.469959],[113.425888,-187.708267],[113.25067,-187.883276],[113.139594,-188.046375],[112.753716,-188.320283],[112.664123,-188.388312],[112.389504,-188.656282],[112.101283,-188.848192],[111.738243,-188.983288],[111.48464,-189.039782],[111.199934,-188.918852],[110.854074,-188.871127],[110.704091,-188.941787],[110.592059,-189.094469],[110.398864,-189.470721],[110.220547,-189.711468],[109.775008,-189.925575],[109.225917,-190.070445]]}},{"type":"Feature","id":"2021-RoadWorks","properties":{"roadId":"2021-RoadWorks","width":86.0,"hidden":true},"geometry":{"type":"LineString","coordinates":[[118.090192,-183.794773],[117.521709,-184.56764],[116.694389,-185.46352]]}},{"type":"Feature","id":"2022-RoadWorks","properties":{"roadId":"2022-RoadWorks","width":200.0,"hidden":true},"geometry":{"type":"LineString","coordinates":[[175.739537,-62.658268],[175.625361,-63.17248],[174.97818,-64.245062],[174.463178,-65.810935],[174.236424,-65.950797],[173.570701,-65.990528]]}},{"type":"Feature","id":"2023-RoadWorks","properties":{"roadId":"2023-RoadWorks","width":200.0,"hidden":true},"geometry":{"type":"LineString","coordinates":[[176.054139,-58.982856],[176.523941,-58.861918],[177.102502,-59.338274],[177.648736,-59.813215],[178.30998,-59.898632]]}},{"type":"Feature","id":"2024-RoadWorks","properties":{"roadId":"2024-RoadWorks","width":200.0,"hidden":true},"geometry":{"type":"LineString","coordinates":[[175.739537,-62.658268],[175.425786,-62.084117],[176.08709,-59.95542],[176.054139,-58.982856]]}},{"type":"Feature","id":"2025-RoadWorks","properties":{"roadId":"2025-RoadWorks","width":101.2,"hidden":true},"geometry":{"type":"LineString","coordinates":[[81.776501,-41.845333],[81.640112,-41.356564],[81.374547,-41.095539],[81.246977,-41.421824],[81.776501,-41.845333]]}},{"type":"Feature","id":"2026-Newwworld","properties":{"roadId":"2026-Newwworld","width":74.6,"hidden":true},"geometry":{"type":"LineString","coordinates":[[158.269278,-174.813345],[157.776828,-174.881912],[157.484301,-175.054474],[157.326315,-175.283607],[157.16397,-175.380543],[157.037555,-175.597635],[156.919985,-175.999564],[156.757511,-176.236865],[156.398924,-176.319556]]}},{"type":"Feature","id":"2026-RoadWorks","properties":{"roadId":"2026-RoadWorks","width":101.2,"hidden":true},"geometry":{"type":"LineString","coordinates":[[81.776501,-41.845333],[81.170744,-43.338992],[81.258644,-44.132658],[81.080344,-44.775621],[81.046785,-44.837036],[80.509639,-45.903446],[80.375194,-46.229619],[80.292807,-46.603891],[80.491801,-46.963996],[80.857861,-47.126297],[81.084615,-47.367452],[81.034494,-47.573833],[81.084615,-47.367452],[80.857861,-47.126297],[80.491801,-46.963996],[80.292807,-46.603891],[80.375194,-46.229619],[80.509639,-45.903446],[81.046785,-44.837036],[81.080344,-44.775621],[81.258644,-44.132658],[81.170744,-43.338992],[81.776501,-41.845333],[81.640112,-41.356564],[81.395927,-41.116546]]}},{"type":"Feature","id":"2027-Newwworld","properties":{"roadId":"2027-Newwworld","width":74.6,"hidden":true},"geometry":{"type":"LineString","coordinates":[[156.398924,-176.319556],[156.167188,-176.578984],[156.008611,-176.949636],[155.981744,-177.155375],[155.898931,-177.512095]]}},{"type":"Feature","id":"2027-RoadWorks","properties":{"roadId":"2027-RoadWorks","width":80.0,"hidden":false},"geometry":{"type":"LineString","coordinates":[[88.16661,-64.927104],[88.523651,-64.836505],[88.590517,-64.712077],[88.661203,-64.246294],[88.913574,-63.633271],[89.091995,-62.967115],[89.003679,-62.414734]]}},{"type":"Feature","id":"2028-Newwworld","properties":{"roadId":"2028-Newwworld","width":74.6,"hidden":true},"geometry":{"type":"LineString","coordinates":[[158.269278,-174.813345],[157.457478,-174.314879],[156.868249,-174.257179],[156.266797,-174.358864],[155.821396,-174.291173]]}},{"type":"Feature","id":"2028-RoadWorks","properties":{"roadId":"2028-RoadWorks","width":80.0,"hidden":false},"geometry":{"type":"LineString","coordinates":[[89.003679,-62.414734],[89.087429,-61.945609],[89.032576,-61.237074],[89.130224,-60.492002],[89.072663,-60.299111],[89.136396,-59.910733],[89.129573,-59.536191],[89.283254,-59.020053],[89.543793,-59.18784],[89.697908,-59.419394],[89.924142,-59.248152],[89.778933,-58.917144],[90.07541,-58.572916],[90.206756,-58.141491]]}},{"type":"Feature","id":"2029-Newwworld","properties":{"roadId":"2029-Newwworld","width":74.6,"hidden":true},"geometry":{"type":"LineString","coordinates":[[155.821396,-174.291173],[155.637056,-174.977755],[156.004895,-175.893739],[156.398924,-176.319556]]}},{"type":"Feature","id":"2029-RoadWorks","properties":{"roadId":"2029-RoadWorks","width":80.0,"hidden":true},"geometry":{"type":"LineString","coordinates":[[88.16661,-64.927104],[87.786391,-63.99158],[87.800784,-63.452837],[87.356225,-62.833199]]}},{"type":"Feature","id":"202-Newwworld","properties":{"roadId":"202-Newwworld","width":80.0,"hidden":false},"geometry":{"type":"LineString","coordinates":[[89.808074,-134.457676],[90.034732,-134.483077],[90.40423,-134.661914],[90.459031,-134.834754],[90.402103,-134.954717],[90.527885,-135.100271],[90.521418,-135.344383],[90.570281,-135.407592],[90.592998,-135.474524],[90.66628,-135.505069],[90.749865,-135.476932],[90.774492,-135.36482],[90.806662,-135.129949],[90.821801,-134.897169],[90.898008,-134.787273],[90.893997,-134.722952],[91.020335,-134.581748],[91.178625,-134.482966],[91.38728,-134.344161],[91.511187,-134.459692],[91.408279,-134.568797],[91.167158,-134.675363],[91.130778,-134.834639],[91.214242,-134.899174],[91.579442,-135.029013],[91.332853,-135.168707],[91.611786,-135.466966],[91.58209,-135.555752],[91.298192,-135.658146],[91.418201,-135.884585],[91.227358,-136.214031],[91.059493,-136.352787]]}},{"type":"Feature","id":"2030-Newwworld","properties":{"roadId":"2030-Newwworld","width":143.0,"hidden":true},"geometry":{"type":"LineString","coordinates":[[140.758776,-164.832885],[140.754271,-165.56873],[140.490233,-166.374219],[140.392368,-167.169621],[140.023591,-167.732426],[139.024265,-168.24913],[137.806118,-168.611587],[137.235717,-168.963845],[136.863398,-169.258551],[136.705559,-169.688822],[136.361651,-170.095091],[136.04417,-170.937151],[135.248514,-172.135558],[135.07322,-172.695464],[134.973571,-173.346161],[134.390123,-173.933715],[134.272226,-174.352006],[134.482856,-174.615002]]}},{"type":"Feature","id":"2030-RoadWorks","properties":{"roadId":"2030-RoadWorks","width":80.0,"hidden":true},"geometry":{"type":"LineString","coordinates":[[87.356225,-62.833199],[87.329159,-62.795473],[88.07996,-62.808416],[88.224579,-62.692426],[88.43648,-62.738937],[89.003679,-62.414734]]}},{"type":"Feature","id":"2031-Newwworld","properties":{"roadId":"2031-Newwworld","width":74.6,"hidden":true},"geometry":{"type":"LineString","coordinates":[[155.821396,-174.291173],[154.992661,-173.462211],[154.765915,-172.962054],[154.927036,-172.253188],[154.631939,-171.793777],[154.226816,-171.556675],[153.625634,-171.527648],[153.332508,-171.367005],[153.211145,-171.429149],[152.717905,-171.590104],[152.620491,-171.56342],[152.263528,-171.180372],[151.95285,-170.817715],[151.826904,-170.731299],[151.684065,-170.453807],[151.248421,-170.092217],[151.106667,-169.930437],[150.923741,-169.523491],[150.620485,-169.542563],[150.000899,-169.321321],[149.813338,-169.324072],[149.285524,-169.391034],[148.678239,-169.163412],[147.773131,-168.91283],[147.116671,-169.009149],[146.594924,-169.010373],[146.2329,-169.168456],[145.819609,-169.21356],[145.469295,-169.488674],[145.076247,-169.533344],[144.766541,-169.555879],[144.52615,-169.465288],[144.349908,-169.162501]]}},{"type":"Feature","id":"2031-RoadWorks","properties":{"roadId":"2031-RoadWorks","width":101.2,"hidden":true},"geometry":{"type":"LineString","coordinates":[[75.387669,-55.672081],[74.347622,-56.193402],[73.363426,-56.181935]]}},{"type":"Feature","id":"2032-Newwworld","properties":{"roadId":"2032-Newwworld","width":74.6,"hidden":true},"geometry":{"type":"LineString","coordinates":[[144.349908,-169.162501],[144.529544,-168.194164],[144.441236,-167.672348],[144.647018,-166.992745],[144.499579,-166.421163],[144.701376,-165.610605],[144.575117,-165.344137],[144.215593,-165.076133],[143.957259,-165.03523],[143.44,-164.957417],[142.97387,-164.617937],[142.283182,-164.623345],[141.170956,-164.74831],[140.758776,-164.832885]]}},{"type":"Feature","id":"2032-RoadWorks","properties":{"roadId":"2032-RoadWorks","width":80.0,"hidden":true},"geometry":{"type":"LineString","coordinates":[[87.356225,-62.833199],[86.615606,-62.626436],[86.526969,-62.553433],[86.391135,-62.571896],[85.861862,-62.346948],[85.374578,-62.359639],[85.18199,-62.502087],[84.39513,-62.318545],[83.532722,-62.462773],[83.206133,-62.394396],[83.156827,-62.313484],[82.870125,-62.217147],[82.664586,-62.12107],[82.200452,-62.254508],[81.816649,-62.207902],[81.584461,-61.777475],[81.379755,-61.649871],[80.77247,-61.675574],[80.614952,-61.586693],[80.397894,-60.901474],[80.24272,-60.760275],[79.959177,-60.719381],[79.801234,-60.80946],[79.171501,-60.567497],[77.945655,-59.416],[77.099871,-58.803654],[76.87145,-58.541475],[76.796016,-58.534929],[76.760581,-58.441266],[76.668151,-58.376335],[76.204069,-57.704545],[76.318618,-57.136123],[76.225007,-56.970228],[76.110111,-56.874906],[76.134399,-56.666841],[75.879337,-56.243672],[75.387669,-55.672081]]}},{"type":"Feature","id":"2033-Newwworld","properties":{"roadId":"2033-Newwworld","width":74.6,"hidden":true},"geometry":{"type":"LineString","coordinates":[[143.901972,-179.252205],[144.016408,-179.205495],[144.073232,-179.109054],[144.518537,-179.098663],[144.972132,-179.213325],[145.084728,-179.461312],[145.038417,-179.612007],[145.19689,-179.597796],[145.562985,-179.497197],[146.04961,-179.490713],[146.431807,-179.165555],[146.743874,-178.871813],[147.004439,-178.945641],[147.135048,-179.099748],[147.272826,-179.298577],[147.459762,-179.62093],[147.508304,-179.92219],[147.98209,-179.993015],[148.357699,-179.850106],[148.867007,-179.6381],[149.42285,-179.699724],[150.180258,-179.538569],[150.669469,-179.421598],[151.356642,-178.80144],[151.740983,-178.62492],[152.906291,-178.283296],[153.668351,-177.95286],[154.222754,-177.914128],[154.49772,-178.047461],[154.729552,-178.190604],[155.121177,-178.309329]]}},{"type":"Feature","id":"2034-Newwworld","properties":{"roadId":"2034-Newwworld","width":74.6,"hidden":true},"geometry":{"type":"LineString","coordinates":[[144.349908,-169.162501],[144.123102,-169.084436],[144.006981,-169.078351],[143.118767,-169.257414],[142.76972,-169.591191],[142.709685,-169.778718],[142.716855,-170.062521],[143.102464,-170.58458],[143.17289,-170.85163],[143.137673,-171.084261],[143.468099,-171.528872],[143.455235,-171.854914],[143.505704,-172.033786],[143.443907,-172.70404],[143.297977,-172.928173],[143.297578,-173.325796],[143.239323,-173.701605],[143.248272,-173.87927],[143.540791,-174.573743],[143.670687,-175.444805],[143.712987,-175.571568],[144.037129,-175.954937],[144.111096,-176.226214],[144.107728,-176.392699],[144.130324,-176.469027],[144.116122,-176.553099],[144.271722,-176.806476],[144.308866,-177.285289],[144.202112,-177.572043],[144.16285,-177.867617],[144.078995,-178.271169],[144.048084,-178.605267],[143.880288,-178.929174],[143.901972,-179.252205]]}},{"type":"Feature","id":"2035-Newwworld","properties":{"roadId":"2035-Newwworld","width":74.6,"hidden":false},"geometry":{"type":"LineString","coordinates":[[140.81901,-184.059513],[140.869332,-184.460634],[140.805365,-185.470941]]}},{"type":"Feature","id":"2036-Newwworld","properties":{"roadId":"2036-Newwworld","width":82.2,"hidden":true},"geometry":{"type":"LineString","coordinates":[[153.226648,-187.121529],[152.7282,-186.020032]]}},{"type":"Feature","id":"2037-Newwworld","properties":{"roadId":"2037-Newwworld","width":74.6,"hidden":true},"geometry":{"type":"LineString","coordinates":[[140.81901,-184.059513],[141.043048,-183.470631]]}},{"type":"Feature","id":"2038-Newwworld","properties":{"roadId":"2038-Newwworld","width":74.6,"hidden":true},"geometry":{"type":"LineString","coordinates":[[152.434215,-187.03678],[153.226648,-187.121529]]}},{"type":"Feature","id":"2039-Newwworld","properties":{"roadId":"2039-Newwworld","width":82.2,"hidden":true},"geometry":{"type":"LineString","coordinates":[[152.7282,-186.020032],[152.480942,-185.473632],[152.591559,-185.226522],[153.410025,-184.856955],[153.571224,-184.54994],[153.854011,-184.307309],[153.806728,-183.927464],[154.233205,-183.542567],[153.937874,-183.06385],[153.90257,-182.441947],[153.553698,-182.022119],[153.372039,-181.374556],[153.598437,-180.378468],[154.561835,-179.439819],[155.121177,-178.309329]]}},{"type":"Feature","id":"203-Newwworld","properties":{"roadId":"203-Newwworld","width":87.9,"hidden":false},"geometry":{"type":"LineString","coordinates":[[90.541123,-123.617522],[91.213078,-123.900177]]}},{"type":"Feature","id":"2040-Newwworld","properties":{"roadId":"2040-Newwworld","width":74.6,"hidden":true},"geometry":{"type":"LineString","coordinates":[[152.434215,-187.03678],[152.7282,-186.020032]]}},{"type":"Feature","id":"2041-Newwworld","properties":{"roadId":"2041-Newwworld","width":84.1,"hidden":true},"geometry":{"type":"LineString","coordinates":[[143.19506,-219.318712],[142.616994,-219.1405],[142.290248,-218.943538],[140.63118,-218.851089],[139.937323,-218.145531],[139.405655,-217.036239],[139.149413,-216.729207],[139.305247,-216.5332],[139.374231,-216.342227],[139.274743,-216.068007],[138.847884,-215.595089],[138.554689,-215.355157],[138.252917,-215.024167],[137.768141,-214.710667],[137.347072,-213.760707],[137.051828,-213.516705],[136.893433,-213.448033],[136.581637,-212.847371]]}},{"type":"Feature","id":"2042-Newwworld","properties":{"roadId":"2042-Newwworld","width":84.1,"hidden":true},"geometry":{"type":"LineString","coordinates":[[152.517844,-213.059542],[152.474501,-213.049064],[152.065316,-212.692605],[151.757624,-212.512465],[151.476442,-212.136362],[151.372328,-211.783522],[150.956198,-211.453382],[150.482559,-210.894726],[150.24169,-210.542476],[150.294451,-210.235722],[150.236864,-210.000981],[150.161672,-209.59414],[150.20083,-209.398809],[150.154954,-209.284711],[150.043295,-209.061282],[149.686202,-208.805908],[149.211895,-208.296479],[149.183301,-207.916582]]}},{"type":"Feature","id":"2043-Newwworld","properties":{"roadId":"2043-Newwworld","width":84.1,"hidden":true},"geometry":{"type":"LineString","coordinates":[[143.19506,-219.318712],[143.809984,-219.039111],[143.954351,-218.771575],[144.046964,-217.328167],[144.215489,-217.032854],[144.746298,-216.661672],[144.976177,-216.120872],[145.166265,-215.937017],[145.392898,-215.950125],[146.946123,-215.513057],[147.726386,-215.474515],[148.806581,-215.539707],[149.074325,-215.529116],[149.2389,-215.438231],[149.402026,-215.117917],[149.479986,-215.080677],[149.72589,-215.25698],[150.060396,-215.333022],[150.328201,-215.21566],[150.445779,-215.040313],[150.766483,-214.973732],[150.927474,-215.084149],[151.117301,-215.033194],[151.297362,-215.085538],[151.530505,-215.041615],[152.00535,-214.530736],[152.220152,-214.361829],[152.474102,-213.651627],[152.517844,-213.059542]]}},{"type":"Feature","id":"2044-Newwworld","properties":{"roadId":"2044-Newwworld","width":84.1,"hidden":true},"geometry":{"type":"LineString","coordinates":[[149.183301,-207.916582],[149.169985,-207.739619],[149.321305,-207.221857],[149.488892,-206.837186],[149.551774,-206.4105],[149.677521,-206.017027],[149.824163,-205.776236],[149.935934,-205.300965],[150.181169,-204.786224],[150.168652,-204.102715],[150.296699,-203.569848],[150.216759,-203.246957],[150.061281,-202.951383],[150.097722,-202.612727],[150.007852,-202.198923],[149.690725,-201.729035],[149.104186,-201.22958],[148.578924,-200.363431],[148.359783,-200.210523],[148.131136,-199.787665],[148.072516,-198.772254],[148.16802,-198.389223],[147.966083,-197.747007]]}},{"type":"Feature","id":"2045-Newwworld","properties":{"roadId":"2045-Newwworld","width":84.1,"hidden":true},"geometry":{"type":"LineString","coordinates":[[136.581637,-212.847371],[136.315039,-212.730088],[136.212977,-212.635877],[136.07002,-212.100268],[135.859491,-211.745623],[135.656837,-211.564415],[135.596314,-211.457714],[135.155128,-211.089483],[135.021466,-210.955247]]}},{"type":"Feature","id":"2046-Newwworld","properties":{"roadId":"2046-Newwworld","width":84.1,"hidden":true},"geometry":{"type":"LineString","coordinates":[[149.183301,-207.916582],[148.85343,-207.994221],[148.293446,-208.077702],[147.912706,-208.255333],[147.739103,-208.248614],[147.330673,-208.085358],[146.801097,-208.092624],[145.026238,-208.504752],[144.925005,-208.576037],[144.537608,-209.237237],[143.790462,-210.222301],[142.739503,-210.901184],[142.221272,-210.819986],[141.715507,-210.752468],[141.385427,-210.882026],[140.241474,-211.424154],[137.773045,-211.694477],[137.272306,-211.869581]]}},{"type":"Feature","id":"2047-Newwworld","properties":{"roadId":"2047-Newwworld","width":84.1,"hidden":true},"geometry":{"type":"LineString","coordinates":[[137.272306,-211.869581],[136.581637,-212.847371]]}},{"type":"Feature","id":"2048-Newwworld","properties":{"roadId":"2048-Newwworld","width":84.1,"hidden":true},"geometry":{"type":"LineString","coordinates":[[137.272306,-211.869581],[136.648413,-211.339753],[136.036001,-211.197938],[135.021466,-210.955247]]}},{"type":"Feature","id":"2049-Newwworld","properties":{"roadId":"2049-Newwworld","width":84.1,"hidden":true},"geometry":{"type":"LineString","coordinates":[[154.115939,-213.305211],[153.885956,-213.237346],[153.318107,-213.159056],[152.958505,-213.166079],[152.517844,-213.059542]]}},{"type":"Feature","id":"204-Newwworld","properties":{"roadId":"204-Newwworld","width":80.0,"hidden":false},"geometry":{"type":"LineString","coordinates":[[90.541123,-123.617522],[90.026286,-123.890917],[89.856867,-124.098473],[89.815044,-124.249291],[89.649844,-124.482157],[89.44717,-124.637633],[89.315928,-124.659246],[89.320277,-124.754234],[89.149868,-124.857805],[88.887281,-125.189966],[88.90584,-125.653299],[88.857263,-125.716204],[88.524337,-125.657331],[88.246497,-125.724116],[88.118424,-125.897489],[88.084682,-126.269532],[88.248667,-126.411321],[88.146228,-126.567735],[88.105915,-126.694606],[88.16483,-127.181552],[88.212678,-127.670433],[88.430473,-128.129742],[88.38326,-128.512731],[87.824334,-129.010214]]}},{"type":"Feature","id":"2050-Newwworld","properties":{"roadId":"2050-Newwworld","width":82.2,"hidden":true},"geometry":{"type":"LineString","coordinates":[[166.67027,-201.533288],[167.177017,-201.774512],[167.253145,-201.900997],[167.309395,-202.242743],[167.626124,-202.55527],[168.403392,-203.011461],[169.118004,-203.337295],[169.84344,-203.327625]]}},{"type":"Feature","id":"2051-Newwworld","properties":{"roadId":"2051-Newwworld","width":84.1,"hidden":true},"geometry":{"type":"LineString","coordinates":[[154.115939,-213.305211],[154.578693,-212.39375],[155.274389,-211.840284],[155.529946,-211.566768],[155.884912,-210.672572],[156.393247,-209.966684],[157.002051,-209.712734],[157.394553,-209.263496],[157.480213,-208.819736],[157.131505,-208.358823],[156.964334,-208.255125],[156.90153,-208.144178],[156.93456,-208.019143],[156.924273,-207.739715],[156.968683,-206.450596],[156.828796,-206.039952],[156.853683,-205.646704],[157.023675,-205.574595],[157.095168,-205.497824],[157.152616,-205.328847],[157.913548,-204.832361],[157.993227,-204.718967],[157.994242,-204.556362],[158.444695,-203.912818],[159.109142,-203.32825],[159.705064,-202.889186],[160.275717,-202.365782],[161.289549,-202.342848],[161.54448,-202.217977],[162.361922,-202.16671],[162.752366,-202.405981],[163.677282,-202.838604],[164.336043,-203.099413],[164.632511,-203.069334],[165.335847,-202.649481],[165.968028,-202.477327],[166.67027,-201.533288]]}},{"type":"Feature","id":"207-Newwworld","properties":{"roadId":"207-Newwworld","width":80.0,"hidden":false},"geometry":{"type":"LineString","coordinates":[[88.820284,-132.169247],[88.522618,-132.283615],[88.334458,-132.245697],[88.084561,-132.235186],[87.835732,-132.307618],[87.592997,-132.448037],[87.41685,-132.289132],[87.328334,-132.098091],[87.399697,-131.715908],[87.281086,-131.491087],[87.147544,-131.481107],[86.999279,-131.737264],[87.024679,-132.276574]]}},{"type":"Feature","id":"208-Newwworld","properties":{"roadId":"208-Newwworld","width":80.0,"hidden":false},"geometry":{"type":"LineString","coordinates":[[88.820284,-132.169247],[88.888939,-132.257712],[88.872584,-132.402453],[88.938982,-132.557078],[89.281683,-132.655356],[89.615165,-132.568218],[90.092606,-132.499105],[90.51785,-132.577921],[90.943381,-132.158055],[91.018312,-131.939178],[91.170648,-131.828434],[91.476525,-131.549086],[91.581569,-131.462806],[91.831544,-131.50707],[91.997812,-131.649107],[92.475001,-131.726505],[92.671365,-131.622236],[93.123805,-131.598767],[93.452062,-131.225596],[93.738035,-130.999652],[93.834389,-130.47221],[93.737332,-129.991491],[93.77386,-129.875013],[93.824797,-129.327514],[93.741464,-129.187396],[93.739589,-128.544853],[93.768374,-128.270413],[93.711481,-128.057142],[93.719441,-127.851846],[93.682913,-127.777478],[93.710222,-127.710991],[93.693026,-127.634896]]}},{"type":"Feature","id":"210-Newwworld","properties":{"roadId":"210-Newwworld","width":89.8,"hidden":false},"geometry":{"type":"LineString","coordinates":[[91.841709,-137.913844],[92.145885,-138.323698],[92.307431,-138.776799],[92.421043,-138.860427],[92.601521,-138.960376],[92.698795,-139.343467],[92.665887,-140.196135],[92.666451,-141.037831],[92.453326,-141.689343],[92.311172,-142.019145],[92.510904,-142.30918],[92.538899,-142.644286],[92.585496,-143.174452],[92.742389,-143.809064],[92.771947,-144.363536]]}},{"type":"Feature","id":"211-Newwworld","properties":{"roadId":"211-Newwworld","width":80.0,"hidden":false},"geometry":{"type":"LineString","coordinates":[[100.295574,-135.882208],[99.527429,-134.502241],[99.020127,-133.330428],[98.99919,-132.947118]]}},{"type":"Feature","id":"212-Newwworld","properties":{"roadId":"212-Newwworld","width":80.0,"hidden":false},"geometry":{"type":"LineString","coordinates":[[100.295574,-135.882208],[99.771701,-136.51528],[98.448468,-137.070083],[97.949134,-137.219953],[97.366823,-137.532984],[97.081397,-137.583288],[96.953549,-137.660345],[96.624199,-137.671786],[96.271333,-137.62104],[96.023737,-137.624399],[95.768675,-137.370179],[95.284776,-137.169901],[94.750026,-137.285856],[94.446457,-137.212384],[94.196839,-137.199068],[93.76807,-137.175569],[93.644675,-137.128052],[93.214908,-136.834431],[93.04818,-136.786375],[92.706174,-136.792269],[92.454298,-136.977001],[92.263151,-137.202488],[92.172604,-137.377888],[92.311172,-137.774512],[92.026701,-137.922143],[91.841709,-137.913844]]}},{"type":"Feature","id":"213-Newwworld","properties":{"roadId":"213-Newwworld","width":80.0,"hidden":false},"geometry":{"type":"LineString","coordinates":[[100.295574,-135.882208],[100.511183,-136.096924],[100.813241,-136.181139],[101.76972,-136.943806]]}},{"type":"Feature","id":"214-Newwworld","properties":{"roadId":"214-Newwworld","width":87.9,"hidden":true},"geometry":{"type":"LineString","coordinates":[[118.145375,-122.999381],[118.151086,-122.999857],[118.818363,-123.387315],[119.474857,-123.78554],[120.001556,-123.814909],[120.613025,-123.574544],[121.219225,-123.506148],[122.293344,-123.471285],[123.319252,-123.375223],[123.795413,-123.941917],[123.957345,-124.399529],[123.823259,-124.996041],[123.938897,-125.383141],[123.728614,-125.790398],[124.233176,-126.268107],[124.267671,-126.322505]]}},{"type":"Feature","id":"215-Newwworld","properties":{"roadId":"215-Newwworld","width":116.4,"hidden":true},"geometry":{"type":"LineString","coordinates":[[153.633854,-131.785882],[153.9833,-131.884193],[154.744926,-131.858945],[155.199051,-131.7781],[155.765441,-131.823482],[156.220729,-131.803002],[157.033475,-131.392365],[157.694753,-130.853904],[158.128679,-130.597441],[159.078934,-129.830211],[159.537485,-129.742383],[159.981897,-129.80481],[160.473522,-129.770367],[161.034322,-130.053303],[161.582293,-130.093598],[161.892615,-129.958061],[162.272477,-129.947748],[162.832037,-129.587367],[163.2463,-129.5849],[163.581952,-129.368303],[163.827708,-129.198626],[164.132527,-128.978965],[164.319272,-128.759971],[164.430332,-128.638239],[164.838936,-128.603541],[165.002287,-128.351443],[165.328469,-127.969662],[166.050702,-127.677235],[166.98403,-127.493457],[167.652253,-127.418199],[168.614782,-127.21222],[169.82417,-127.247328],[170.082191,-127.374556],[170.704016,-127.462563]]}},{"type":"Feature","id":"216-Newwworld","properties":{"roadId":"216-Newwworld","width":148.7,"hidden":false},"geometry":{"type":"LineString","coordinates":[[108.133214,-68.440293],[108.020002,-68.687099],[107.852883,-68.744226],[107.713169,-68.866414],[107.681598,-69.067604],[107.283905,-69.646382],[106.717766,-70.168979],[106.394267,-70.322322],[106.177626,-70.58175]]}},{"type":"Feature","id":"217-Newwworld","properties":{"roadId":"217-Newwworld","width":116.4,"hidden":true},"geometry":{"type":"LineString","coordinates":[[153.633854,-131.785882],[153.904385,-131.439787],[154.002805,-131.011463],[154.280506,-130.858246],[154.843459,-129.785717],[155.442472,-128.944927],[155.509104,-128.534292],[155.5463,-127.279677],[154.619622,-125.997097],[154.157432,-125.137244],[153.915123,-123.516056]]}},{"type":"Feature","id":"218-Newwworld","properties":{"roadId":"218-Newwworld","width":143.0,"hidden":false},"geometry":{"type":"LineString","coordinates":[[108.904762,-71.661432],[108.700768,-71.539123],[108.283709,-70.873261],[108.160228,-69.777563],[108.133214,-68.440293]]}},{"type":"Feature","id":"219-Newwworld","properties":{"roadId":"219-Newwworld","width":80.0,"hidden":false},"geometry":{"type":"LineString","coordinates":[[107.334574,-72.297875],[107.495338,-73.32748],[107.51921,-74.796799],[106.844355,-75.938556],[106.168172,-76.486127],[105.477997,-77.572624],[105.43534,-78.138919],[105.256103,-78.287193],[104.816961,-78.300361],[104.050526,-78.92262],[103.925309,-79.589818],[104.216664,-80.365368],[104.259841,-81.374061],[103.920318,-81.847482],[104.47354,-83.561768]]}},{"type":"Feature","id":"221-Newwworld","properties":{"roadId":"221-Newwworld","width":143.0,"hidden":true},"geometry":{"type":"LineString","coordinates":[[128.827263,-82.432302],[127.325677,-83.337791]]}},{"type":"Feature","id":"223-Newwworld","properties":{"roadId":"223-Newwworld","width":143.0,"hidden":true},"geometry":{"type":"LineString","coordinates":[[128.827263,-82.432302],[128.211023,-80.086904],[126.902956,-78.487948],[126.313267,-77.120123],[126.241432,-75.573503],[126.993236,-74.596685],[127.0405,-73.67288],[127.192064,-72.26054],[126.361638,-70.170698],[126.197365,-69.615514]]}},{"type":"Feature","id":"224-Newwworld","properties":{"roadId":"224-Newwworld","width":80.0,"hidden":false},"geometry":{"type":"LineString","coordinates":[[112.994498,-86.96868],[113.349803,-88.261341],[113.672382,-90.171113],[113.850212,-90.646323],[113.765976,-91.23017],[113.538354,-91.678427],[113.394291,-92.818648],[112.870409,-94.019572],[112.750947,-94.312342]]}},{"type":"Feature","id":"225-Newwworld","properties":{"roadId":"225-Newwworld","width":143.0,"hidden":false},"geometry":{"type":"LineString","coordinates":[[127.325677,-83.337791],[126.449433,-82.552832],[125.748018,-81.857344],[125.290037,-81.739557],[124.770225,-81.360554],[124.225117,-81.518523],[123.813651,-81.535033],[123.418292,-81.572013],[122.994065,-81.130952],[122.802622,-80.601193],[122.731124,-80.331687],[122.418755,-80.151053],[122.361547,-80.012407],[122.467058,-79.911339],[122.593887,-79.713673],[122.426759,-79.599159],[122.01283,-79.984195],[121.833747,-79.90337],[121.818357,-79.632388],[121.622852,-79.283429],[121.238116,-79.516415],[120.68321,-79.326328],[120.255155,-78.645996]]}},{"type":"Feature","id":"226-Newwworld","properties":{"roadId":"226-Newwworld","width":80.0,"hidden":false},"geometry":{"type":"LineString","coordinates":[[112.994498,-86.96868],[113.553675,-86.884843],[113.933659,-86.729261],[114.40307,-86.780164],[114.695641,-86.988411],[116.203068,-87.365045],[116.857523,-87.176129]]}},{"type":"Feature","id":"227-Newwworld","properties":{"roadId":"227-Newwworld","width":148.7,"hidden":true},"geometry":{"type":"LineString","coordinates":[[163.191352,-84.537847],[162.212746,-82.015009],[161.686139,-80.822991]]}},{"type":"Feature","id":"228-Newwworld","properties":{"roadId":"228-Newwworld","width":110.7,"hidden":true},"geometry":{"type":"LineString","coordinates":[[165.727767,-81.258374],[167.048978,-81.572534],[167.694518,-81.351899],[168.751119,-81.256578]]}},{"type":"Feature","id":"229-Newwworld","properties":{"roadId":"229-Newwworld","width":148.7,"hidden":true},"geometry":{"type":"LineString","coordinates":[[163.191352,-84.537847],[164.298378,-82.970255],[165.727767,-81.258374]]}},{"type":"Feature","id":"230-Newwworld","properties":{"roadId":"230-Newwworld","width":105.0,"hidden":false},"geometry":{"type":"LineString","coordinates":[[117.017402,-52.03088],[116.83491,-50.258252],[116.536385,-49.295905],[115.873431,-48.176769]]}},{"type":"Feature","id":"231-Newwworld","properties":{"roadId":"231-Newwworld","width":105.0,"hidden":false},"geometry":{"type":"LineString","coordinates":[[117.604765,-53.989697],[116.141583,-52.961551]]}},{"type":"Feature","id":"232-Newwworld","properties":{"roadId":"232-Newwworld","width":105.0,"hidden":false},"geometry":{"type":"LineString","coordinates":[[117.017402,-52.03088],[117.604765,-53.989697]]}},{"type":"Feature","id":"233-Newwworld","properties":{"roadId":"233-Newwworld","width":80.0,"hidden":false},"geometry":{"type":"LineString","coordinates":[[116.857523,-87.176129],[117.682057,-87.092431],[118.430063,-86.830676],[119.241811,-87.008637],[120.068856,-87.056701],[120.254165,-86.874149],[121.586471,-86.71381]]}},{"type":"Feature","id":"235-Newwworld","properties":{"roadId":"235-Newwworld","width":80.0,"hidden":false},"geometry":{"type":"LineString","coordinates":[[116.857523,-87.176129],[117.106578,-86.85835],[117.90902,-86.5765],[118.962087,-85.274334]]}},{"type":"Feature","id":"236-Newwworld","properties":{"roadId":"236-Newwworld","width":80.0,"hidden":false},"geometry":{"type":"LineString","coordinates":[[118.962087,-85.274334],[120.039261,-86.18906],[121.586471,-86.71381]]}},{"type":"Feature","id":"237-Newwworld","properties":{"roadId":"237-Newwworld","width":143.0,"hidden":false},"geometry":{"type":"LineString","coordinates":[[120.255155,-78.645996],[120.194553,-78.197314],[119.963139,-77.846896],[119.569982,-77.735203],[119.195751,-77.634951],[118.986176,-77.478379],[118.225939,-77.46298],[117.878221,-77.269081],[117.592022,-76.797057],[116.727896,-75.838816],[116.270846,-75.584961],[115.736686,-74.868335],[115.063862,-74.259905],[114.549798,-73.90295],[114.176281,-73.474381],[113.831011,-73.236403],[113.324681,-72.662104],[113.074698,-72.389169]]}},{"type":"Feature","id":"238-Newwworld","properties":{"roadId":"238-Newwworld","width":80.0,"hidden":false},"geometry":{"type":"LineString","coordinates":[[118.962087,-85.274334],[119.197965,-84.832067],[119.191628,-84.173723],[119.234406,-83.610292],[119.187913,-83.455708],[119.346991,-83.307357],[119.395672,-83.132617],[119.334332,-82.905724],[119.045221,-82.347102],[118.919283,-82.007405],[118.984995,-81.812786],[119.100612,-81.701848],[119.169163,-81.608801],[119.155057,-81.419365],[119.179718,-81.267168],[119.206533,-81.086412],[119.135491,-80.645482],[119.022339,-80.340854],[119.07707,-80.0562],[119.200968,-79.888899],[119.420036,-79.748369],[119.821816,-79.654645],[119.992041,-79.490738],[120.137521,-79.215234],[120.159749,-78.962186],[120.255155,-78.645996]]}},{"type":"Feature","id":"239-Newwworld","properties":{"roadId":"239-Newwworld","width":143.0,"hidden":false},"geometry":{"type":"LineString","coordinates":[[113.074698,-72.389169],[112.54756,-71.81362],[112.068427,-71.686658]]}},{"type":"Feature","id":"240-Newwworld","properties":{"roadId":"240-Newwworld","width":143.0,"hidden":true},"geometry":{"type":"LineString","coordinates":[[126.197365,-69.615514],[126.341793,-69.481008],[126.431111,-69.060443],[126.659939,-68.794209],[127.514428,-68.496152],[127.753668,-68.270561],[127.672365,-67.886081],[127.869212,-67.488119],[127.964101,-66.854775],[127.947646,-66.498481],[127.761565,-66.126943],[127.54812,-65.996951],[127.184055,-64.983849],[127.095023,-64.339385],[127.11771,-64.031728],[127.028183,-63.882352],[126.885967,-63.732595],[126.800662,-63.466248],[126.587511,-63.320354],[126.521496,-63.093287],[126.798893,-62.801628],[127.080394,-62.617261],[127.137344,-62.233562],[127.478929,-61.63198],[127.469293,-61.360156],[127.896695,-60.266003]]}},{"type":"Feature","id":"241-Newwworld","properties":{"roadId":"241-Newwworld","width":143.0,"hidden":true},"geometry":{"type":"LineString","coordinates":[[113.074698,-72.389169],[113.538953,-72.389638],[113.706393,-72.27442],[114.25636,-72.30936],[114.474251,-72.237945],[114.715797,-72.207198],[115.175095,-71.795348],[115.18967,-71.070484],[115.384732,-70.723712],[116.038605,-70.426602],[116.371723,-70.403928],[116.628755,-70.155663],[117.086925,-69.832259],[117.416501,-69.774499],[117.929662,-69.47942],[118.428292,-69.423256],[118.670481,-69.284853],[118.7647,-68.926058],[118.956497,-68.686509],[119.12109,-68.60321],[119.174675,-68.497237],[119.554993,-68.351213],[121.281853,-68.244329],[121.959858,-68.328999],[123.247911,-69.135425],[123.774256,-69.146328],[124.293314,-69.424124],[124.74601,-69.287883],[125.017506,-69.458048],[125.572286,-69.56021],[126.197365,-69.615514]]}},{"type":"Feature","id":"242-Newwworld","properties":{"roadId":"242-Newwworld","width":148.7,"hidden":true},"geometry":{"type":"LineString","coordinates":[[152.588278,-74.50402],[151.788726,-74.582935],[151.108169,-74.107638],[150.165006,-74.093237],[148.14427,-73.040065],[147.60998,-72.872209]]}},{"type":"Feature","id":"243-Newwworld","properties":{"roadId":"243-Newwworld","width":200.0,"hidden":true},"geometry":{"type":"LineString","coordinates":[[152.588278,-74.50402],[152.542713,-73.75367],[153.165407,-72.595524],[153.641528,-71.78678],[154.309412,-71.199781]]}},{"type":"Feature","id":"247-Newwworld","properties":{"roadId":"247-Newwworld","width":200.0,"hidden":true},"geometry":{"type":"LineString","coordinates":[[187.01415,-35.835104],[185.717661,-37.224519],[184.681052,-38.466363],[183.809573,-38.936677],[181.150423,-39.333901],[180.789545,-39.593363]]}},{"type":"Feature","id":"249-Newwworld","properties":{"roadId":"249-Newwworld","width":120.2,"hidden":true},"geometry":{"type":"LineString","coordinates":[[196.139953,-54.24817],[196.070309,-55.267132]]}},{"type":"Feature","id":"251-Newwworld","properties":{"roadId":"251-Newwworld","width":89.8,"hidden":true},"geometry":{"type":"LineString","coordinates":[[197.540097,-52.782531],[196.60466,-53.238132],[196.139953,-54.24817]]}},{"type":"Feature","id":"252-Newwworld","properties":{"roadId":"252-Newwworld","width":89.8,"hidden":true},"geometry":{"type":"LineString","coordinates":[[197.745853,-54.647112],[197.471416,-53.797665],[197.540097,-52.782531]]}},{"type":"Feature","id":"256-Newwworld","properties":{"roadId":"256-Newwworld","width":87.9,"hidden":false},"geometry":{"type":"LineString","coordinates":[[73.850085,-120.776176],[73.638375,-121.474719],[73.387402,-121.913565],[73.044466,-122.13846],[72.626809,-122.257148],[72.386296,-122.25101],[72.00106,-122.274516],[71.756311,-122.063931],[71.154338,-122.030268],[70.880509,-121.963258],[70.34661,-121.962671],[69.932208,-122.070924],[69.761721,-122.525244],[69.708995,-123.076436],[69.544342,-123.319821],[69.323169,-123.629717],[68.829053,-123.938548],[68.501691,-123.81006],[68.073937,-123.989918],[68.074753,-125.044414],[67.706931,-125.72073],[66.77586,-126.880412],[66.069043,-127.326046]]}},{"type":"Feature","id":"258-Newwworld","properties":{"roadId":"258-Newwworld","width":80.0,"hidden":false},"geometry":{"type":"LineString","coordinates":[[78.231203,-127.255933],[77.95365,-126.621376],[77.156859,-125.884713]]}},{"type":"Feature","id":"263-Newwworld","properties":{"roadId":"263-Newwworld","width":101.2,"hidden":true},"geometry":{"type":"LineString","coordinates":[[52.883599,-139.764241],[52.159977,-139.723877],[51.523577,-139.460204],[51.30829,-139.511706],[51.172795,-139.570291],[50.977456,-139.565751],[50.293894,-139.360186],[49.451001,-139.36154],[49.194924,-139.463962],[48.696519,-139.866533],[48.517612,-140.146517],[48.368992,-140.400858]]}},{"type":"Feature","id":"264-Newwworld","properties":{"roadId":"264-Newwworld","width":101.2,"hidden":true},"geometry":{"type":"LineString","coordinates":[[40.899705,-130.391341],[40.604304,-130.604255],[40.008209,-130.687641],[39.906472,-130.78961],[39.747878,-131.076019],[39.749701,-131.276205],[39.441974,-131.916648],[38.981729,-132.655735],[38.588933,-132.850619],[37.025733,-134.31057],[36.520089,-134.929739],[36.435453,-135.425635],[36.434585,-136.202234],[36.395175,-137.047557],[36.19205,-137.502619],[36.255852,-137.797689],[36.496565,-138.166988],[36.68667,-139.03028],[36.69292,-139.710995],[36.432328,-140.682838],[36.28363,-141.079688],[36.20455,-141.15159],[36.171303,-141.285835],[36.041962,-141.427233],[35.83684,-141.707078],[35.511926,-141.785611],[35.38571,-142.01852],[35.216092,-142.649477]]}},{"type":"Feature","id":"265-Newwworld","properties":{"roadId":"265-Newwworld","width":101.2,"hidden":true},"geometry":{"type":"LineString","coordinates":[[52.883599,-139.764241],[52.343381,-139.200168],[52.18338,-138.683231],[51.369002,-137.69301],[51.009895,-137.417801],[50.526274,-137.480727],[50.060856,-137.317202],[49.969102,-137.590423],[49.451383,-137.572446],[48.367595,-137.15017],[48.049425,-137.127531],[47.385577,-136.400924],[47.007659,-136.274561],[46.510218,-135.88965],[46.152934,-135.637969],[46.126146,-135.251341],[45.994774,-134.955021],[45.07149,-134.465135],[44.340489,-133.576867],[44.107762,-133.144518],[43.80553,-132.845987],[42.772628,-132.270349],[42.422001,-131.967939],[42.078745,-131.259265],[41.607146,-130.823543],[40.899705,-130.391341]]}},{"type":"Feature","id":"266-Newwworld","properties":{"roadId":"266-Newwworld","width":101.2,"hidden":true},"geometry":{"type":"LineString","coordinates":[[35.216092,-142.649477],[34.663138,-143.027794],[34.21331,-143.946044],[34.175289,-144.151687],[34.47095,-144.555586],[34.600812,-145.055527],[34.437964,-145.516518],[34.634926,-146.121598],[34.729805,-146.721409],[34.762878,-147.331185],[34.902288,-147.778748],[35.29821,-148.234556],[35.313922,-148.676667],[35.141352,-149.397165],[35.182411,-150.097071],[35.29795,-150.92835],[35.212012,-151.446069],[34.910014,-152.085576],[35.019997,-152.466012],[34.920865,-152.829451],[35.034928,-153.100372],[34.983278,-153.196796],[35.108539,-153.341197],[35.213487,-153.517647],[35.227376,-153.62908],[35.311144,-153.710521],[35.404547,-153.906937],[35.474599,-154.071078],[35.642656,-154.236061],[36.333543,-154.078031],[37.075733,-154.2914],[37.650388,-154.704075],[38.121397,-155.184302],[38.480078,-155.191733],[38.74527,-155.528253],[38.849437,-155.917942],[38.7556,-156.58804],[38.817232,-156.911001],[38.562718,-157.40385],[38.667232,-157.763347],[39.072268,-157.992628],[39.631645,-158.476588],[39.977393,-158.878013],[40.187636,-158.937301],[40.381127,-159.061564],[40.689287,-159.267519]]}},{"type":"Feature","id":"267-Newwworld","properties":{"roadId":"267-Newwworld","width":148.7,"hidden":false},"geometry":{"type":"LineString","coordinates":[[106.543356,-56.625253],[106.484128,-56.390148],[106.590813,-56.225937],[106.796933,-56.149322],[107.013193,-56.133914],[107.063531,-56.037786],[106.93808,-55.913783],[106.584094,-55.788279],[106.272886,-55.833757],[105.934552,-56.083194],[105.869717,-56.590018],[105.861027,-56.990749],[105.682138,-57.140029],[105.57587,-57.462365],[105.638822,-57.64727],[105.473873,-57.696871],[105.226598,-57.545464],[105.031624,-57.1791],[104.835703,-56.944004],[104.799262,-56.615643],[104.902248,-56.273212],[104.813654,-56.037942],[104.958099,-55.614433],[104.949757,-55.116611],[105.346277,-54.661019],[105.67574,-54.29916],[105.863814,-53.945461]]}},{"type":"Feature","id":"268-Newwworld","properties":{"roadId":"268-Newwworld","width":148.7,"hidden":false},"geometry":{"type":"LineString","coordinates":[[106.543356,-56.625253],[106.345526,-56.675036],[106.28576,-56.813682],[106.314484,-57.124135],[106.386854,-57.624649],[106.277626,-57.847071],[106.117721,-57.9605],[106.057538,-58.326578],[105.825758,-58.43611],[105.404238,-58.428332],[105.045695,-58.650728]]}},{"type":"Feature","id":"269-Newwworld","properties":{"roadId":"269-Newwworld","width":80.0,"hidden":false},"geometry":{"type":"LineString","coordinates":[[94.152541,-63.118591],[94.208566,-63.672646],[93.983331,-64.086632]]}},{"type":"Feature","id":"270-Newwworld","properties":{"roadId":"270-Newwworld","width":80.0,"hidden":false},"geometry":{"type":"LineString","coordinates":[[94.152541,-63.118591],[94.224096,-62.778919],[95.05277,-62.291982],[95.489421,-61.779263],[95.7095,-61.237187],[96.130404,-60.742897],[96.492905,-60.406255],[96.667281,-60.166888],[96.733835,-60.010065],[97.114053,-59.654082],[97.314228,-59.230652],[97.154158,-58.870564],[97.238646,-58.641744],[97.499506,-58.397941]]}},{"type":"Feature","id":"271-Newwworld","properties":{"roadId":"271-Newwworld","width":80.0,"hidden":false},"geometry":{"type":"LineString","coordinates":[[97.088359,-49.763485],[97.899733,-47.037269],[97.736538,-44.860274],[97.200104,-43.613238],[97.13072,-42.54879]]}},{"type":"Feature","id":"272-Newwworld","properties":{"roadId":"272-Newwworld","width":148.7,"hidden":false},"geometry":{"type":"LineString","coordinates":[[114.180543,-47.283659],[113.444786,-46.603292],[111.838556,-45.431899]]}},{"type":"Feature","id":"273-Newwworld","properties":{"roadId":"273-Newwworld","width":80.0,"hidden":false},"geometry":{"type":"LineString","coordinates":[[97.088359,-49.763485],[99.075301,-49.063725]]}},{"type":"Feature","id":"274-Newwworld","properties":{"roadId":"274-Newwworld","width":80.0,"hidden":false},"geometry":{"type":"LineString","coordinates":[[90.206756,-58.141491],[90.909327,-58.131074],[91.402367,-58.346378],[91.708106,-58.389321],[91.964643,-58.029216]]}},{"type":"Feature","id":"276-Newwworld","properties":{"roadId":"276-Newwworld","width":80.0,"hidden":false},"geometry":{"type":"LineString","coordinates":[[90.206756,-58.141491],[89.230224,-57.535482],[88.118788,-56.553161],[87.873544,-55.947273],[86.443922,-55.353026],[85.664605,-54.77147],[85.124533,-54.236191],[84.842675,-54.058899],[84.668351,-53.774905],[84.431528,-53.53782],[84.416745,-53.387499]]}},{"type":"Feature","id":"283-Newwworld","properties":{"roadId":"283-Newwworld","width":101.2,"hidden":true},"geometry":{"type":"LineString","coordinates":[[73.530449,-74.392145],[72.212545,-74.171545],[71.851884,-74.358967],[71.623333,-74.392874],[71.421266,-74.345582],[71.320598,-74.408369],[71.146049,-74.604437],[70.796525,-74.708995]]}},{"type":"Feature","id":"290-Newwworld","properties":{"roadId":"290-Newwworld","width":80.3,"hidden":true},"geometry":{"type":"LineString","coordinates":[[50.992169,-224.747811],[50.635675,-225.10901],[49.992834,-225.917954],[49.671471,-226.698425],[49.654708,-227.439052],[49.333301,-227.808932],[49.131009,-227.89296],[48.729393,-228.459195],[48.439913,-229.070134],[48.295442,-229.646352],[48.411683,-230.301215],[47.872645,-230.722657],[47.934919,-231.050349],[48.191882,-231.513806],[48.086222,-231.78464],[47.530022,-232.072402],[47.192304,-232.97579],[47.152738,-234.235343],[47.353459,-234.858522],[47.42648,-235.624844],[47.623807,-236.118943],[47.518052,-236.333614],[47.308476,-236.454274],[47.327435,-236.742296],[47.116444,-236.979363],[47.281567,-237.206099],[47.266089,-237.715476],[46.927841,-237.692993],[46.810098,-238.165651],[47.176931,-238.742823],[47.215134,-239.192738],[47.197269,-239.332582],[46.901079,-239.200377],[46.600688,-239.203849],[46.526,-239.496993],[46.563196,-239.719216],[46.336242,-240.058887],[46.041528,-240.194391],[45.324181,-240.50967],[44.675776,-240.605677],[44.196799,-241.098734],[44.046816,-241.623562],[43.854081,-241.771827],[43.68527,-242.422957],[43.430399,-242.64709],[42.872758,-242.673306],[42.492931,-242.897178],[42.019066,-243.362023],[42.147773,-243.494228],[42.480179,-244.015064],[42.56991,-244.226262],[42.438217,-244.514805],[42.401776,-245.208991],[42.165308,-245.837379],[42.265117,-246.242154],[42.051002,-246.958303],[41.66732,-247.326099],[41.659881,-248.095459],[41.215435,-248.514298],[40.103955,-248.720288],[38.323133,-249.120029],[37.964452,-249.418467],[37.240144,-249.506836]]}},{"type":"Feature","id":"291-Newwworld","properties":{"roadId":"291-Newwworld","width":80.3,"hidden":true},"geometry":{"type":"LineString","coordinates":[[42.703721,-217.250823],[42.76827,-217.25282],[43.076379,-217.175736],[43.474366,-216.926777],[43.795565,-216.917576],[44.414821,-217.084069],[44.78885,-216.912801],[45.225943,-216.599259],[45.631292,-216.536064],[46.02572,-216.635283],[47.126557,-217.118011],[47.281054,-217.526953],[46.965697,-217.794575],[46.818457,-218.072962],[47.18483,-218.48173],[47.640439,-219.1905],[47.509198,-219.91828],[47.310968,-220.828961],[47.355056,-221.08851],[47.679893,-221.39398],[48.241743,-221.690943],[48.602083,-222.465251],[48.92553,-222.830356],[49.766323,-223.537737],[50.449945,-224.028103],[50.992169,-224.747811]]}},{"type":"Feature","id":"294-Newwworld","properties":{"roadId":"294-Newwworld","width":82.2,"hidden":true},"geometry":{"type":"LineString","coordinates":[[16.851706,-213.788997],[17.562299,-213.524144],[18.019419,-213.459769]]}},{"type":"Feature","id":"296-Newwworld","properties":{"roadId":"296-Newwworld","width":97.4,"hidden":true},"geometry":{"type":"LineString","coordinates":[[16.851706,-213.788997],[16.766724,-214.280006],[16.922453,-214.355414],[17.1057,-214.304902],[17.380354,-214.566795],[17.815165,-214.541257],[18.216642,-214.822517],[18.821592,-215.073125]]}},{"type":"Feature","id":"297-Newwworld","properties":{"roadId":"297-Newwworld","width":82.2,"hidden":true},"geometry":{"type":"LineString","coordinates":[[26.0158,-218.708207],[27.174919,-218.551783]]}},{"type":"Feature","id":"298-Newwworld","properties":{"roadId":"298-Newwworld","width":82.2,"hidden":true},"geometry":{"type":"LineString","coordinates":[[33.925115,-201.322896],[33.904976,-201.706404],[33.780062,-202.192804],[33.716521,-202.556477],[33.325113,-202.826252],[33.09447,-203.222052],[32.904799,-203.225168],[32.900893,-203.222182],[32.629017,-203.414292],[32.454971,-203.496549],[32.300544,-203.677514],[32.284484,-203.926803],[32.28162,-203.92669],[32.164085,-204.263549],[31.982227,-204.333193],[31.67233,-204.383584],[31.214602,-204.259833],[30.905574,-204.318609]]}},{"type":"Feature","id":"299-Newwworld","properties":{"roadId":"299-Newwworld","width":106.9,"hidden":true},"geometry":{"type":"LineString","coordinates":[[66.508429,-205.836748],[66.908986,-206.102392],[67.212372,-206.084293],[67.739266,-206.211151],[67.838294,-206.056003],[67.8524,-205.902443],[67.831784,-205.560107],[67.713198,-205.362103],[67.711775,-205.247927],[67.799969,-205.094281],[67.771428,-204.772378],[68.202723,-204.690104],[68.60334,-204.227837],[68.845286,-203.756924],[68.962456,-203.502417]]}},{"type":"Feature","id":"29-Newwworld","properties":{"roadId":"29-Newwworld","width":171.5,"hidden":false},"geometry":{"type":"LineString","coordinates":[[91.544599,-94.578984],[92.451268,-94.074911],[92.937008,-93.558989],[93.658364,-93.036027],[94.034642,-92.744637],[94.264547,-92.611633],[94.92224,-92.279922],[95.163265,-92.08013],[95.496617,-91.887325],[95.811375,-91.693297]]}},{"type":"Feature","id":"300-Newwworld","properties":{"roadId":"300-Newwworld","width":101.2,"hidden":true},"geometry":{"type":"LineString","coordinates":[[33.925115,-201.322896],[34.830326,-201.235231]]}},{"type":"Feature","id":"301-Newwworld","properties":{"roadId":"301-Newwworld","width":101.2,"hidden":true},"geometry":{"type":"LineString","coordinates":[[39.049264,-200.742521],[39.524092,-201.082574],[40.367498,-201.225283],[40.809253,-201.514433],[41.312657,-202.028037],[41.674612,-202.627614],[42.183277,-202.697944]]}},{"type":"Feature","id":"302-Newwworld","properties":{"roadId":"302-Newwworld","width":101.2,"hidden":true},"geometry":{"type":"LineString","coordinates":[[39.049264,-200.742521],[39.131643,-200.348362],[38.997007,-199.70829],[38.926521,-198.751499],[38.939542,-198.025263],[39.046834,-197.678422],[39.101695,-197.282466],[38.838413,-196.652646]]}},{"type":"Feature","id":"305-Newwworld","properties":{"roadId":"305-Newwworld","width":101.2,"hidden":true},"geometry":{"type":"LineString","coordinates":[[45.784938,-161.633803],[45.826128,-161.775427],[45.92539,-161.942676],[46.170139,-162.478329],[46.61251,-163.104919],[47.542088,-164.115687],[47.887636,-164.641435],[48.032021,-165.319094],[47.832645,-166.467908]]}},{"type":"Feature","id":"308-Newwworld","properties":{"roadId":"308-Newwworld","width":95.5,"hidden":false},"geometry":{"type":"LineString","coordinates":[[63.925425,-175.431446],[63.718662,-175.133684],[63.712421,-174.852963],[63.908793,-174.53264],[64.176259,-174.151788],[64.148976,-172.452173],[63.669495,-171.906347],[62.899988,-171.358385],[62.256105,-170.522922],[61.482708,-169.244246],[61.233888,-168.913568],[61.076066,-168.622065],[60.768418,-168.459052],[60.611768,-168.429312],[60.341637,-168.216655],[60.150195,-168.01057]]}},{"type":"Feature","id":"309-Newwworld","properties":{"roadId":"309-Newwworld","width":101.2,"hidden":true},"geometry":{"type":"LineString","coordinates":[[39.968365,-181.494852],[40.504564,-181.363853],[41.519906,-181.769835],[43.259695,-181.957865],[43.987128,-182.422329],[44.095123,-182.439603],[44.239065,-182.27916],[44.386913,-182.240991],[44.589248,-182.399169],[45.783246,-182.83075],[46.091042,-182.751175],[46.346294,-182.61963],[46.550149,-182.442303],[46.673474,-182.393205],[46.929751,-182.342875],[47.341819,-182.47791],[47.73827,-182.742017],[47.851195,-182.848389],[48.00281,-183.035629],[48.151995,-183.220014],[48.197568,-183.521447],[48.688681,-183.677732],[49.359647,-184.006527],[49.791167,-184.326589],[49.988668,-184.335391],[50.130022,-184.414887],[50.851839,-184.647788],[50.99059,-184.534393],[51.036458,-184.314028],[51.508786,-184.002508],[52.782861,-182.521704],[54.22916,-181.64677],[54.542155,-181.361934],[56.467266,-180.782748],[56.649081,-180.774207],[57.479822,-180.539709],[59.000026,-179.170833],[59.329828,-179.068515],[59.511261,-179.08526],[59.737321,-178.97026],[60.173025,-178.867985],[60.380951,-178.634416],[60.566473,-178.591699],[60.776508,-178.588678],[61.077646,-178.393643],[61.404384,-177.557356],[61.836902,-177.104003],[62.660968,-176.752665],[63.273869,-176.20591],[63.925425,-175.431446]]}},{"type":"Feature","id":"30-Newwworld","properties":{"roadId":"30-Newwworld","width":87.9,"hidden":false},"geometry":{"type":"LineString","coordinates":[[93.192234,-80.667956],[92.955228,-80.784493],[92.681,-80.852227],[92.482935,-80.888712]]}},{"type":"Feature","id":"316-Newwworld","properties":{"roadId":"316-Newwworld","width":82.2,"hidden":false},"geometry":{"type":"LineString","coordinates":[[96.286082,-195.547512],[96.411316,-195.713971],[96.259033,-196.262905],[96.245665,-196.896076],[96.590032,-197.187761],[96.638566,-197.537432],[97.177908,-197.988718],[97.692449,-198.379952],[97.871955,-198.806351],[98.142598,-199.527256],[98.336358,-199.773238],[99.529869,-200.222606],[100.216694,-200.465055],[100.312076,-200.492728]]}},{"type":"Feature","id":"317-Newwworld","properties":{"roadId":"317-Newwworld","width":76.5,"hidden":false},"geometry":{"type":"LineString","coordinates":[[86.061099,-183.246611],[86.443948,-183.410596],[86.853992,-183.92512],[88.777853,-184.721555]]}},{"type":"Feature","id":"319-Newwworld","properties":{"roadId":"319-Newwworld","width":80.0,"hidden":false},"geometry":{"type":"LineString","coordinates":[[96.426291,-209.042948],[96.600475,-208.723867],[96.699625,-208.636003],[96.703271,-208.467113],[96.727385,-208.213258],[96.821552,-207.994151],[96.908714,-207.843439],[96.948671,-207.579402],[97.032065,-207.350278],[97.029791,-207.200763],[97.195356,-206.821517],[97.360573,-206.032652],[97.434341,-205.967174],[97.499489,-205.829352],[97.601277,-205.772972],[97.810106,-205.690298],[97.90686,-205.504317],[97.963205,-205.417849],[97.860523,-205.278552],[97.865002,-205.068577],[97.71718,-204.87612],[97.693673,-204.83033],[97.800879,-204.646388],[97.923908,-204.391275],[98.164821,-204.197637],[98.316635,-204.076239],[98.40003,-203.901646],[98.413328,-203.548572],[98.432495,-203.372955],[98.185515,-203.062676],[98.098258,-202.871825],[98.150307,-202.79482],[98.317165,-202.747172],[98.53497,-202.706833],[98.815674,-202.785922],[99.088044,-202.520982],[99.336821,-202.331328],[99.557786,-202.118263],[99.686944,-202.08901],[100.11027,-201.950494],[100.738701,-201.805511]]}},{"type":"Feature","id":"328-Newwworld","properties":{"roadId":"328-Newwworld","width":84.1,"hidden":true},"geometry":{"type":"LineString","coordinates":[[179.541486,-220.428352],[179.241172,-220.481564],[179.002057,-220.70396],[178.754998,-220.786599],[178.332176,-220.794065],[177.996203,-220.938162],[177.554743,-220.771756],[177.425037,-220.587293],[177.308431,-220.260035],[177.067337,-221.384258],[176.851572,-221.463772],[176.74125,-221.077399],[176.649661,-221.019586],[176.559913,-221.365334],[176.406527,-221.441115],[176.373437,-221.688252],[176.259877,-221.817766],[176.068201,-221.725318],[175.932723,-221.925579],[175.610092,-221.86004],[175.523494,-221.993635],[175.371992,-222.041725],[175.217235,-222.168028],[174.670887,-221.952055],[174.340192,-221.99511],[174.063307,-222.054833],[173.946649,-221.965249],[173.827282,-221.873495],[173.718428,-221.846152],[173.340744,-221.75188],[173.228877,-221.647019],[173.169632,-221.528182],[173.054719,-221.441376],[172.452199,-221.408563],[171.72448,-221.553703],[171.255772,-221.6603],[170.770683,-221.59754],[170.043493,-221.733738],[169.757642,-222.042593],[169.492137,-222.269504],[168.93125,-222.264903],[168.106195,-222.893204],[167.661671,-222.895287],[167.275671,-222.855704],[166.878404,-223.05284],[166.056509,-223.014385],[165.180013,-223.324629],[164.455098,-223.189993],[163.966502,-223.190427],[163.384191,-223.219941],[162.90662,-223.628362],[162.095749,-223.702929],[161.789299,-223.548241]]}},{"type":"Feature","id":"329-Newwworld","properties":{"roadId":"329-Newwworld","width":82.2,"hidden":false},"geometry":{"type":"LineString","coordinates":[[147.966083,-197.747007],[146.923858,-197.309124],[146.558388,-196.985173]]}},{"type":"Feature","id":"32-Newwworld","properties":{"roadId":"32-Newwworld","width":87.9,"hidden":false},"geometry":{"type":"LineString","coordinates":[[92.482935,-80.888712],[92.361719,-80.767965],[92.194427,-80.780387],[91.972916,-80.863755],[91.629191,-80.863495],[91.414155,-81.012427],[91.111186,-80.928009],[90.521965,-80.735308]]}},{"type":"Feature","id":"330-Newwworld","properties":{"roadId":"330-Newwworld","width":82.2,"hidden":false},"geometry":{"type":"LineString","coordinates":[[147.966083,-197.747007],[148.637336,-197.256355],[149.460828,-196.936154],[150.037957,-196.91822],[150.578948,-197.231893],[151.008498,-197.757849],[151.441954,-197.908397],[151.946956,-197.924699],[152.650934,-198.073128],[153.149148,-197.939742],[154.053812,-197.55587],[154.545403,-197.512163],[154.970986,-197.417432],[155.18182,-197.274193],[155.20761,-196.841275],[155.486404,-196.828324],[155.602472,-196.500736],[155.90032,-196.514668],[155.934392,-196.309129],[156.24487,-196.408253],[156.445253,-196.204554]]}},{"type":"Feature","id":"331-Newwworld","properties":{"roadId":"331-Newwworld","width":82.2,"hidden":true},"geometry":{"type":"LineString","coordinates":[[156.445253,-196.204554],[157.128484,-196.147818],[157.500577,-196.21912],[157.891994,-196.049779],[158.237681,-196.118026],[158.74454,-196.428722],[159.083395,-196.620319],[159.61627,-196.509668],[160.225925,-196.565536],[160.688609,-196.823341],[160.945502,-197.023507],[161.058888,-197.257431],[161.507457,-197.485218],[162.273814,-197.591825],[162.679605,-197.881478],[163.001811,-198.181366],[163.480155,-198.427001],[163.881441,-198.732696],[164.272962,-198.886108],[164.601244,-199.203349],[165.316255,-199.669062],[165.562376,-199.997475],[165.706352,-200.607599],[166.108871,-201.125404],[166.474939,-201.44031],[166.67027,-201.533288]]}},{"type":"Feature","id":"332-Newwworld","properties":{"roadId":"332-Newwworld","width":84.1,"hidden":true},"geometry":{"type":"LineString","coordinates":[[155.898931,-177.512095],[155.860468,-177.667582],[156.008307,-178.002756],[156.215122,-178.396282],[156.477657,-178.720103],[157.042199,-179.427614],[157.224517,-179.541208],[157.244483,-179.717111],[157.106861,-180.189465],[157.814164,-181.553246],[158.951259,-182.985594],[159.70068,-184.011101],[159.896601,-184.175546],[160.257679,-184.414271],[161.046293,-185.282026],[161.358082,-186.050579],[161.639472,-186.20821],[162.17884,-186.202949],[162.437061,-186.256612],[162.661394,-186.542568],[162.922506,-186.716866],[163.363037,-187.218551],[163.90645,-187.243491],[164.345714,-187.231902],[164.497902,-187.271763],[164.625897,-187.20665],[164.994379,-187.331755],[165.435908,-187.536027],[167.543233,-188.820797],[168.782326,-189.661398],[170.648322,-191.481483],[171.080919,-192.117691],[171.708143,-192.730975],[171.926286,-192.85193],[172.197763,-193.049318],[172.44009,-193.444545],[172.886541,-193.786855],[173.250553,-194.563733],[174.150842,-195.08021],[174.344176,-195.105436],[174.583665,-195.293987],[174.761556,-195.544491],[174.910029,-195.82457],[174.971713,-195.893025],[175.197495,-196.00543],[175.719797,-196.14912],[177.013743,-196.685745],[178.947803,-197.628292],[179.997833,-198.489675]]}},{"type":"Feature","id":"333-Newwworld","properties":{"roadId":"333-Newwworld","width":82.2,"hidden":true},"geometry":{"type":"LineString","coordinates":[[156.445253,-196.204554],[156.035017,-195.994033],[155.822681,-195.649101],[156.029548,-195.075332],[155.768948,-194.508932],[155.90315,-194.151952],[155.823905,-193.737254],[155.747394,-192.940203],[155.592203,-191.380267],[155.338157,-190.801992],[155.385796,-190.355246],[154.786514,-189.543898],[154.976368,-188.658956],[153.226648,-187.121529]]}},{"type":"Feature","id":"334-Newwworld","properties":{"roadId":"334-Newwworld","width":74.6,"hidden":true},"geometry":{"type":"LineString","coordinates":[[157.047607,-157.013927],[155.694651,-157.012234],[155.210275,-157.067659],[154.762296,-157.069543],[154.198101,-157.170976],[153.110094,-157.499866],[152.576255,-157.735752],[151.863961,-158.121118],[151.515106,-158.300467],[150.571648,-158.671033],[149.796879,-159.003282],[149.653893,-159.138283],[149.343015,-159.234776],[148.749749,-159.494621],[148.161761,-159.727399],[147.283607,-159.906428],[146.903528,-159.938546],[146.691157,-160.003277],[146.29955,-160.044866],[145.922109,-160.121593],[145.301126,-160.118199],[144.74451,-160.218312],[144.159968,-160.256108],[143.216267,-160.1578],[142.768896,-160.071437],[142.4455,-160.076159],[141.747521,-160.019536],[141.212562,-159.895299],[140.967457,-159.776835],[140.690043,-159.475957],[140.544643,-159.387337],[140.138427,-159.352337],[139.791854,-159.376955],[139.426341,-159.524977],[139.244543,-159.646774],[139.120914,-159.973121]]}},{"type":"Feature","id":"335-Newwworld","properties":{"roadId":"335-Newwworld","width":160.1,"hidden":true},"geometry":{"type":"LineString","coordinates":[[145.338097,-150.684929],[145.028426,-149.670091],[144.988608,-148.420104],[144.871151,-147.645831],[144.256218,-147.463434],[144.037789,-147.297357],[143.699984,-147.066575],[143.098306,-146.441938],[143.013731,-146.288178],[142.888141,-146.257683],[142.866318,-146.103968],[142.987108,-145.974896],[142.889373,-145.736432],[142.677515,-145.675815],[142.036636,-144.910839]]}},{"type":"Feature","id":"336-Newwworld","properties":{"roadId":"336-Newwworld","width":74.6,"hidden":true},"geometry":{"type":"LineString","coordinates":[[157.047607,-157.013927],[156.334098,-156.414246],[155.715528,-156.30007],[155.131498,-155.842117],[154.653276,-155.851874],[153.915027,-155.437402],[153.16611,-155.262436],[152.55747,-154.801445],[152.053849,-154.798554],[151.781365,-154.639292],[151.451095,-154.369378],[151.16362,-154.393405],[150.837621,-154.159195],[150.736127,-153.826329],[150.621023,-153.657396],[150.581535,-153.459088],[150.077818,-152.640118],[148.961955,-152.065594],[148.67941,-152.084465],[147.328781,-151.862086],[146.56324,-151.609785],[145.338097,-150.684929]]}},{"type":"Feature","id":"337-Newwworld","properties":{"roadId":"337-Newwworld","width":68.9,"hidden":false},"geometry":{"type":"LineString","coordinates":[[120.722018,-185.088128],[120.383468,-185.192989],[120.128535,-185.228293],[119.226533,-185.171531]]}},{"type":"Feature","id":"338-Newwworld","properties":{"roadId":"338-Newwworld","width":139.2,"hidden":true},"geometry":{"type":"LineString","coordinates":[[120.722018,-185.088128],[120.983325,-184.72718],[121.404669,-184.531581],[121.528614,-184.167413],[121.80019,-183.873584],[121.769378,-183.276611],[122.140958,-182.668276],[122.056798,-182.190357],[121.783352,-181.846693],[121.312753,-181.750729],[120.992315,-181.547491],[121.031011,-181.333887],[121.140772,-181.265606],[121.332327,-181.23617],[121.409784,-181.120406],[121.463569,-180.960622],[121.685864,-180.636758],[122.000136,-180.4126],[122.115327,-180.24746],[122.057016,-180.073267],[121.839399,-179.97015],[121.860134,-179.849551],[121.659332,-179.620479],[121.682453,-178.984088],[121.622681,-178.446603],[121.69119,-178.398773],[121.71398,-178.296933],[121.708654,-178.108382],[121.571123,-177.83253],[121.488335,-177.347016],[121.400285,-177.03613],[121.104685,-176.714601],[120.291731,-176.145181],[119.48808,-176.009798],[119.335656,-175.933209],[119.331366,-175.821351],[119.169415,-175.877471],[118.760568,-175.72274],[118.584968,-175.319301],[118.504716,-175.222348],[118.436764,-175.068918],[118.472086,-174.916661],[118.500619,-174.848397],[118.709066,-174.314029],[118.677095,-173.735563],[118.482034,-173.29281],[118.578327,-173.087566],[119.158989,-173.111768],[119.461347,-173.238183],[119.848424,-173.236152],[120.0628,-173.0003],[120.205911,-172.780334],[120.320112,-172.662851],[120.370465,-172.489274],[120.734816,-172.458406],[120.87956,-172.370281],[120.771767,-171.971581],[120.864036,-171.210702],[120.79365,-170.667133],[120.491139,-170.035446],[120.377255,-169.557771],[120.324634,-169.152857],[120.514232,-168.909644],[121.038669,-168.652108]]}},{"type":"Feature","id":"342-Newwworld","properties":{"roadId":"342-Newwworld","width":169.6,"hidden":false},"geometry":{"type":"LineString","coordinates":[[111.062564,-159.259984],[111.595213,-159.242641],[111.983513,-159.387789],[112.389166,-159.522129],[112.901312,-159.533206],[113.414256,-159.247276],[113.765143,-158.839454]]}},{"type":"Feature","id":"343-Newwworld","properties":{"roadId":"343-Newwworld","width":143.0,"hidden":false},"geometry":{"type":"LineString","coordinates":[[131.162198,-159.27409],[131.162198,-159.27409]]}},{"type":"Feature","id":"344-Newwworld","properties":{"roadId":"344-Newwworld","width":74.6,"hidden":false},"geometry":{"type":"LineString","coordinates":[[139.441419,-179.443629],[139.200446,-179.755019],[139.030194,-179.98074],[138.912329,-180.201713],[138.733682,-180.448138],[138.589107,-180.796255],[138.649003,-181.081456],[138.872407,-181.647465]]}},{"type":"Feature","id":"345-Newwworld","properties":{"roadId":"345-Newwworld","width":74.6,"hidden":true},"geometry":{"type":"LineString","coordinates":[[139.441419,-179.443629],[140.491457,-179.654594],[141.298344,-179.558751],[142.145959,-179.54251],[143.174374,-179.675739],[143.65093,-179.532466],[143.901972,-179.252205]]}},{"type":"Feature","id":"346-Newwworld","properties":{"roadId":"346-Newwworld","width":82.2,"hidden":true},"geometry":{"type":"LineString","coordinates":[[155.121177,-178.309329],[155.898931,-177.512095]]}},{"type":"Feature","id":"347-Newwworld","properties":{"roadId":"347-Newwworld","width":74.6,"hidden":true},"geometry":{"type":"LineString","coordinates":[[162.129803,-173.239199],[162.129256,-174.063724],[161.618491,-174.555575],[159.798563,-174.718752],[159.144394,-174.691486],[158.307438,-174.808032],[158.269278,-174.813345]]}},{"type":"Feature","id":"348-Newwworld","properties":{"roadId":"348-Newwworld","width":97.4,"hidden":true},"geometry":{"type":"LineString","coordinates":[[162.129803,-173.239199],[163.130536,-173.110613],[163.408436,-172.791402],[164.07744,-172.625108],[164.515653,-172.610603],[164.652885,-172.48575],[165.276507,-172.574951],[165.852307,-172.297485],[166.526337,-172.312251],[166.694254,-172.182632],[166.820383,-172.044151],[167.00725,-172.009924],[167.267477,-172.101877],[167.622383,-172.032406],[168.970825,-171.579089],[170.292539,-170.796178],[170.655683,-170.658235],[172.527017,-169.839118],[173.45196,-169.186676]]}},{"type":"Feature","id":"349-Newwworld","properties":{"roadId":"349-Newwworld","width":97.4,"hidden":true},"geometry":{"type":"LineString","coordinates":[[179.255252,-173.566083],[179.047881,-173.857412],[178.757924,-174.59712],[178.906674,-174.949604],[179.467918,-175.075828],[180.204639,-175.462878],[181.073105,-176.778091],[181.288497,-177.204481],[181.416995,-178.190986],[181.7673,-178.285231],[182.069506,-178.140613],[182.614595,-178.372141],[183.302227,-178.148208],[183.947438,-177.034923],[183.946735,-176.601814],[183.940815,-176.109087],[184.18388,-175.879746],[184.669506,-175.477765],[184.874846,-175.398642],[185.319934,-175.418381],[185.47023,-175.249718],[185.958634,-175.399779],[186.250241,-175.2524],[186.597985,-175.285594],[186.737057,-175.36911],[189.918526,-175.260968]]}},{"type":"Feature","id":"350-Newwworld","properties":{"roadId":"350-Newwworld","width":97.4,"hidden":true},"geometry":{"type":"LineString","coordinates":[[173.45196,-169.186676],[173.967586,-169.446851],[174.848466,-169.662372],[175.21273,-169.916531],[175.507713,-170.27826],[175.58951,-170.492557],[175.649519,-170.552801],[175.55083,-170.912316],[175.747436,-171.718299],[175.852393,-171.880314],[176.287178,-172.897661],[176.524427,-173.02984],[176.603194,-173.204294],[176.723967,-173.251317],[177.114047,-173.34735],[177.464005,-173.337298],[178.054892,-173.422906],[178.819599,-173.562082],[179.255252,-173.566083]]}},{"type":"Feature","id":"351-Newwworld","properties":{"roadId":"351-Newwworld","width":97.4,"hidden":true},"geometry":{"type":"LineString","coordinates":[[175.698217,-152.584892],[175.006548,-152.289666],[173.945711,-151.96154],[173.582221,-151.880298],[173.198877,-151.823388],[172.716949,-151.820202],[172.520351,-151.817633]]}},{"type":"Feature","id":"356-Newwworld","properties":{"roadId":"356-Newwworld","width":82.2,"hidden":true},"geometry":{"type":"LineString","coordinates":[[108.895829,-123.645184],[109.456734,-124.270105],[109.691665,-124.360788],[110.006154,-124.336779],[110.085304,-124.170031],[110.720931,-124.159681],[111.226341,-124.037312],[112.74744,-123.60328],[113.076599,-123.528162],[113.3539,-123.531695],[115.456086,-123.117041],[116.454266,-123.210837],[117.450051,-122.914812],[118.070999,-122.983408],[118.145375,-122.999381]]}},{"type":"Feature","id":"357-Newwworld","properties":{"roadId":"357-Newwworld","width":80.0,"hidden":false},"geometry":{"type":"LineString","coordinates":[[103.609266,-119.579612],[103.920726,-119.66398],[104.206039,-119.652531],[104.6821,-119.878188],[104.929549,-119.963268],[105.207796,-120.114846],[105.466642,-119.989165],[105.668396,-119.989574],[105.899257,-120.01035],[105.934404,-120.069208],[106.178659,-120.002667]]}},{"type":"Feature","id":"358-Newwworld","properties":{"roadId":"358-Newwworld","width":80.0,"hidden":false},"geometry":{"type":"LineString","coordinates":[[106.178659,-120.002667],[106.353789,-120.073557],[106.512167,-120.409147],[106.718009,-120.501232],[106.954963,-120.303398],[107.20644,-120.123842],[107.46901,-120.224687],[107.76823,-120.187019],[107.981095,-120.315914],[107.999203,-120.620762],[108.087632,-120.780309],[108.076755,-120.967692],[108.187546,-121.202548],[108.37456,-121.381781],[108.394187,-121.56477],[108.68483,-121.872204],[108.884718,-122.22754],[108.884171,-122.361383],[108.834735,-122.732491],[108.782174,-122.932301],[108.990456,-123.183786],[109.006949,-123.392957],[108.895829,-123.645184]]}},{"type":"Feature","id":"359-Newwworld","properties":{"roadId":"359-Newwworld","width":80.0,"hidden":false},"geometry":{"type":"LineString","coordinates":[[106.178659,-120.002667],[106.145403,-119.808878],[106.003762,-119.656486],[105.957963,-119.540345],[105.729777,-119.272488],[105.582841,-119.26418],[105.250617,-119.335517],[104.94572,-119.211593],[104.893246,-119.107097],[104.894331,-118.899344],[104.814427,-118.770003],[104.499417,-118.645098],[104.293852,-118.445784],[104.131048,-118.406643],[104.026672,-118.303413],[103.568424,-117.963759],[103.588051,-117.819097],[103.536636,-117.769245],[103.360941,-117.830868],[103.169942,-117.815512],[103.098787,-117.838065],[102.775618,-117.849827],[102.558299,-117.832683],[102.372674,-117.724114],[102.285581,-117.428332],[101.951327,-116.914016],[101.74834,-116.702766],[101.32583,-116.462799],[101.151853,-116.139396],[101.058919,-115.742649],[101.125725,-115.461633],[101.429797,-114.975876],[101.560318,-114.688115],[101.453113,-114.200535]]}},{"type":"Feature","id":"360-Newwworld","properties":{"roadId":"360-Newwworld","width":80.0,"hidden":false},"geometry":{"type":"LineString","coordinates":[[99.074876,-130.702042],[99.23031,-130.37318],[99.48762,-130.06024],[99.646614,-129.631778],[99.900617,-129.032748],[100.116937,-128.605979],[100.164654,-128.281999],[99.917683,-127.984224],[99.950643,-127.715486],[99.830182,-127.497377],[99.595199,-127.280843],[99.473054,-127.175583],[99.354521,-126.980677],[99.207324,-126.78218],[99.034199,-126.686142],[98.873287,-126.465331],[98.842757,-126.327789],[98.697644,-126.219052],[98.734649,-126.025355]]}},{"type":"Feature","id":"361-Newwworld","properties":{"roadId":"361-Newwworld","width":87.9,"hidden":false},"geometry":{"type":"LineString","coordinates":[[98.486115,-92.284714],[98.841793,-92.009461],[99.45308,-91.472454],[99.807205,-90.825265],[100.750099,-89.658993],[101.043468,-89.364253],[101.741083,-89.251362],[102.29131,-89.099538]]}},{"type":"Feature","id":"364-Newwworld","properties":{"roadId":"364-Newwworld","width":80.0,"hidden":false},"geometry":{"type":"LineString","coordinates":[[99.179434,-124.095239],[99.191456,-123.988709],[99.293844,-123.959288],[99.435172,-123.961321],[99.5296,-124.069264],[99.584287,-124.160095],[99.841649,-124.198489],[100.008152,-124.105594],[100.148881,-124.049072],[100.407901,-123.82143],[100.776375,-123.850458],[101.169753,-123.694435],[101.373043,-123.474658],[101.662419,-123.461039],[101.851977,-123.419682],[102.073992,-123.544807],[102.263671,-123.559812],[102.609897,-123.649324],[102.921347,-123.526857],[103.086061,-123.505098],[103.307277,-123.361244],[103.366939,-123.107367],[103.445472,-122.824962],[103.731419,-122.538705],[103.973634,-122.541692],[104.205084,-122.460578],[104.374026,-122.363034],[104.517264,-122.325634],[104.621544,-122.413522],[104.497012,-122.568291],[104.395779,-122.709911],[104.152575,-122.920732],[103.870995,-123.143644],[103.758572,-123.348502],[103.503745,-123.545446],[103.480967,-123.738536],[102.940818,-123.86917],[102.554497,-124.123751],[102.13973,-124.160536],[101.822628,-124.248692],[101.424884,-124.281535],[101.233086,-124.261276],[100.803354,-124.353407],[100.465184,-124.49215],[100.309142,-124.665837],[100.101112,-124.793496],[99.982726,-124.850462],[99.810842,-124.849966],[99.844661,-124.683017],[99.737847,-124.633338],[99.640633,-124.57366],[99.623541,-124.423277],[99.571562,-124.341079],[99.368705,-124.247046],[99.296309,-124.201287],[99.179434,-124.095239]]}},{"type":"Feature","id":"365-Newwworld","properties":{"roadId":"365-Newwworld","width":87.9,"hidden":false},"geometry":{"type":"LineString","coordinates":[[91.213078,-123.900177],[91.554425,-124.372285],[91.712238,-124.739481],[92.212353,-125.053871],[92.349471,-125.253211]]}},{"type":"Feature","id":"366-Newwworld","properties":{"roadId":"366-Newwworld","width":87.9,"hidden":false},"geometry":{"type":"LineString","coordinates":[[91.213078,-123.900177],[91.532784,-123.398214],[91.924817,-123.046052],[91.804192,-122.46967],[91.865537,-121.842384],[91.979045,-121.483993],[91.944088,-121.325047],[92.018975,-121.138985],[92.006736,-120.935083],[92.04171,-120.580253],[92.128134,-120.193795],[92.298837,-119.987882],[92.414011,-119.711192]]}},{"type":"Feature","id":"367-Newwworld","properties":{"roadId":"367-Newwworld","width":87.9,"hidden":false},"geometry":{"type":"LineString","coordinates":[[95.298891,-119.645631],[95.198639,-119.431375],[95.467867,-119.162548],[95.90437,-118.933572],[96.228243,-118.564673],[96.290517,-118.152232],[96.77979,-118.057892],[96.877655,-117.880999],[96.808644,-117.296622],[96.958046,-117.02307]]}},{"type":"Feature","id":"368-Newwworld","properties":{"roadId":"368-Newwworld","width":80.0,"hidden":false},"geometry":{"type":"LineString","coordinates":[[104.972274,-135.440624],[105.206442,-135.023077],[105.324428,-134.920053],[105.386451,-134.481273],[105.356364,-134.207613],[105.464012,-133.679499],[105.65252,-133.334528],[105.857182,-132.467006],[105.222753,-131.80237],[105.23705,-131.405899],[105.185904,-131.105847],[105.244063,-130.828813],[105.300079,-130.722858],[105.260166,-130.523239],[105.152822,-130.378591],[105.004245,-130.219872],[104.942118,-129.963801],[104.982613,-129.760137],[105.327163,-129.59381],[105.581799,-129.269048],[105.759352,-128.958352],[105.609759,-128.659385],[105.22501,-128.46881],[104.973004,-128.226555],[104.989019,-127.828257],[105.198091,-127.381994],[104.885894,-127.006814],[104.820894,-126.54126],[104.836215,-125.827349],[105.100217,-125.602641],[105.432267,-125.531113],[105.576078,-125.400007],[105.871748,-125.394267],[106.498069,-124.425063],[106.880579,-124.204966],[107.502569,-124.207818],[108.370697,-123.631073],[108.895829,-123.645184]]}},{"type":"Feature","id":"369-Newwworld","properties":{"roadId":"369-Newwworld","width":169.6,"hidden":false},"geometry":{"type":"LineString","coordinates":[[113.765143,-158.839454],[114.443869,-158.984063],[114.628574,-159.106946],[115.067291,-159.2337],[115.385808,-159.003473],[115.807997,-159.100861],[116.132668,-158.85586],[116.255568,-159.163934],[116.576315,-159.305818],[117.430554,-159.417824],[117.867162,-159.40383],[118.368743,-159.629352],[118.876479,-159.62877],[119.161706,-159.120678],[119.557822,-159.016199],[119.786866,-159.104237],[120.440272,-159.081468],[120.926046,-159.066451],[121.550488,-158.952397],[121.90814,-159.012024],[122.506441,-159.243005],[122.917341,-159.492789]]}},{"type":"Feature","id":"371-Newwworld","properties":{"roadId":"371-Newwworld","width":106.9,"hidden":false},"geometry":{"type":"LineString","coordinates":[[113.684101,-145.111065],[113.290098,-146.074584],[113.367511,-147.097018],[113.51759,-147.985285],[113.377042,-148.289583],[113.16225,-148.617553],[111.878261,-149.012276],[111.393485,-149.510602],[111.298728,-149.75418],[111.403182,-150.436873],[111.482713,-150.771674],[111.511394,-150.892387],[111.485291,-151.467475],[111.100255,-151.886383],[110.445678,-152.222461],[110.237891,-152.527106]]}},{"type":"Feature","id":"372-Newwworld","properties":{"roadId":"372-Newwworld","width":87.9,"hidden":true},"geometry":{"type":"LineString","coordinates":[[131.753134,-134.02376],[133.220429,-135.072359]]}},{"type":"Feature","id":"373-Newwworld","properties":{"roadId":"373-Newwworld","width":80.0,"hidden":false},"geometry":{"type":"LineString","coordinates":[[113.684101,-145.111065],[114.274971,-144.446931]]}},{"type":"Feature","id":"374-Newwworld","properties":{"roadId":"374-Newwworld","width":87.9,"hidden":true},"geometry":{"type":"LineString","coordinates":[[131.555196,-135.021789],[131.588707,-134.587929],[131.753134,-134.02376]]}},{"type":"Feature","id":"375-Newwworld","properties":{"roadId":"375-Newwworld","width":87.9,"hidden":true},"geometry":{"type":"LineString","coordinates":[[133.220429,-135.072359],[134.567219,-135.256358],[136.241935,-135.844282],[136.835134,-136.197554],[137.444251,-136.445398],[137.793184,-139.260368],[138.226024,-139.656984],[138.710314,-140.555919],[139.599163,-142.685779],[140.045284,-143.471806],[140.655633,-144.017407],[141.025678,-144.566402],[141.727755,-144.751263],[142.036636,-144.910839]]}},{"type":"Feature","id":"376-Newwworld","properties":{"roadId":"376-Newwworld","width":87.9,"hidden":true},"geometry":{"type":"LineString","coordinates":[[131.555196,-135.021789],[132.346954,-135.034799],[133.220429,-135.072359]]}},{"type":"Feature","id":"377-Newwworld","properties":{"roadId":"377-Newwworld","width":89.8,"hidden":true},"geometry":{"type":"LineString","coordinates":[[206.87341,-101.277626],[206.83597,-101.124527],[206.875059,-100.951584],[206.846899,-100.792173],[206.711543,-100.750637],[206.687098,-100.714387],[206.674564,-100.661235],[206.667966,-100.547554],[206.562072,-100.514976],[206.040265,-100.271659],[206.005863,-99.808698],[206.137062,-99.072523],[206.495726,-98.765283],[206.472705,-98.390247],[206.244797,-98.264005],[206.062565,-97.791035],[205.834717,-96.74321],[205.905542,-96.48169],[206.077565,-96.10497],[205.997981,-95.695698],[205.825637,-95.664265],[205.650845,-95.542503],[205.447728,-95.569595],[205.34462,-95.639144],[204.787517,-95.534603]]}},{"type":"Feature","id":"378-Newwworld","properties":{"roadId":"378-Newwworld","width":89.8,"hidden":true},"geometry":{"type":"LineString","coordinates":[[186.651926,-80.70036],[186.802673,-80.711532],[187.052596,-80.594093],[187.314047,-80.327347],[187.676435,-80.128961]]}},{"type":"Feature","id":"379-Newwworld","properties":{"roadId":"379-Newwworld","width":84.1,"hidden":true},"geometry":{"type":"LineString","coordinates":[[187.790741,-87.034358],[187.816071,-86.776093]]}},{"type":"Feature","id":"380-Newwworld","properties":{"roadId":"380-Newwworld","width":106.9,"hidden":true},"geometry":{"type":"LineString","coordinates":[[178.8671,-94.744097],[178.410388,-94.534678],[177.682668,-94.507187],[177.301218,-94.414044]]}},{"type":"Feature","id":"381-Newwworld","properties":{"roadId":"381-Newwworld","width":106.9,"hidden":true},"geometry":{"type":"LineString","coordinates":[[187.790741,-87.034358],[187.728649,-87.099202],[187.715932,-87.193872],[187.54048,-87.327918],[187.408127,-87.590019],[187.453952,-87.853449],[187.255852,-88.126879]]}},{"type":"Feature","id":"383808944-Newwworld","properties":{"roadId":"383808944-Newwworld","width":84.1,"hidden":true},"geometry":{"type":"LineString","coordinates":[[180.032616,-219.769842],[180.221497,-219.560119],[180.58306,-219.275136],[180.66438,-219.03451],[181.179269,-218.531731],[181.33262,-218.282251],[181.742977,-217.996312],[182.012431,-217.65395],[182.064853,-217.389192],[182.533892,-216.829989],[182.61864,-216.644832],[182.723962,-216.527557],[182.878059,-216.139709],[183.278625,-215.512276],[183.699451,-214.440102],[183.72656,-214.135674],[183.872863,-213.743416],[183.862915,-212.352664],[183.957577,-211.558304],[183.567819,-210.085825],[183.539207,-209.281795],[183.802568,-208.17857],[183.914452,-207.696338],[183.912143,-206.566933],[183.934773,-205.480436],[184.101241,-204.990756],[184.536112,-203.717045],[184.948388,-203.064534],[185.221366,-202.92883],[185.642244,-202.153637],[186.235718,-201.257531]]}},{"type":"Feature","id":"383808945-Newwworld","properties":{"roadId":"383808945-Newwworld","width":84.1,"hidden":true},"geometry":{"type":"LineString","coordinates":[[180.032616,-219.769842],[180.403172,-219.8267],[181.550355,-220.59172],[181.79546,-220.813943],[182.483153,-221.244153],[183.876847,-221.707262],[184.680157,-221.874277],[186.395615,-222.418983],[186.822109,-222.507178],[187.047431,-222.454921],[187.866878,-222.138687],[188.144188,-222.124972],[188.777567,-222.845026],[190.76734,-224.12576],[191.554755,-224.304406],[193.271141,-223.972114],[193.513278,-223.885395],[193.918531,-223.83062],[195.479786,-222.341987],[196.629113,-221.594762],[197.39007,-220.835558],[198.283546,-220.190504],[199.172863,-219.048225]]}},{"type":"Feature","id":"383808946-Newwworld","properties":{"roadId":"383808946-Newwworld","width":82.2,"hidden":false},"geometry":{"type":"LineString","coordinates":[[108.793155,-190.507078],[108.820577,-190.479674],[108.988764,-190.383319],[109.004771,-190.294873],[109.068651,-190.188536],[109.225917,-190.070445]]}},{"type":"Feature","id":"383808947-Newwworld","properties":{"roadId":"383808947-Newwworld","width":91.7,"hidden":false},"geometry":{"type":"LineString","coordinates":[[117.035145,-199.720391],[116.002433,-200.167111],[115.91002,-200.263466],[115.574316,-200.774431],[115.294549,-201.089276],[114.818862,-201.387089],[114.324277,-201.52143],[114.075968,-201.736161],[113.729674,-202.238385],[113.413952,-203.129196],[112.777987,-203.864389],[112.257889,-204.394495],[111.691186,-205.590784],[111.016661,-206.564216],[110.916748,-207.187543],[110.498856,-207.791225],[110.55646,-208.109421],[110.447536,-208.587435]]}},{"type":"Feature","id":"383808948-Newwworld","properties":{"roadId":"383808948-Newwworld","width":82.2,"hidden":true},"geometry":{"type":"LineString","coordinates":[[108.793155,-190.507078],[109.163226,-190.848703],[109.690207,-191.016837],[110.149176,-190.856498],[110.429932,-190.922444],[110.687051,-191.464469],[110.397414,-192.703032],[110.47396,-193.95972],[110.82811,-194.644045],[111.229839,-195.144577],[111.562566,-195.144585],[111.826082,-194.833699],[111.942194,-194.772284],[112.078488,-194.838161],[112.234964,-194.731502],[112.614375,-194.701572],[113.058743,-195.040401],[113.728641,-195.365636],[114.117488,-195.662851],[114.862377,-195.838928],[114.928766,-195.942453],[115.323811,-196.144129],[115.733995,-195.971576],[116.179769,-196.07221],[116.457773,-197.273073],[116.800379,-199.270545],[117.035145,-199.720391]]}},{"type":"Feature","id":"383808949-Newwworld","properties":{"roadId":"383808949-Newwworld","width":89.8,"hidden":true},"geometry":{"type":"LineString","coordinates":[[193.468295,-79.877641],[193.222921,-79.744072],[192.080521,-80.056027]]}},{"type":"Feature","id":"383808950-Newwworld","properties":{"roadId":"383808950-Newwworld","width":89.8,"hidden":true},"geometry":{"type":"LineString","coordinates":[[194.457482,-76.463384],[195.27686,-76.051213],[196.177644,-76.056508]]}},{"type":"Feature","id":"383808951-Newwworld","properties":{"roadId":"383808951-Newwworld","width":89.8,"hidden":true},"geometry":{"type":"LineString","coordinates":[[193.468295,-79.877641],[193.561498,-79.183229],[194.299548,-77.928311],[194.50322,-76.772899],[194.457482,-76.463384]]}},{"type":"Feature","id":"383808952-Newwworld","properties":{"roadId":"383808952-Newwworld","width":89.8,"hidden":true},"geometry":{"type":"LineString","coordinates":[[193.011002,-76.579027],[194.457482,-76.463384]]}},{"type":"Feature","id":"383808953-Newwworld","properties":{"roadId":"383808953-Newwworld","width":110.7,"hidden":true},"geometry":{"type":"LineString","coordinates":[[189.303671,-69.723032],[189.349922,-69.515913],[188.984009,-68.731587],[189.028549,-68.503678],[188.691464,-67.929536],[188.663044,-67.707721],[188.895371,-67.574144],[189.111561,-67.689709],[189.267708,-67.604352],[189.288341,-67.576279],[189.460573,-67.09416],[189.95751,-66.978647]]}},{"type":"Feature","id":"383808954-Newwworld","properties":{"roadId":"383808954-Newwworld","width":89.8,"hidden":true},"geometry":{"type":"LineString","coordinates":[[193.011002,-76.579027],[191.92513,-74.121753],[189.903934,-71.446162],[189.665461,-70.748973],[189.326883,-70.331792],[189.303671,-69.723032]]}},{"type":"Feature","id":"385730000-Newwworld","properties":{"roadId":"385730000-Newwworld","width":84.1,"hidden":true},"geometry":{"type":"LineString","coordinates":[[158.436544,-239.865136],[158.02176,-238.091259],[157.825639,-237.627195],[157.721004,-237.52268],[157.159604,-237.140214],[156.433586,-236.739518],[155.006567,-236.363996],[154.421973,-236.365906],[153.878864,-236.282138],[152.830536,-236.075453],[151.73535,-235.569896],[151.282058,-235.129096],[150.736197,-234.768852],[149.791228,-234.519198],[149.239838,-234.342027],[148.8956,-234.03404],[148.991286,-232.877873],[148.98955,-232.479608],[148.347013,-231.934901],[147.304345,-230.618664],[146.575158,-230.071006],[146.058664,-229.609893],[145.673367,-229.462757],[145.552941,-229.339753],[145.088652,-229.159197],[144.115393,-228.677251],[143.499332,-228.170999],[142.845068,-227.613619],[142.299858,-227.417004],[142.004318,-227.212576],[142.021636,-226.563181],[142.168164,-225.897988],[142.176897,-225.688612],[141.938771,-225.266476],[141.846644,-224.661873],[141.961566,-223.966471],[142.309172,-223.663172],[142.737845,-223.58088],[143.021405,-223.324629],[143.010433,-222.507091],[143.165477,-221.803356],[143.433377,-221.383042],[143.539697,-221.182781],[143.576867,-220.53955],[143.538968,-220.058819],[143.19506,-219.318712]]}},{"type":"Feature","id":"385730001-Newwworld","properties":{"roadId":"385730001-Newwworld","width":84.1,"hidden":true},"geometry":{"type":"LineString","coordinates":[[162.077121,-242.951345],[161.755479,-243.402127],[160.814755,-244.000307],[160.550666,-244.280169],[159.764986,-245.253609],[159.155826,-245.777309],[158.973256,-245.996754],[158.662569,-246.024793],[158.079789,-245.978612],[157.873521,-245.891806],[157.628694,-245.782257],[157.412556,-245.354044],[157.396159,-245.280866],[157.400013,-245.12939],[157.421376,-244.557687],[157.413476,-243.98555],[157.515343,-243.18763],[157.945857,-242.407853],[158.227299,-241.481982],[158.381744,-241.225471],[158.436544,-239.865136]]}},{"type":"Feature","id":"385730002-Newwworld","properties":{"roadId":"385730002-Newwworld","width":84.1,"hidden":true},"geometry":{"type":"LineString","coordinates":[[158.436544,-239.865136],[158.777084,-239.768348],[158.909862,-239.754198],[159.026051,-239.629806],[159.670663,-239.610274],[159.990742,-239.696559],[160.190595,-239.531628],[160.193981,-239.384666],[160.255326,-239.229978],[160.249189,-239.104543],[160.324207,-238.996297],[160.355049,-238.988484],[160.483739,-238.981626],[160.516647,-238.955151],[160.571768,-238.954109],[160.584963,-238.922946],[160.847429,-238.664091],[160.950329,-238.658361],[161.071544,-238.669907],[161.182135,-238.701591]]}},{"type":"Feature","id":"385730003-Newwworld","properties":{"roadId":"385730003-Newwworld","width":84.1,"hidden":true},"geometry":{"type":"LineString","coordinates":[[162.615378,-241.413058],[162.579839,-242.074172],[162.430525,-242.716708],[162.077121,-242.951345]]}},{"type":"Feature","id":"385730004-Newwworld","properties":{"roadId":"385730004-Newwworld","width":84.1,"hidden":true},"geometry":{"type":"LineString","coordinates":[[161.897033,-241.650385],[161.962876,-242.046828],[162.047607,-242.302731],[162.077121,-242.951345]]}},{"type":"Feature","id":"385730005-Newwworld","properties":{"roadId":"385730005-Newwworld","width":84.1,"hidden":true},"geometry":{"type":"LineString","coordinates":[[162.615378,-241.413058],[162.36062,-241.453162],[162.244856,-241.52417],[162.109499,-241.528944],[161.897033,-241.650385]]}},{"type":"Feature","id":"385730006-Newwworld","properties":{"roadId":"385730006-Newwworld","width":84.1,"hidden":true},"geometry":{"type":"LineString","coordinates":[[161.182135,-238.701591],[161.158793,-238.822511],[161.262908,-238.893258],[161.351268,-239.02746],[161.359219,-239.077286],[161.395651,-239.128675],[161.38704,-239.187009],[161.292734,-239.286228],[161.175382,-239.514875],[161.142812,-239.515309],[161.127864,-239.601073],[161.180538,-239.664094],[161.121093,-239.724077],[161.155373,-239.803678],[161.288134,-239.794563],[161.300425,-239.769737],[161.331077,-239.762011],[161.331068,-239.652028],[161.35763,-239.633451],[161.362379,-239.559493],[161.40336,-239.541437],[161.45698,-239.603156],[161.4931,-239.901508],[161.252682,-240.432412],[161.002412,-240.776424],[161.098411,-240.942918],[161.897033,-241.650385]]}},{"type":"Feature","id":"385730007-Newwworld","properties":{"roadId":"385730007-Newwworld","width":84.1,"hidden":true},"geometry":{"type":"LineString","coordinates":[[161.789299,-223.548241],[161.733283,-222.865947],[161.755583,-222.412386],[161.593925,-221.978444],[161.37665,-221.566376],[161.444367,-221.276618],[161.392414,-220.771322],[161.238437,-220.287726],[161.01493,-219.759426],[160.721786,-219.708471],[160.581725,-219.514112],[160.253799,-218.997965],[160.023451,-218.455775],[159.566982,-218.093101],[159.316226,-217.413845],[159.212415,-217.196917]]}},{"type":"Feature","id":"385730008-Newwworld","properties":{"roadId":"385730008-Newwworld","width":84.1,"hidden":true},"geometry":{"type":"LineString","coordinates":[[161.182135,-238.701591],[161.199583,-238.621122],[161.067282,-238.446729],[161.090998,-238.297423],[161.028081,-238.248638],[160.965155,-237.967126],[160.852247,-237.908098],[160.88821,-237.833272],[160.920294,-237.738827],[160.779477,-237.636309],[160.786769,-237.474937],[160.768436,-237.349937],[160.71637,-237.167471],[160.689816,-237.089346],[160.74466,-236.880317],[160.799669,-236.710872],[160.888966,-236.627886],[160.91631,-236.270246],[160.923506,-236.211044],[160.948662,-236.190731],[160.953888,-236.114863],[160.980858,-236.095419],[160.981978,-236.053318],[161.022516,-236.038474],[161.041458,-235.977623],[161.045537,-235.893161],[161.125781,-235.848109],[161.199175,-235.651928],[161.205929,-235.517292],[161.231771,-235.462083],[161.226502,-235.342986],[161.304792,-234.966075],[161.293889,-234.597497],[161.305356,-234.517288],[161.240859,-234.516507],[161.19697,-234.569719],[161.132578,-234.475708],[161.269687,-234.340638],[161.275087,-234.105568],[161.084531,-233.994891],[160.868419,-233.94246],[160.652298,-233.73048],[160.629321,-233.507563],[160.561951,-233.246103],[160.582784,-232.914679],[160.542584,-232.869887],[160.499737,-232.861119],[160.309702,-232.861467],[160.302158,-232.807647],[160.328894,-232.781432],[160.439546,-232.733862],[160.61992,-232.703306],[160.643835,-232.675181],[160.688028,-232.672577],[160.704234,-232.643671],[160.760432,-232.650876],[160.824243,-232.573705],[160.88729,-232.546014],[160.920676,-232.471188],[161.097439,-232.191673],[161.111866,-231.955734],[161.167014,-231.916845],[161.240486,-231.969363],[161.26717,-232.228912],[161.284809,-232.396448],[161.246667,-232.446014],[161.253055,-232.897925],[161.267552,-232.948099],[161.308481,-233.033342],[161.375886,-233.078047],[161.373533,-232.840633],[161.415244,-232.670147],[161.418629,-232.495493],[161.445565,-232.465806],[161.507813,-232.15261],[161.636164,-231.943668],[161.600044,-231.707296],[161.663682,-231.628476],[161.769108,-231.553823],[161.701052,-231.378128],[161.561885,-231.313024],[161.489905,-231.137242],[161.485582,-230.858769],[161.527275,-230.646442],[161.379532,-230.44349],[161.201484,-230.282552],[161.148394,-230.059808],[160.719555,-229.563886],[160.614572,-228.928814],[160.653149,-228.659282],[160.222783,-227.468132],[160.241611,-227.286014],[160.178295,-227.062228],[160.135586,-226.494344],[159.823971,-225.77238],[159.898233,-225.255017],[160.212288,-224.209094],[160.543018,-224.088347],[160.820354,-223.717686],[161.149392,-223.535393],[161.789299,-223.548241]]}},{"type":"Feature","id":"385-Newwworld","properties":{"roadId":"385-Newwworld","width":74.6,"hidden":true},"geometry":{"type":"LineString","coordinates":[[134.482856,-174.615002],[135.098068,-174.884117],[135.547368,-175.150828],[135.948609,-175.502817],[136.146178,-176.176005],[136.527317,-176.707457],[137.030248,-177.259351],[137.533956,-177.39278],[138.106553,-177.852843],[138.32671,-178.271334],[138.586052,-178.441317],[139.060897,-178.84512],[139.441419,-179.443629]]}},{"type":"Feature","id":"386085408-Newwworld","properties":{"roadId":"386085408-Newwworld","width":97.4,"hidden":true},"geometry":{"type":"LineString","coordinates":[[172.530333,-141.050713],[172.480229,-140.822196],[172.564326,-140.452221],[172.59042,-140.288931],[172.563658,-140.10742],[172.584648,-139.809675],[172.457929,-139.650569],[172.303848,-139.623251],[172.111495,-139.387243],[172.027502,-139.048562],[171.892588,-138.975784],[171.675044,-138.535244],[171.383923,-137.498235],[171.406562,-136.532631],[170.938453,-134.872304],[170.836196,-134.268043],[170.906326,-133.7654],[171.255954,-132.999657],[171.257369,-132.673849],[171.102594,-132.167729],[170.849381,-130.99831],[170.852611,-129.803199],[170.748782,-129.073801],[170.881647,-128.103951],[171.041057,-127.972228]]}},{"type":"Feature","id":"386085409-Newwworld","properties":{"roadId":"386085409-Newwworld","width":160.1,"hidden":true},"geometry":{"type":"LineString","coordinates":[[145.338097,-150.684929],[145.856545,-149.766454],[147.750683,-148.404791],[148.541233,-148.031153],[148.808595,-148.106136],[149.187884,-148.575183],[149.668563,-148.475729],[150.229702,-147.978566],[152.857393,-148.588177],[153.035528,-148.53059],[153.175077,-148.38],[153.662952,-148.454227],[154.637165,-147.618565],[154.778988,-147.332626],[155.22715,-147.1024],[155.48202,-147.132773],[155.72249,-146.986748],[156.002161,-146.700055],[156.042109,-146.595089],[156.057951,-146.311086],[156.127161,-146.159428],[156.639012,-145.9377],[157.861126,-144.633025],[157.882601,-144.203866],[158.05071,-143.821547],[158.579409,-143.687171],[159.622763,-143.851599],[160.729182,-144.142902],[162.727453,-144.326522],[163.337064,-144.159126],[164.943363,-143.818291],[165.002487,-143.71192],[165.048832,-143.505261],[165.196168,-143.346892],[165.434502,-143.328542],[166.392856,-142.880597],[167.866906,-142.538791],[169.154306,-142.50373],[170.654459,-142.051515],[172.530333,-141.050713]]}},{"type":"Feature","id":"386085410-Newwworld","properties":{"roadId":"386085410-Newwworld","width":97.4,"hidden":true},"geometry":{"type":"LineString","coordinates":[[172.611045,-141.418874],[172.530333,-141.050713]]}},{"type":"Feature","id":"386085411-Newwworld","properties":{"roadId":"386085411-Newwworld","width":105.0,"hidden":true},"geometry":{"type":"LineString","coordinates":[[180.257261,-134.815299],[180.931525,-135.309435],[181.094894,-135.31353],[181.175059,-135.337373],[181.249477,-135.266898],[181.532985,-135.176781],[181.90665,-135.417747],[182.206286,-135.692218],[182.235227,-135.877318],[182.365202,-135.966498],[183.440292,-136.505939],[184.289175,-136.808789],[184.421962,-136.861844],[185.185532,-137.679842],[185.247668,-137.733349],[185.580299,-138.43191],[185.678694,-138.536833],[186.197558,-139.499987],[186.630034,-140.326162],[186.951867,-140.846641],[187.062865,-140.897361],[187.304845,-140.893655],[187.358552,-140.898516],[187.655237,-141.304689],[187.655237,-141.305809],[187.988815,-142.47787],[187.96141,-142.607706],[187.950724,-142.641204]]}},{"type":"Feature","id":"386085412-Newwworld","properties":{"roadId":"386085412-Newwworld","width":97.4,"hidden":true},"geometry":{"type":"LineString","coordinates":[[172.611045,-141.418874],[176.490442,-140.477334],[177.335749,-139.774458],[177.704318,-139.336306],[178.056446,-138.62975],[178.968749,-137.959339],[179.216354,-137.642724],[179.788118,-136.75661],[180.257261,-134.815299]]}},{"type":"Feature","id":"386347552-Newwworld","properties":{"roadId":"386347552-Newwworld","width":124.0,"hidden":false},"geometry":{"type":"LineString","coordinates":[[144.54957,-195.655785],[144.726246,-196.281846],[145.36334,-196.592472],[145.711978,-196.578844],[146.558388,-196.985173]]}},{"type":"Feature","id":"386347553-Newwworld","properties":{"roadId":"386347553-Newwworld","width":124.0,"hidden":true},"geometry":{"type":"LineString","coordinates":[[144.54957,-195.655785],[143.672397,-195.84977],[143.207864,-195.724761],[142.057487,-195.930742],[141.619326,-196.037375],[141.118551,-195.950239],[140.495398,-196.169476],[139.624163,-196.240414],[138.620982,-196.23425],[138.067065,-196.314971]]}},{"type":"Feature","id":"386347554-Newwworld","properties":{"roadId":"386347554-Newwworld","width":91.7,"hidden":false},"geometry":{"type":"LineString","coordinates":[[133.15698,-191.392281],[133.921422,-191.845295],[135.009314,-192.154384],[136.033108,-192.484724],[136.550376,-193.151679],[136.971324,-193.63445],[137.481074,-194.309496],[137.979617,-195.144186],[138.10039,-195.64036],[138.067065,-196.314971]]}},{"type":"Feature","id":"386347555-Newwworld","properties":{"roadId":"386347555-Newwworld","width":82.2,"hidden":false},"geometry":{"type":"LineString","coordinates":[[110.447536,-208.587435],[110.937772,-208.94787],[111.46477,-209.424773],[112.004581,-209.825599],[112.186457,-210.183534],[112.30802,-210.431851],[112.55789,-210.449733],[112.911702,-210.337623],[113.21811,-210.331868],[113.554161,-210.497745],[113.979119,-210.605402],[114.85828,-210.99503],[115.50257,-211.252722]]}},{"type":"Feature","id":"386347556-Newwworld","properties":{"roadId":"386347556-Newwworld","width":91.7,"hidden":false},"geometry":{"type":"LineString","coordinates":[[133.15698,-191.392281],[132.897555,-192.02717],[132.680789,-192.275253],[131.541127,-192.354836],[130.360179,-193.038337],[129.986458,-193.416038],[129.802217,-193.506134],[129.533076,-194.535625],[129.392098,-194.793742],[128.634341,-195.426123]]}},{"type":"Feature","id":"386347557-Newwworld","properties":{"roadId":"386347557-Newwworld","width":91.7,"hidden":false},"geometry":{"type":"LineString","coordinates":[[120.704978,-198.472071],[120.438316,-198.874945]]}},{"type":"Feature","id":"386347558-Newwworld","properties":{"roadId":"386347558-Newwworld","width":91.7,"hidden":false},"geometry":{"type":"LineString","coordinates":[[120.704978,-198.472071],[120.735384,-198.652878],[120.731003,-198.811577],[120.797109,-198.935649],[120.909609,-199.020024]]}},{"type":"Feature","id":"386347559-Newwworld","properties":{"roadId":"386347559-Newwworld","width":91.7,"hidden":false},"geometry":{"type":"LineString","coordinates":[[120.909609,-199.020024],[120.950329,-198.983973],[120.930974,-198.795987],[121.063255,-198.617002],[121.208707,-198.581646],[121.382771,-198.596177],[121.433435,-198.679476],[121.433585,-198.806013],[121.292653,-198.848704],[121.225063,-198.754884]]}},{"type":"Feature","id":"386347560-Newwworld","properties":{"roadId":"386347560-Newwworld","width":91.7,"hidden":false},"geometry":{"type":"LineString","coordinates":[[120.909609,-199.020024],[120.981095,-199.110354]]}},{"type":"Feature","id":"386347561-Newwworld","properties":{"roadId":"386347561-Newwworld","width":91.7,"hidden":false},"geometry":{"type":"LineString","coordinates":[[120.438316,-198.874945],[119.525237,-199.318627],[118.736097,-199.613212],[117.035145,-199.720391]]}},{"type":"Feature","id":"386347562-Newwworld","properties":{"roadId":"386347562-Newwworld","width":82.2,"hidden":false},"geometry":{"type":"LineString","coordinates":[[128.347092,-203.008666],[128.473544,-203.252104],[128.661776,-203.463442],[129.142217,-204.24321],[129.206132,-204.430693],[129.143651,-204.919375],[129.670184,-205.823102],[129.993036,-206.370821],[130.311557,-207.023159],[130.679568,-207.534098],[131.272966,-207.984013],[131.765841,-208.068266],[132.589463,-208.142633],[133.216904,-208.409309],[133.66246,-208.853825],[134.11896,-209.642039],[135.021466,-210.955247]]}},{"type":"Feature","id":"386347563-Newwworld","properties":{"roadId":"386347563-Newwworld","width":91.7,"hidden":false},"geometry":{"type":"LineString","coordinates":[[120.438316,-198.874945],[120.51083,-199.291518],[120.675926,-199.555043],[121.121229,-199.975409],[122.007718,-200.600159],[122.52628,-201.290934],[122.570144,-201.477723],[122.681514,-201.599998],[122.795653,-201.84361]]}},{"type":"Feature","id":"386-Newwworld","properties":{"roadId":"386-Newwworld","width":101.2,"hidden":true},"geometry":{"type":"LineString","coordinates":[[84.799793,-28.728049],[85.255081,-28.737858],[85.786133,-28.679351],[86.042332,-28.783605],[86.273756,-29.00713],[86.588827,-29.093154],[86.882743,-29.021105],[87.07954,-29.115724],[87.657589,-29.287513],[87.958145,-29.601836],[88.381307,-29.850188],[88.852662,-29.896108],[89.188809,-29.767896],[89.698855,-29.652444],[89.941781,-29.678312],[90.255593,-29.51642],[90.561505,-29.479874],[90.810429,-29.554875],[91.098043,-29.542201],[91.649712,-29.326836],[91.71367,-29.301922],[92.081675,-29.467895]]}},{"type":"Feature","id":"387265056-Newwworld","properties":{"roadId":"387265056-Newwworld","width":82.2,"hidden":false},"geometry":{"type":"LineString","coordinates":[[117.369018,-185.337113],[116.694389,-185.46352]]}},{"type":"Feature","id":"387265057-Newwworld","properties":{"roadId":"387265057-Newwworld","width":82.2,"hidden":true},"geometry":{"type":"LineString","coordinates":[[117.369018,-185.337113],[117.698186,-186.179312],[117.600746,-186.383844],[118.247979,-186.912057]]}},{"type":"Feature","id":"387265058-Newwworld","properties":{"roadId":"387265058-Newwworld","width":82.2,"hidden":true},"geometry":{"type":"LineString","coordinates":[[118.247979,-186.912057],[118.407823,-186.263922],[119.226533,-185.171531]]}},{"type":"Feature","id":"387265059-Newwworld","properties":{"roadId":"387265059-Newwworld","width":91.7,"hidden":false},"geometry":{"type":"LineString","coordinates":[[121.11648,-197.891773],[120.80082,-198.159101],[120.704978,-198.472071]]}},{"type":"Feature","id":"387265060-Newwworld","properties":{"roadId":"387265060-Newwworld","width":82.2,"hidden":true},"geometry":{"type":"LineString","coordinates":[[118.247979,-186.912057],[118.323578,-187.324394],[118.604074,-187.994518],[118.895681,-188.20786],[119.010733,-188.460674],[119.374693,-188.937629],[119.443149,-188.980346],[119.571284,-188.994209],[119.640036,-189.123489],[119.548543,-189.440269],[119.555595,-189.606242],[119.518033,-189.725713],[119.380017,-189.899863],[119.367021,-190.014837],[119.338246,-190.085992],[119.293616,-190.361895],[119.202106,-190.591775],[119.575713,-191.208938],[119.713924,-192.105226],[120.108832,-193.070906],[120.418938,-193.400335],[121.319745,-193.858157],[121.535916,-193.736733],[121.825045,-193.774598],[122.217607,-193.931795],[122.310719,-194.09038],[122.683264,-194.258272],[122.642089,-194.437239],[122.500767,-194.5573],[122.610703,-195.110514]]}},{"type":"Feature","id":"387265061-Newwworld","properties":{"roadId":"387265061-Newwworld","width":91.7,"hidden":false},"geometry":{"type":"LineString","coordinates":[[126.387493,-196.810997],[125.408586,-197.396121]]}},{"type":"Feature","id":"387265062-Newwworld","properties":{"roadId":"387265062-Newwworld","width":82.2,"hidden":true},"geometry":{"type":"LineString","coordinates":[[122.610703,-195.110514],[122.497047,-196.228721],[121.11648,-197.891773]]}},{"type":"Feature","id":"387265063-Newwworld","properties":{"roadId":"387265063-Newwworld","width":91.7,"hidden":true},"geometry":{"type":"LineString","coordinates":[[126.387493,-196.810997],[125.647655,-196.127471],[123.282799,-195.590116],[122.610703,-195.110514]]}},{"type":"Feature","id":"387265064-Newwworld","properties":{"roadId":"387265064-Newwworld","width":91.7,"hidden":false},"geometry":{"type":"LineString","coordinates":[[122.795653,-201.84361],[123.091801,-202.03868],[124.003931,-202.05098],[124.747949,-202.264262],[125.456647,-202.087673],[126.204421,-202.516642],[126.521022,-202.602918],[127.152444,-202.799412],[128.090938,-202.896417],[128.347092,-203.008666]]}},{"type":"Feature","id":"387265065-Newwworld","properties":{"roadId":"387265065-Newwworld","width":82.2,"hidden":false},"geometry":{"type":"LineString","coordinates":[[115.50257,-211.252722],[115.907685,-211.553391],[116.278554,-212.08729],[116.796238,-213.121287],[117.244434,-213.996811],[117.707387,-214.626092],[118.24883,-215.113229],[118.80049,-215.309845],[119.989766,-216.255508],[120.302087,-216.37938],[121.099888,-216.417661],[121.651399,-216.298476],[122.823816,-215.836322],[123.453383,-215.681287],[123.950892,-215.662016],[124.479003,-215.714447],[125.314513,-216.040663],[125.66572,-216.05759],[126.156181,-216.213407],[126.595309,-216.310977],[127.006852,-216.322522],[128.191081,-215.547432],[128.842903,-215.35238],[129.305269,-215.34014],[129.651156,-215.312449],[130.334337,-215.023299],[130.585832,-214.961753],[130.833056,-214.990399],[131.055225,-214.936145],[131.265187,-214.808714],[131.55668,-214.587533],[131.793316,-214.463418],[132.037705,-214.450614],[132.225752,-214.382411],[132.624048,-213.985752],[132.749678,-213.898633],[132.904346,-213.774484],[133.264692,-213.457338],[134.097034,-212.838378],[134.245986,-212.762718],[134.578625,-212.53237],[134.897287,-212.175329],[135.072084,-211.849312],[135.021466,-210.955247]]}},{"type":"Feature","id":"387265066-Newwworld","properties":{"roadId":"387265066-Newwworld","width":91.7,"hidden":false},"geometry":{"type":"LineString","coordinates":[[122.795653,-201.84361],[121.997946,-202.940905],[121.138455,-204.792882],[120.936928,-205.709022],[119.670889,-206.828401],[118.605593,-208.596306],[117.411891,-209.312793],[116.403771,-210.69449],[115.50257,-211.252722]]}},{"type":"Feature","id":"387265067-Newwworld","properties":{"roadId":"387265067-Newwworld","width":82.2,"hidden":false},"geometry":{"type":"LineString","coordinates":[[129.596538,-200.163457],[129.538918,-200.183205],[129.310982,-200.443188],[129.194684,-200.642208],[129.110605,-200.9274],[128.924492,-201.345023],[128.756454,-201.638835],[128.5658,-201.968324],[128.347343,-202.649819],[128.347092,-203.008666]]}},{"type":"Feature","id":"387265068-Newwworld","properties":{"roadId":"387265068-Newwworld","width":91.7,"hidden":false},"geometry":{"type":"LineString","coordinates":[[128.634341,-195.426123],[127.868918,-195.781558],[126.573582,-196.699764],[126.387493,-196.810997]]}},{"type":"Feature","id":"387265069-Newwworld","properties":{"roadId":"387265069-Newwworld","width":82.2,"hidden":true},"geometry":{"type":"LineString","coordinates":[[129.596538,-200.163457],[129.359117,-199.12762],[129.497553,-197.645644],[129.667632,-196.744973],[128.939588,-195.995231],[128.634341,-195.426123]]}},{"type":"Feature","id":"387265070-Newwworld","properties":{"roadId":"387265070-Newwworld","width":91.7,"hidden":false},"geometry":{"type":"LineString","coordinates":[[125.408586,-197.396121],[124.832566,-197.465782],[123.991878,-197.634047],[122.70515,-197.737051],[122.217677,-198.072486],[122.07289,-198.055715],[121.993847,-198.093337],[121.766531,-198.012972],[121.11648,-197.891773]]}},{"type":"Feature","id":"387265071-Newwworld","properties":{"roadId":"387265071-Newwworld","width":91.7,"hidden":false},"geometry":{"type":"LineString","coordinates":[[122.542531,-201.237158],[122.903197,-200.547277],[125.019578,-198.504701],[125.457472,-197.565722],[125.408586,-197.396121]]}},{"type":"Feature","id":"387265072-Newwworld","properties":{"roadId":"387265072-Newwworld","width":74.6,"hidden":true},"geometry":{"type":"LineString","coordinates":[[141.043048,-183.470631],[141.429473,-183.473938],[141.793198,-183.156524],[142.467888,-183.107687],[143.655279,-182.833814],[145.871597,-183.66439],[146.830246,-183.908792],[147.60748,-183.709868],[148.750244,-184.00414],[149.004507,-184.103098],[149.079533,-184.186866],[149.171869,-184.312014],[149.497026,-185.444353],[150.318504,-186.050683],[151.075234,-186.485433],[151.420218,-186.49677],[151.476607,-186.700841],[152.434215,-187.03678]]}},{"type":"Feature","id":"387265073-Newwworld","properties":{"roadId":"387265073-Newwworld","width":74.6,"hidden":true},"geometry":{"type":"LineString","coordinates":[[140.579704,-183.522636],[140.81901,-184.059513]]}},{"type":"Feature","id":"387265074-Newwworld","properties":{"roadId":"387265074-Newwworld","width":74.6,"hidden":true},"geometry":{"type":"LineString","coordinates":[[141.043048,-183.470631],[140.579704,-183.522636]]}},{"type":"Feature","id":"387605392-Newwworld","properties":{"roadId":"387605392-Newwworld","width":84.1,"hidden":true},"geometry":{"type":"LineString","coordinates":[[159.212415,-217.196917],[158.738203,-216.835023],[157.937862,-216.568443],[157.473451,-216.551689],[157.041704,-216.519224],[156.534619,-216.170785],[156.306459,-215.902989],[156.011493,-215.428942],[155.332124,-214.915659],[155.029024,-214.657438],[154.776645,-214.318201],[154.670238,-213.888859],[154.455836,-213.726115],[154.115939,-213.305211]]}},{"type":"Feature","id":"387605393-Newwworld","properties":{"roadId":"387605393-Newwworld","width":82.2,"hidden":true},"geometry":{"type":"LineString","coordinates":[[169.84344,-203.327625],[170.300369,-203.220264],[170.749277,-203.180802],[170.888887,-203.048128],[171.298324,-202.904707],[171.612448,-202.893249],[172.234325,-202.729507],[172.450029,-202.560999],[172.698337,-202.465895],[172.983729,-202.280807],[173.447333,-201.909383],[173.375709,-201.612776],[173.52268,-201.444424],[173.697759,-201.447706],[173.779504,-201.41768],[174.081918,-201.41281],[174.521156,-201.374589],[174.78331,-201.437254],[175.096279,-201.265552],[175.246375,-201.033078],[176.200016,-200.336565],[176.565286,-200.040505],[177.047736,-199.851416],[177.456114,-199.592083],[177.794344,-199.430485],[178.331282,-199.387464],[178.48301,-199.327733],[178.894192,-199.310311],[179.528447,-198.887758],[179.997833,-198.489675]]}},{"type":"Feature","id":"387605394-Newwworld","properties":{"roadId":"387605394-Newwworld","width":84.1,"hidden":true},"geometry":{"type":"LineString","coordinates":[[159.212415,-217.196917],[159.783432,-216.827992],[160.404459,-216.302209],[161.562006,-216.028684],[161.94837,-215.673561],[162.018423,-215.66653],[162.121227,-215.724863],[162.184291,-215.745784],[162.312564,-215.869135],[162.378181,-215.865402],[162.70977,-215.961843],[162.728451,-215.849517],[162.614753,-215.723041],[162.56819,-215.584846],[162.652062,-215.492831],[162.761351,-215.494915],[162.840708,-215.582155],[163.683394,-216.294223],[163.749557,-216.297695],[163.761033,-216.235282],[163.67809,-215.88884],[163.727317,-215.457241],[163.611058,-215.198212],[163.666423,-215.175122],[163.73783,-215.200382],[164.157553,-215.649342],[164.294368,-215.885194],[164.332979,-215.861322],[164.414516,-215.508456],[164.488874,-215.407588],[164.914674,-215.256633],[164.999934,-215.177379],[165.049223,-215.12816],[165.056662,-215.05151],[165.116089,-214.993698],[165.151133,-214.900468],[165.14089,-214.72782],[165.108372,-214.685554],[165.158451,-214.644348],[165.216619,-214.628636],[165.262644,-214.673488],[165.301593,-214.827204],[165.333712,-214.974687],[165.395153,-215.006371],[165.426577,-214.952552],[165.374892,-214.537585],[165.343043,-214.4715],[165.376576,-214.406439],[165.722515,-214.753845],[165.850606,-214.781744],[166.168202,-214.746666],[166.292847,-214.67282],[166.401432,-214.653115],[166.523664,-214.674061],[166.684194,-214.804843],[166.784741,-214.788133],[167.076573,-214.639955],[167.315949,-214.677594],[167.412547,-214.766588],[167.572348,-214.767916],[167.634839,-214.762542],[167.650334,-214.73644],[167.697539,-214.731839],[167.726385,-214.697386],[167.821559,-214.494009],[167.593737,-214.075995],[167.59319,-213.811133],[167.51996,-213.647435],[167.481054,-213.490602],[167.423155,-213.181903],[167.311783,-213.097545],[167.300507,-212.91001],[167.363962,-212.735765],[167.405932,-212.716016],[167.221548,-212.565287],[167.230211,-212.380234],[167.377026,-211.482262],[167.547105,-211.307453],[167.556046,-211.108138],[167.713199,-211.029934],[167.742834,-210.969587],[167.671714,-210.86726],[167.759432,-210.673536],[167.778216,-210.394177],[167.721489,-210.02178],[167.797201,-209.891293],[167.929788,-209.535329],[168.010787,-209.226499],[168.366118,-208.927297],[168.687725,-208.004256]]}},{"type":"Feature","id":"387605395-Newwworld","properties":{"roadId":"387605395-Newwworld","width":84.1,"hidden":true},"geometry":{"type":"LineString","coordinates":[[168.687725,-208.004256],[168.731987,-207.498733],[169.254775,-206.401542],[169.190009,-205.500896],[169.238438,-204.898959],[169.466677,-204.197567],[169.787138,-203.931542],[169.84344,-203.327625]]}},{"type":"Feature","id":"387605396-Newwworld","properties":{"roadId":"387605396-Newwworld","width":84.1,"hidden":true},"geometry":{"type":"LineString","coordinates":[[179.611738,-220.078003],[179.819776,-219.873836],[180.032616,-219.769842]]}},{"type":"Feature","id":"387605397-Newwworld","properties":{"roadId":"387605397-Newwworld","width":84.1,"hidden":true},"geometry":{"type":"LineString","coordinates":[[168.687725,-208.004256],[169.019314,-208.252147],[169.373543,-208.188814],[169.487302,-208.424578],[169.893354,-208.581237],[170.480465,-208.86313],[170.709624,-208.776125],[171.227464,-209.073383],[171.485364,-209.000414],[174.384819,-211.112287],[174.494203,-212.625113],[175.22661,-213.528163],[175.51997,-213.677365],[175.920449,-214.17445],[175.960536,-214.529113],[176.693169,-215.025295],[176.843186,-215.455244],[177.0681,-215.602554],[177.082814,-215.83502],[177.739266,-216.374605],[178.115639,-217.560807],[178.042843,-217.908117],[178.260257,-218.124438],[178.266464,-218.573831],[178.484034,-218.892235],[178.528123,-219.152306],[178.661873,-219.176958],[178.934418,-219.361942],[179.611738,-220.078003]]}},{"type":"Feature","id":"387-Newwworld","properties":{"roadId":"387-Newwworld","width":143.0,"hidden":true},"geometry":{"type":"LineString","coordinates":[[139.120914,-159.973121],[139.355594,-160.572906],[139.381132,-161.090069],[139.288207,-161.491364],[138.9162,-161.893058],[138.790011,-162.234465],[139.041036,-162.73642],[139.393259,-163.104129],[140.020692,-163.6298],[140.497221,-163.974202],[140.760781,-164.504629],[140.758776,-164.832885]]}},{"type":"Feature","id":"388-Newwworld","properties":{"roadId":"388-Newwworld","width":68.9,"hidden":false},"geometry":{"type":"LineString","coordinates":[[126.813859,-164.453231],[127.088362,-164.525549],[127.263247,-164.500011],[127.52144,-164.511504],[127.742027,-164.620011],[128.137321,-164.434724],[128.469741,-164.385141],[128.727495,-164.261052],[128.969041,-164.240106],[129.458453,-163.755295],[130.097432,-163.587846],[130.988949,-163.181526],[131.607765,-162.628077],[131.346077,-162.295333],[131.347379,-161.84159],[131.395802,-161.572249],[131.343793,-161.255182],[131.375495,-160.910268],[131.162198,-159.27409]]}},{"type":"Feature","id":"390-Newwworld","properties":{"roadId":"390-Newwworld","width":68.9,"hidden":false},"geometry":{"type":"LineString","coordinates":[[126.813859,-164.453231],[126.918367,-165.031133],[127.292271,-165.486846],[127.537323,-165.952629],[127.985406,-166.212821],[128.455341,-166.297152],[128.684815,-166.642492],[128.62481,-167.021591],[128.943983,-167.416323],[128.872435,-167.811628],[128.940895,-168.356048],[129.519578,-169.910993],[129.607759,-171.226492],[129.805273,-171.963057],[129.433292,-173.798141],[129.590448,-174.799994],[129.635565,-175.252747],[129.780614,-175.583894],[129.956108,-175.75202],[130.497391,-176.510104],[130.608865,-176.978126],[131.011252,-177.266191],[131.380226,-177.837009],[132.255176,-178.435475],[132.494823,-178.675302],[133.198849,-179.024774],[133.370437,-179.338091],[133.516323,-179.554446],[133.77664,-179.630271],[133.909959,-180.050055],[134.247523,-180.390473],[134.556152,-180.56793],[134.635369,-180.650526],[135.301693,-180.80662],[136.124278,-180.938582],[136.590155,-181.06459],[137.009423,-181.368202],[137.333999,-182.245844],[137.369363,-182.61897]]}},{"type":"Feature","id":"391-Newwworld","properties":{"roadId":"391-Newwworld","width":80.0,"hidden":false},"geometry":{"type":"LineString","coordinates":[[104.444104,-46.977451],[105.357649,-47.528182],[107.66691,-48.017897],[108.751202,-48.588646],[109.311464,-48.487161],[110.452293,-47.870319],[111.074917,-48.20341],[111.342183,-48.174269],[111.813027,-47.921378],[112.294973,-47.826273]]}},{"type":"Feature","id":"392-Newwworld","properties":{"roadId":"392-Newwworld","width":148.7,"hidden":false},"geometry":{"type":"LineString","coordinates":[[111.506342,-55.680545],[111.292044,-55.900936]]}},{"type":"Feature","id":"393-Newwworld","properties":{"roadId":"393-Newwworld","width":80.0,"hidden":false},"geometry":{"type":"LineString","coordinates":[[104.444104,-46.977451],[104.309911,-47.180438],[104.33834,-47.380135],[104.380041,-47.545873],[104.608063,-47.600569],[104.96053,-47.852871],[105.37942,-47.924746],[105.777234,-48.18959],[106.07069,-48.644366],[106.446411,-49.073283],[106.513573,-49.307259],[106.323494,-49.366999],[106.011618,-49.153292],[105.734126,-48.812405],[105.569334,-48.753125],[105.540757,-48.990288],[105.858033,-49.554343]]}},{"type":"Feature","id":"394-Newwworld","properties":{"roadId":"394-Newwworld","width":87.9,"hidden":false},"geometry":{"type":"LineString","coordinates":[[103.785317,-89.049191],[104.940842,-88.648174]]}},{"type":"Feature","id":"395-Newwworld","properties":{"roadId":"395-Newwworld","width":80.0,"hidden":false},"geometry":{"type":"LineString","coordinates":[[112.750947,-94.312342],[112.52835,-95.045192],[112.706927,-95.685298],[112.759124,-96.149119],[112.721676,-96.437341],[111.552184,-97.749941],[110.719473,-99.723993],[110.566156,-100.768588],[111.030594,-101.889712],[111.296558,-102.415764],[111.373937,-102.850644],[111.308963,-103.200037],[110.911452,-104.087566],[110.551417,-105.879856],[109.748888,-107.046821],[109.178365,-107.510121]]}},{"type":"Feature","id":"396-Newwworld","properties":{"roadId":"396-Newwworld","width":97.4,"hidden":false},"geometry":{"type":"LineString","coordinates":[[103.785317,-89.049191],[104.258539,-89.340181],[104.872838,-89.498316],[105.655575,-89.360312],[106.020004,-89.425789],[106.312487,-89.541554],[106.350552,-89.761884],[106.657792,-89.993222],[106.727749,-90.263084],[106.911552,-90.341713],[107.238159,-90.351166],[107.861164,-90.406209],[108.628129,-90.757313],[109.090986,-90.852426],[109.818628,-91.426881],[110.835315,-91.969131],[111.578486,-92.506833],[112.219391,-93.339891],[112.750947,-94.312342]]}},{"type":"Feature","id":"397-Newwworld","properties":{"roadId":"397-Newwworld","width":100.0,"hidden":false},"geometry":{"type":"LineString","coordinates":[[109.178365,-107.510121],[108.812348,-107.705955],[108.277815,-107.599184],[107.46138,-107.245112],[105.830923,-107.164539],[105.094219,-107.365043],[103.332121,-108.810013],[102.3048,-109.096828],[100.569838,-109.128226]]}},{"type":"Feature","id":"398-Newwworld","properties":{"roadId":"398-Newwworld","width":100.0,"hidden":false},"geometry":{"type":"LineString","coordinates":[[100.569838,-109.128226],[100.345644,-109.483305]]}},{"type":"Feature","id":"399-Newwworld","properties":{"roadId":"399-Newwworld","width":80.0,"hidden":false},"geometry":{"type":"LineString","coordinates":[[100.09211,-108.826749],[99.909584,-107.906911],[99.906693,-107.207933],[99.863203,-106.558313],[99.714123,-106.229058],[99.621501,-105.94522],[99.244078,-105.629863],[98.824745,-104.811467],[98.699736,-103.938703],[98.664128,-103.504188],[98.474553,-103.150879],[98.280594,-102.964698],[98.144387,-102.715374],[98.048588,-102.417379],[98.113952,-102.14131],[97.856035,-101.606412],[97.637449,-101.381889],[97.617362,-101.03187],[97.64396,-100.821852],[97.526902,-100.66713],[97.310417,-100.574317],[97.079192,-100.285366],[96.67571,-100.045365],[96.508261,-99.931658],[96.359094,-99.771059],[95.977331,-99.237828],[95.830386,-98.693442],[95.85398,-98.363459],[96.038563,-98.0789],[96.338434,-97.95028],[96.467636,-97.670948],[96.604225,-97.541824],[96.727134,-97.388533],[96.980112,-97.11546],[97.469211,-96.282167],[97.727007,-95.351469],[97.631494,-94.437204],[97.862476,-93.800639],[98.244925,-93.160281],[98.465681,-92.634863],[98.486115,-92.284714]]}},{"type":"Feature","id":"3-Newwworld","properties":{"roadId":"3-Newwworld","width":148.7,"hidden":true},"geometry":{"type":"LineString","coordinates":[[161.686139,-80.822991],[161.619394,-80.766741]]}},{"type":"Feature","id":"400-Newwworld","properties":{"roadId":"400-Newwworld","width":100.0,"hidden":false},"geometry":{"type":"LineString","coordinates":[[100.569838,-109.128226],[100.09211,-108.826749]]}},{"type":"Feature","id":"401-Newwworld","properties":{"roadId":"401-Newwworld","width":80.0,"hidden":false},"geometry":{"type":"LineString","coordinates":[[100.141945,-109.817907],[100.119228,-109.211473]]}},{"type":"Feature","id":"402-Newwworld","properties":{"roadId":"402-Newwworld","width":80.0,"hidden":false},"geometry":{"type":"LineString","coordinates":[[100.141945,-109.817907],[99.694852,-109.311247]]}},{"type":"Feature","id":"403-Newwworld","properties":{"roadId":"403-Newwworld","width":80.0,"hidden":false},"geometry":{"type":"LineString","coordinates":[[99.694852,-109.311247],[100.09211,-108.826749]]}},{"type":"Feature","id":"404-Newwworld","properties":{"roadId":"404-Newwworld","width":80.0,"hidden":false},"geometry":{"type":"LineString","coordinates":[[99.694852,-109.311247],[99.466917,-109.470389],[99.386448,-109.664148],[99.413783,-109.81881],[99.382707,-109.975052]]}},{"type":"Feature","id":"405-Newwworld","properties":{"roadId":"405-Newwworld","width":80.0,"hidden":false},"geometry":{"type":"LineString","coordinates":[[99.440971,-110.218507],[99.471283,-110.297657],[99.479521,-110.545861],[99.502039,-110.685167],[99.498488,-110.940159],[99.532916,-111.077547],[99.525225,-111.460282]]}},{"type":"Feature","id":"406-Newwworld","properties":{"roadId":"406-Newwworld","width":80.0,"hidden":false},"geometry":{"type":"LineString","coordinates":[[99.440971,-110.218507],[99.595859,-110.199046],[99.692916,-110.208889],[99.788837,-110.328161],[99.828654,-110.393404],[99.750937,-110.568396],[99.784375,-110.626669],[99.905269,-110.642884],[100.001902,-110.713092],[100.070339,-110.822494],[100.053542,-110.958875],[100.351564,-111.164665],[100.540515,-111.320412],[100.619664,-111.464901],[100.6841,-111.685031]]}},{"type":"Feature","id":"407-Newwworld","properties":{"roadId":"407-Newwworld","width":80.0,"hidden":false},"geometry":{"type":"LineString","coordinates":[[101.977151,-112.065597],[101.491264,-110.894178],[101.333121,-110.54462],[101.110352,-110.364237],[100.89845,-110.367649],[100.697381,-110.458534],[100.514664,-110.401781],[100.222996,-110.146059],[100.122319,-109.780268],[100.141945,-109.817907]]}},{"type":"Feature","id":"408-Newwworld","properties":{"roadId":"408-Newwworld","width":80.0,"hidden":false},"geometry":{"type":"LineString","coordinates":[[100.6841,-111.685031],[101.977151,-112.065597]]}},{"type":"Feature","id":"409-Newwworld","properties":{"roadId":"409-Newwworld","width":87.9,"hidden":false},"geometry":{"type":"LineString","coordinates":[[96.958046,-117.02307],[97.619133,-116.989242],[98.051956,-116.994312],[98.443216,-117.084216],[98.727522,-117.435693],[99.24637,-117.835556],[99.705191,-117.999445],[99.902839,-118.07665],[100.552207,-118.080947],[100.685697,-118.115635],[101.080056,-118.151685],[101.288764,-118.159541],[101.513296,-118.27133],[101.749208,-118.50693],[101.704442,-118.649074],[101.939243,-118.842868],[101.93729,-119.060916],[101.773375,-119.23629],[101.520605,-119.237349],[101.227149,-119.201307],[101.007773,-119.144562],[101.141029,-119.426987],[101.196176,-119.653594],[101.11464,-119.855833],[100.975837,-119.958447],[100.872373,-119.874668],[100.651227,-119.805896],[100.517745,-119.857804],[100.502233,-119.986389],[100.357753,-120.185501],[100.183334,-120.312637],[99.986849,-120.2906]]}},{"type":"Feature","id":"410-Newwworld","properties":{"roadId":"410-Newwworld","width":80.0,"hidden":false},"geometry":{"type":"LineString","coordinates":[[96.958046,-117.02307],[96.577715,-116.734562],[96.61788,-116.480881],[96.417211,-116.237295],[96.332913,-116.019517],[96.408165,-115.821078],[96.335249,-115.687615],[96.358929,-115.495669]]}},{"type":"Feature","id":"411-Newwworld","properties":{"roadId":"411-Newwworld","width":80.0,"hidden":false},"geometry":{"type":"LineString","coordinates":[[96.358929,-115.495669],[96.695397,-115.331155],[97.485357,-115.499055],[97.694715,-115.44935],[97.865705,-115.328794]]}},{"type":"Feature","id":"412-Newwworld","properties":{"roadId":"412-Newwworld","width":80.0,"hidden":false},"geometry":{"type":"LineString","coordinates":[[96.358929,-115.495669],[96.141376,-115.332127],[96.027357,-115.151788]]}},{"type":"Feature","id":"413-Newwworld","properties":{"roadId":"413-Newwworld","width":87.9,"hidden":false},"geometry":{"type":"LineString","coordinates":[[88.452071,-120.379927],[88.96018,-120.63694],[89.135953,-120.855458],[89.27387,-121.195511],[89.383845,-121.621435],[89.365268,-121.924207],[89.553411,-122.324285],[89.736693,-122.745784],[90.216947,-123.1684],[90.541123,-123.617522]]}},{"type":"Feature","id":"414-Newwworld","properties":{"roadId":"414-Newwworld","width":80.0,"hidden":false},"geometry":{"type":"LineString","coordinates":[[100.119228,-109.211473],[100.107214,-108.890812],[100.09211,-108.826749]]}},{"type":"Feature","id":"415-Newwworld","properties":{"roadId":"415-Newwworld","width":87.9,"hidden":false},"geometry":{"type":"LineString","coordinates":[[85.540047,-119.378627],[86.407984,-119.767988],[86.501647,-119.770079],[86.722603,-119.939119],[86.78736,-120.054528],[86.794496,-120.188154],[86.850763,-120.318441]]}},{"type":"Feature","id":"416-Newwworld","properties":{"roadId":"416-Newwworld","width":100.0,"hidden":false},"geometry":{"type":"LineString","coordinates":[[100.569838,-109.128226],[100.119228,-109.211473]]}},{"type":"Feature","id":"417-Newwworld","properties":{"roadId":"417-Newwworld","width":80.0,"hidden":false},"geometry":{"type":"LineString","coordinates":[[100.119228,-109.211473],[99.694852,-109.311247]]}},{"type":"Feature","id":"418-Newwworld","properties":{"roadId":"418-Newwworld","width":80.0,"hidden":false},"geometry":{"type":"LineString","coordinates":[[85.275116,-125.823271],[85.387668,-125.903058],[85.724744,-126.464791],[86.24623,-126.748455],[86.546639,-127.036435],[86.823254,-127.223517],[87.095842,-127.441558],[87.535635,-128.003878],[87.663839,-128.150944],[87.94397,-128.539797],[87.824334,-129.010214]]}},{"type":"Feature","id":"419-Newwworld","properties":{"roadId":"419-Newwworld","width":80.0,"hidden":false},"geometry":{"type":"LineString","coordinates":[[84.327152,-129.789363],[84.158957,-130.205974]]}},{"type":"Feature","id":"420-Newwworld","properties":{"roadId":"420-Newwworld","width":87.9,"hidden":false},"geometry":{"type":"LineString","coordinates":[[86.850763,-120.318441],[87.381902,-120.204932],[87.8989,-120.259693],[88.452071,-120.379927]]}},{"type":"Feature","id":"421-Newwworld","properties":{"roadId":"421-Newwworld","width":80.0,"hidden":false},"geometry":{"type":"LineString","coordinates":[[85.897461,-120.901957],[85.981307,-120.239736],[85.540047,-119.378627]]}},{"type":"Feature","id":"422-Newwworld","properties":{"roadId":"422-Newwworld","width":87.9,"hidden":false},"geometry":{"type":"LineString","coordinates":[[86.850763,-120.318441],[86.598835,-120.501658],[86.423939,-120.74979],[85.897461,-120.901957]]}},{"type":"Feature","id":"423-Newwworld","properties":{"roadId":"423-Newwworld","width":80.0,"hidden":false},"geometry":{"type":"LineString","coordinates":[[85.275116,-125.823271],[85.067233,-125.592347],[84.982988,-125.293584],[84.898812,-124.855343],[84.979429,-124.566225],[84.881798,-124.26644],[85.078891,-123.898599],[85.252685,-123.484211],[85.384829,-123.390543],[85.435055,-123.123487],[85.531714,-123.037725],[85.658198,-122.676906],[85.673329,-122.269679],[85.424231,-121.920576],[85.453363,-121.482454],[85.688693,-121.214572],[85.694032,-121.009123],[85.897461,-120.901957]]}},{"type":"Feature","id":"423-Newwworld-INGAME","properties":{"roadId":"423-Newwworld-INGAME","width":87.9,"hidden":false},"geometry":{"type":"LineString","coordinates":[[96.632237,-81.942674],[96.906075,-81.886102],[97.149557,-81.924635],[97.370183,-81.820816],[97.700679,-82.1006],[97.961383,-82.186754],[98.207772,-82.094896],[98.245281,-81.718636],[98.204864,-81.38367],[98.321436,-80.916394],[98.241661,-80.565612],[98.004811,-80.279239],[97.966409,-79.562535],[98.062989,-79.377778],[97.998197,-79.308368],[97.831773,-79.302231],[97.740609,-79.216006],[97.562536,-79.11118],[97.492726,-79.185512],[97.370851,-79.210355],[97.18625,-79.195841],[96.766882,-79.283602],[96.683687,-79.179713],[96.400683,-79.084617],[96.386438,-78.894703],[96.131819,-78.723184],[96.127921,-78.573391],[95.997852,-78.304302],[95.810655,-78.096654],[95.640732,-78.116037],[95.323578,-78.291472],[95.33462,-78.457844],[95.286764,-78.572983],[95.1356,-78.536169],[94.781563,-78.329701],[94.500286,-78.278295],[94.363566,-78.143156]]}},{"type":"Feature","id":"424-Newwworld","properties":{"roadId":"424-Newwworld","width":80.0,"hidden":false},"geometry":{"type":"LineString","coordinates":[[84.290416,-128.983264],[83.928844,-128.881167],[83.787775,-128.75867],[83.701048,-130.416191],[83.206593,-128.889142],[83.067938,-128.793767],[82.965142,-128.660122],[82.587216,-128.791101],[82.29027,-128.58149],[81.952283,-128.493514],[81.776987,-127.803679],[81.135553,-127.511391],[80.786672,-127.651631],[80.196765,-127.599247],[79.788456,-127.719118],[79.374792,-127.684011],[79.105216,-127.583579],[78.81104,-127.313557],[78.501282,-127.23867],[78.231203,-127.255933]]}},{"type":"Feature","id":"425-Newwworld","properties":{"roadId":"425-Newwworld","width":80.0,"hidden":false},"geometry":{"type":"LineString","coordinates":[[85.275116,-125.823271],[85.042936,-126.01185],[84.818742,-126.080686],[84.5602,-126.311703],[84.484991,-126.348338],[84.396875,-126.484165],[84.280216,-126.628373],[84.272777,-126.766171],[84.337283,-126.983544],[84.691459,-127.612296],[84.626763,-128.387696],[84.49013,-128.783367],[84.290416,-128.983264]]}},{"type":"Feature","id":"425-Newwworld-INGAME","properties":{"roadId":"425-Newwworld-INGAME","width":95.5,"hidden":false},"geometry":{"type":"LineString","coordinates":[[60.150195,-168.01057],[60.0397,-167.973261],[59.65002,-167.975934],[59.09316,-167.870986],[58.3915,-167.732062],[57.878208,-167.702626]]}},{"type":"Feature","id":"426-Newwworld","properties":{"roadId":"426-Newwworld","width":80.0,"hidden":false},"geometry":{"type":"LineString","coordinates":[[84.655808,-129.633877],[84.411996,-129.23891]]}},{"type":"Feature","id":"427-Newwworld","properties":{"roadId":"427-Newwworld","width":80.0,"hidden":false},"geometry":{"type":"LineString","coordinates":[[84.411996,-129.23891],[84.290416,-128.983264]]}},{"type":"Feature","id":"428-Newwworld","properties":{"roadId":"428-Newwworld","width":80.0,"hidden":false},"geometry":{"type":"LineString","coordinates":[[84.655808,-129.633877],[84.327152,-129.789363]]}},{"type":"Feature","id":"429-Newwworld","properties":{"roadId":"429-Newwworld","width":80.0,"hidden":false},"geometry":{"type":"LineString","coordinates":[[84.327152,-129.789363],[84.411996,-129.23891]]}},{"type":"Feature","id":"430-Newwworld","properties":{"roadId":"430-Newwworld","width":80.0,"hidden":false},"geometry":{"type":"LineString","coordinates":[[84.158957,-130.205974],[84.246223,-130.389356],[84.281232,-131.159907]]}},{"type":"Feature","id":"431-Newwworld","properties":{"roadId":"431-Newwworld","width":80.0,"hidden":false},"geometry":{"type":"LineString","coordinates":[[86.331048,-131.763106],[86.356673,-131.325819],[86.225674,-131.121035],[86.038269,-130.89067],[85.932488,-130.663684],[85.824084,-130.399168],[85.672843,-130.176393],[85.622651,-129.995283],[85.307103,-129.934081],[84.857762,-129.617512],[84.655808,-129.633877]]}},{"type":"Feature","id":"432-Newwworld","properties":{"roadId":"432-Newwworld","width":80.0,"hidden":false},"geometry":{"type":"LineString","coordinates":[[84.158957,-130.205974],[83.971587,-130.358028],[83.867298,-130.476468]]}},{"type":"Feature","id":"433-Newwworld","properties":{"roadId":"433-Newwworld","width":80.0,"hidden":false},"geometry":{"type":"LineString","coordinates":[[84.366753,-131.36233],[84.861581,-131.483797],[85.611948,-131.575585],[85.991871,-131.671431],[86.331048,-131.763106]]}},{"type":"Feature","id":"434-Newwworld","properties":{"roadId":"434-Newwworld","width":80.0,"hidden":false},"geometry":{"type":"LineString","coordinates":[[84.281232,-131.159907],[84.366753,-131.36233]]}},{"type":"Feature","id":"435-Newwworld","properties":{"roadId":"435-Newwworld","width":80.0,"hidden":false},"geometry":{"type":"LineString","coordinates":[[84.366753,-131.36233],[84.145277,-131.569053]]}},{"type":"Feature","id":"436-Newwworld","properties":{"roadId":"436-Newwworld","width":80.0,"hidden":false},"geometry":{"type":"LineString","coordinates":[[84.145277,-131.569053],[84.281232,-131.159907]]}},{"type":"Feature","id":"437-Newwworld","properties":{"roadId":"437-Newwworld","width":80.0,"hidden":false},"geometry":{"type":"LineString","coordinates":[[83.746291,-135.276452],[84.118141,-135.122376]]}},{"type":"Feature","id":"438-Newwworld","properties":{"roadId":"438-Newwworld","width":80.0,"hidden":false},"geometry":{"type":"LineString","coordinates":[[84.118141,-135.122376],[84.131067,-134.794935],[84.142646,-134.27642],[84.179218,-134.124079],[84.174643,-133.82257],[84.202855,-133.507517],[84.181232,-132.708588],[84.064756,-132.40711],[83.930423,-132.228855],[83.981057,-131.920129],[84.145277,-131.569053]]}},{"type":"Feature","id":"439-Newwworld","properties":{"roadId":"439-Newwworld","width":80.0,"hidden":false},"geometry":{"type":"LineString","coordinates":[[83.746291,-135.276452],[83.810215,-135.600646]]}},{"type":"Feature","id":"440-Newwworld","properties":{"roadId":"440-Newwworld","width":80.0,"hidden":false},"geometry":{"type":"LineString","coordinates":[[83.810215,-135.600646],[84.118141,-135.122376]]}},{"type":"Feature","id":"441-Newwworld","properties":{"roadId":"441-Newwworld","width":87.9,"hidden":false},"geometry":{"type":"LineString","coordinates":[[80.476071,-138.933075],[80.697617,-139.156861],[80.858894,-139.162147],[80.951281,-138.956148],[81.437811,-138.965176],[81.710537,-139.215706],[82.350739,-139.187981],[82.742867,-139.201323],[83.19089,-139.379639],[83.52912,-139.364118],[83.874043,-139.197555],[84.425729,-139.22667],[84.57974,-139.202677],[84.644905,-139.064508],[84.924394,-138.879907]]}},{"type":"Feature","id":"442-Newwworld","properties":{"roadId":"442-Newwworld","width":80.0,"hidden":false},"geometry":{"type":"LineString","coordinates":[[83.810215,-135.600646],[83.691282,-135.800245]]}},{"type":"Feature","id":"443-Newwworld","properties":{"roadId":"443-Newwworld","width":87.9,"hidden":false},"geometry":{"type":"LineString","coordinates":[[80.476071,-138.933075],[80.304074,-138.877624],[80.238041,-138.988605],[80.112312,-139.199916],[79.646563,-139.144204],[79.375104,-139.203493],[79.255564,-139.452339],[78.934052,-139.912558],[78.663999,-140.259425],[77.941862,-140.469955],[77.203491,-140.83375],[76.470902,-141.089107]]}},{"type":"Feature","id":"444-Newwworld","properties":{"roadId":"444-Newwworld","width":80.0,"hidden":false},"geometry":{"type":"LineString","coordinates":[[83.691282,-135.800245],[83.257218,-136.256003],[82.717555,-136.341014],[82.53515,-136.599186],[82.212779,-136.782139],[81.741397,-137.116376],[81.351717,-137.164996],[81.08919,-137.433982],[80.915448,-137.730372],[80.703711,-138.067959],[80.654596,-138.455574],[80.476071,-138.933075]]}},{"type":"Feature","id":"445-Newwworld","properties":{"roadId":"445-Newwworld","width":87.9,"hidden":false},"geometry":{"type":"LineString","coordinates":[[84.924394,-138.879907],[85.159481,-139.091218],[85.207555,-139.467244],[85.316895,-139.755795],[85.263588,-140.543359],[85.114612,-141.03935],[84.706667,-141.276677],[84.736355,-141.840394],[84.538099,-142.262114],[84.325841,-142.608175],[83.939052,-142.860988],[83.639207,-143.220355],[83.35096,-143.420695],[83.200456,-143.829489],[83.317366,-144.037042],[83.006879,-144.51983]]}},{"type":"Feature","id":"446-Newwworld","properties":{"roadId":"446-Newwworld","width":80.0,"hidden":false},"geometry":{"type":"LineString","coordinates":[[83.691282,-135.800245],[84.093028,-136.065123],[84.443186,-136.238797],[84.864359,-136.553855],[84.98817,-136.78075],[85.088631,-137.365466],[85.087572,-138.12638],[84.952884,-138.463872],[84.924394,-138.879907]]}},{"type":"Feature","id":"447-Newwworld","properties":{"roadId":"447-Newwworld","width":80.0,"hidden":false},"geometry":{"type":"LineString","coordinates":[[81.112254,-135.121448],[81.558063,-135.579853],[81.730746,-135.661792],[82.24672,-135.617659],[82.525236,-135.450488],[82.677016,-135.389451],[83.384146,-135.208698],[83.746291,-135.276452]]}},{"type":"Feature","id":"448-Newwworld","properties":{"roadId":"448-Newwworld","width":80.0,"hidden":false},"geometry":{"type":"LineString","coordinates":[[81.112254,-135.121448],[80.840413,-135.287478],[80.214708,-135.468958],[79.972832,-135.452429],[79.802475,-135.374822],[79.482223,-135.528115],[79.274791,-135.558781],[78.952855,-135.719618],[78.276637,-135.812474],[76.871806,-135.415069],[75.276019,-135.23049],[74.717788,-134.992798],[74.227344,-134.136974],[73.394763,-133.577189],[72.672512,-133.464157]]}},{"type":"Feature","id":"449-Newwworld","properties":{"roadId":"449-Newwworld","width":80.0,"hidden":false},"geometry":{"type":"LineString","coordinates":[[72.672512,-133.464157],[72.255236,-134.22079]]}},{"type":"Feature","id":"450-Newwworld","properties":{"roadId":"450-Newwworld","width":80.0,"hidden":false},"geometry":{"type":"LineString","coordinates":[[72.672512,-133.464157],[71.507795,-133.241341]]}},{"type":"Feature","id":"451-Newwworld","properties":{"roadId":"451-Newwworld","width":87.9,"hidden":false},"geometry":{"type":"LineString","coordinates":[[73.469346,-140.340571],[73.500449,-139.055984],[73.650154,-138.200851],[73.971857,-137.247054],[73.984591,-136.733563],[73.794998,-136.550106],[73.742958,-136.346982],[73.183226,-135.563409],[72.624708,-134.70495],[72.384733,-134.390489],[72.255236,-134.22079]]}},{"type":"Feature","id":"453-Newwworld","properties":{"roadId":"453-Newwworld","width":87.9,"hidden":false},"geometry":{"type":"LineString","coordinates":[[72.255236,-134.22079],[72.001911,-133.888836],[71.507795,-133.241341]]}},{"type":"Feature","id":"454-Newwworld","properties":{"roadId":"454-Newwworld","width":87.9,"hidden":false},"geometry":{"type":"LineString","coordinates":[[71.507795,-133.241341],[71.355337,-133.041567],[71.231379,-132.879126],[70.673816,-132.762409],[70.019404,-132.322687],[70.015385,-131.708648]]}},{"type":"Feature","id":"455-Newwworld","properties":{"roadId":"455-Newwworld","width":87.9,"hidden":false},"geometry":{"type":"LineString","coordinates":[[70.015385,-131.708648],[69.789872,-131.307726],[69.17836,-130.622841],[68.428366,-129.892573],[67.905256,-129.54064],[67.614396,-128.660749],[66.910739,-128.154763],[66.069043,-127.326046]]}},{"type":"Feature","id":"456-Newwworld","properties":{"roadId":"456-Newwworld","width":80.0,"hidden":false},"geometry":{"type":"LineString","coordinates":[[70.015385,-131.708648],[70.376046,-131.292413],[70.592123,-131.074288],[71.152958,-130.655828],[71.765747,-130.350269],[72.526322,-130.173027],[72.990846,-129.85263],[73.889851,-129.763924],[74.245755,-129.523236],[74.383429,-128.575561],[74.699698,-128.095674],[75.294344,-127.966409],[76.162628,-127.25068],[76.599539,-126.987218]]}},{"type":"Feature","id":"457-Newwworld","properties":{"roadId":"457-Newwworld","width":87.9,"hidden":false},"geometry":{"type":"LineString","coordinates":[[71.092177,-135.937717],[71.522951,-135.43524],[71.518211,-134.889663],[71.680122,-134.657937],[72.045817,-134.338585],[72.255236,-134.22079]]}},{"type":"Feature","id":"458-Newwworld","properties":{"roadId":"458-Newwworld","width":87.9,"hidden":true},"geometry":{"type":"LineString","coordinates":[[69.8316,-136.608027],[70.154813,-136.461145],[71.092177,-135.937717]]}},{"type":"Feature","id":"459-Newwworld","properties":{"roadId":"459-Newwworld","width":87.9,"hidden":false},"geometry":{"type":"LineString","coordinates":[[71.092177,-135.937717],[70.874147,-136.846488],[70.438876,-137.813228]]}},{"type":"Feature","id":"460-Newwworld","properties":{"roadId":"460-Newwworld","width":87.9,"hidden":true},"geometry":{"type":"LineString","coordinates":[[70.438876,-137.813228],[69.8316,-136.608027]]}},{"type":"Feature","id":"461-Newwworld","properties":{"roadId":"461-Newwworld","width":87.9,"hidden":false},"geometry":{"type":"LineString","coordinates":[[70.438876,-137.813228],[70.024864,-138.600531],[69.772485,-139.481063],[69.464446,-139.977957],[69.426503,-140.148357],[69.09743,-140.440494],[69.048524,-140.57769],[68.583149,-141.089888],[68.614851,-141.489751],[68.546934,-141.632312],[68.472411,-142.874339],[68.43215,-143.360078],[68.445232,-144.007172],[68.632142,-144.162477],[68.856674,-144.430386],[69.002786,-144.807826]]}},{"type":"Feature","id":"462-Newwworld","properties":{"roadId":"462-Newwworld","width":68.9,"hidden":false},"geometry":{"type":"LineString","coordinates":[[69.781304,-144.013596],[69.390721,-144.376939],[69.363803,-144.401983],[69.002786,-144.807826]]}},{"type":"Feature","id":"463-Newwworld","properties":{"roadId":"463-Newwworld","width":68.9,"hidden":false},"geometry":{"type":"LineString","coordinates":[[72.316938,-143.372405],[71.968517,-143.305903],[71.330459,-143.73225],[70.750223,-143.723786],[70.17463,-144.057233],[70.024213,-144.040549],[69.781304,-144.013596]]}},{"type":"Feature","id":"464-Newwworld","properties":{"roadId":"464-Newwworld","width":68.9,"hidden":false},"geometry":{"type":"LineString","coordinates":[[73.469346,-140.340571],[72.937235,-140.694913],[72.362198,-140.802804],[71.415086,-141.334247],[70.881395,-142.085109],[70.724172,-142.599954],[70.580986,-143.423264],[70.056956,-143.799698],[69.856244,-143.943882],[69.781304,-144.013596]]}},{"type":"Feature","id":"465-Newwworld","properties":{"roadId":"465-Newwworld","width":87.9,"hidden":false},"geometry":{"type":"LineString","coordinates":[[76.470902,-141.089107],[76.145796,-140.759271],[75.960179,-140.508688],[75.242547,-140.260389],[74.662684,-140.353419],[74.018454,-140.445693],[73.735675,-140.391561],[73.469346,-140.340571]]}},{"type":"Feature","id":"466-Newwworld","properties":{"roadId":"466-Newwworld","width":110.7,"hidden":true},"geometry":{"type":"LineString","coordinates":[[69.002786,-144.807826],[68.958489,-144.85497],[68.761744,-145.064398],[68.213131,-145.326135],[67.076069,-145.523184],[66.106118,-145.47571],[65.458816,-145.168852],[64.554976,-144.895786],[64.238733,-145.078591],[63.717378,-145.379946],[63.522247,-145.492742],[62.966368,-145.739131],[62.483102,-146.242119],[62.349187,-146.700931],[62.069638,-146.89851],[61.938439,-147.267999],[61.664289,-147.580283],[61.15341,-147.823279],[60.564207,-147.759937],[60.159076,-147.506368],[59.796132,-147.441151],[59.537806,-147.491464],[59.285001,-147.493755],[59.11527,-147.585388],[59.027544,-147.595683],[58.752369,-147.719815],[58.444096,-147.734911],[58.097628,-147.989017],[57.854345,-147.89643],[57.616046,-147.870814],[57.498789,-147.965701],[57.364274,-148.015676],[57.203649,-148.174695],[57.006704,-148.276458],[56.708508,-148.626589],[56.054817,-148.927892],[55.895398,-148.996443],[55.651751,-149.262069],[55.343347,-149.848841],[55.064032,-150.235431],[54.691956,-150.298374]]}},{"type":"Feature","id":"467-Newwworld","properties":{"roadId":"467-Newwworld","width":80.0,"hidden":false},"geometry":{"type":"LineString","coordinates":[[83.867298,-130.476468],[83.717332,-130.499074],[83.636508,-130.511259],[83.390161,-130.305194],[83.299918,-130.218166],[83.06575,-130.44568],[82.968059,-130.622532],[82.713866,-130.876007],[82.381555,-131.168538],[82.095825,-131.378582],[81.970712,-131.692673],[81.878724,-131.972188],[81.657482,-132.794133],[81.521405,-133.237025],[81.43591,-133.781039],[81.440241,-134.121262],[81.399625,-134.326498],[81.288418,-134.558556],[81.27814,-134.735565],[81.141213,-134.990007],[81.112254,-135.121448]]}},{"type":"Feature","id":"468-Newwworld","properties":{"roadId":"468-Newwworld","width":80.0,"hidden":false},"geometry":{"type":"LineString","coordinates":[[83.867298,-130.476468],[83.768565,-130.610059],[83.822168,-130.990536],[83.827064,-131.230091],[83.752411,-131.300885],[83.57991,-131.26873],[83.436793,-131.47144],[83.181905,-131.451571],[83.085342,-131.516159],[82.939413,-131.764325],[82.953389,-131.90957]]}},{"type":"Feature","id":"471-Newwworld","properties":{"roadId":"471-Newwworld","width":80.0,"hidden":false},"geometry":{"type":"LineString","coordinates":[[76.599539,-126.987218],[77.22685,-126.881207],[77.772156,-127.021241],[78.231203,-127.255933]]}},{"type":"Feature","id":"472-Newwworld","properties":{"roadId":"472-Newwworld","width":80.0,"hidden":false},"geometry":{"type":"LineString","coordinates":[[77.156859,-125.884713],[76.52565,-125.301144],[76.223088,-124.259216],[75.584137,-123.571658],[75.445855,-123.11517],[75.17404,-122.735403],[74.958831,-122.157478],[74.294297,-121.502691],[73.850085,-120.776176]]}},{"type":"Feature","id":"473-Newwworld","properties":{"roadId":"473-Newwworld","width":80.0,"hidden":false},"geometry":{"type":"LineString","coordinates":[[76.599539,-126.987218],[77.081216,-126.518166],[77.121433,-126.195438],[77.156859,-125.884713]]}},{"type":"Feature","id":"474-Newwworld","properties":{"roadId":"474-Newwworld","width":80.0,"hidden":false},"geometry":{"type":"LineString","coordinates":[[89.8881,-117.723099],[89.988803,-117.238766],[90.022024,-117.079008],[90.1435,-116.974069]]}},{"type":"Feature","id":"475-Newwworld","properties":{"roadId":"475-Newwworld","width":87.9,"hidden":false},"geometry":{"type":"LineString","coordinates":[[83.55458,-115.539359],[83.654841,-116.772054],[83.573712,-117.18308],[83.701968,-118.585385]]}},{"type":"Feature","id":"476-Newwworld","properties":{"roadId":"476-Newwworld","width":80.0,"hidden":false},"geometry":{"type":"LineString","coordinates":[[89.279053,-117.080683],[88.986092,-116.959424],[88.182061,-116.844328],[87.965784,-116.669857],[87.704551,-116.16667],[87.654151,-116.131739],[86.619703,-115.918275],[86.228747,-115.813518],[85.629726,-115.598829],[85.235671,-115.535314],[83.55458,-115.539359]]}},{"type":"Feature","id":"477-Newwworld","properties":{"roadId":"477-Newwworld","width":87.9,"hidden":false},"geometry":{"type":"LineString","coordinates":[[83.55458,-115.539359],[82.882373,-115.77232],[82.216129,-115.858058]]}},{"type":"Feature","id":"478-Newwworld","properties":{"roadId":"478-Newwworld","width":87.9,"hidden":false},"geometry":{"type":"LineString","coordinates":[[80.971012,-116.864068],[80.776307,-116.879789],[80.486766,-116.680239],[80.253614,-116.525378]]}},{"type":"Feature","id":"479-Newwworld","properties":{"roadId":"479-Newwworld","width":87.9,"hidden":false},"geometry":{"type":"LineString","coordinates":[[83.701968,-118.585385],[84.284288,-119.303061],[85.540047,-119.378627]]}},{"type":"Feature","id":"480-Newwworld","properties":{"roadId":"480-Newwworld","width":87.9,"hidden":false},"geometry":{"type":"LineString","coordinates":[[80.971012,-116.864068],[81.858212,-117.268045],[82.322501,-117.85829],[83.317835,-118.463683],[83.701968,-118.585385]]}},{"type":"Feature","id":"481-Newwworld","properties":{"roadId":"481-Newwworld","width":87.9,"hidden":false},"geometry":{"type":"LineString","coordinates":[[82.216129,-115.858058],[81.47275,-116.443216],[80.971012,-116.864068]]}},{"type":"Feature","id":"482-Newwworld","properties":{"roadId":"482-Newwworld","width":87.9,"hidden":false},"geometry":{"type":"LineString","coordinates":[[82.602624,-112.069304],[83.231636,-113.826176],[83.143068,-114.780736],[83.497175,-115.387917],[83.55458,-115.539359]]}},{"type":"Feature","id":"483-Newwworld","properties":{"roadId":"483-Newwworld","width":87.9,"hidden":false},"geometry":{"type":"LineString","coordinates":[[82.216129,-115.858058],[82.124428,-115.192283],[82.007353,-115.016527],[82.205235,-114.418435],[82.289463,-113.842018],[82.342944,-113.323414],[82.602624,-112.069304]]}},{"type":"Feature","id":"484-Newwworld","properties":{"roadId":"484-Newwworld","width":80.0,"hidden":false},"geometry":{"type":"LineString","coordinates":[[90.1435,-116.974069],[89.708143,-116.886707]]}},{"type":"Feature","id":"485-Newwworld","properties":{"roadId":"485-Newwworld","width":80.0,"hidden":false},"geometry":{"type":"LineString","coordinates":[[89.279053,-117.080683],[89.37039,-117.27446],[89.618177,-117.529287],[89.8881,-117.723099]]}},{"type":"Feature","id":"486-Newwworld","properties":{"roadId":"486-Newwworld","width":80.0,"hidden":false},"geometry":{"type":"LineString","coordinates":[[89.8881,-117.723099],[90.207693,-118.147041],[90.519213,-118.249507]]}},{"type":"Feature","id":"487-Newwworld","properties":{"roadId":"487-Newwworld","width":87.9,"hidden":false},"geometry":{"type":"LineString","coordinates":[[75.578633,-116.663087],[75.514614,-117.261066],[74.843344,-118.841844]]}},{"type":"Feature","id":"487-Newwworld-INGAME","properties":{"roadId":"487-Newwworld-INGAME","width":89.8,"hidden":true},"geometry":{"type":"LineString","coordinates":[[189.063358,-186.74526],[188.790041,-186.766232],[188.566134,-186.858828],[187.843875,-187.489151],[187.767876,-187.724847],[187.773388,-188.059787],[187.700593,-188.243468],[187.779369,-188.582784],[187.833389,-189.185581],[187.787798,-190.376184],[186.582404,-194.197664],[186.544391,-194.344548],[186.412577,-194.547266],[186.411674,-194.839098],[186.293175,-194.992423],[186.247663,-195.26739],[186.28683,-195.649804],[186.334269,-196.317601],[186.267784,-196.708115],[186.228791,-199.408263]]}},{"type":"Feature","id":"488-Newwworld","properties":{"roadId":"488-Newwworld","width":87.9,"hidden":false},"geometry":{"type":"LineString","coordinates":[[80.253614,-116.525378],[80.183692,-116.802254],[80.021157,-116.73096],[79.938309,-116.753747],[79.791521,-116.890101],[79.596806,-116.819563],[79.408655,-116.666177]]}},{"type":"Feature","id":"489-Newwworld","properties":{"roadId":"489-Newwworld","width":87.9,"hidden":false},"geometry":{"type":"LineString","coordinates":[[79.408655,-116.666177],[79.025737,-116.688451],[78.744902,-116.7934],[78.335752,-116.865405],[77.997079,-116.865596]]}},{"type":"Feature","id":"490-Newwworld","properties":{"roadId":"490-Newwworld","width":87.9,"hidden":false},"geometry":{"type":"LineString","coordinates":[[80.253614,-116.525378],[80.222008,-116.295073],[80.055028,-116.29424],[80.004872,-116.175559],[79.805826,-116.178536],[79.719237,-116.021643],[79.57257,-116.070203],[79.593291,-116.266097],[79.419271,-116.408824],[79.408655,-116.666177]]}},{"type":"Feature","id":"491-Newwworld","properties":{"roadId":"491-Newwworld","width":87.9,"hidden":false},"geometry":{"type":"LineString","coordinates":[[77.997079,-116.865596],[77.199237,-116.739319],[76.206552,-116.78221],[75.578633,-116.663087]]}},{"type":"Feature","id":"492-Newwworld","properties":{"roadId":"492-Newwworld","width":87.9,"hidden":false},"geometry":{"type":"LineString","coordinates":[[74.843344,-118.841844],[74.754793,-119.05036],[74.512666,-120.244567],[73.850085,-120.776176]]}},{"type":"Feature","id":"493-Newwworld","properties":{"roadId":"493-Newwworld","width":87.9,"hidden":false},"geometry":{"type":"LineString","coordinates":[[77.997079,-116.865596],[77.508206,-117.111734],[76.704262,-117.787908],[75.640647,-118.375115],[75.192469,-118.730125],[74.843344,-118.841844]]}},{"type":"Feature","id":"494-Newwworld","properties":{"roadId":"494-Newwworld","width":97.4,"hidden":false},"geometry":{"type":"LineString","coordinates":[[89.539982,-88.729433],[89.108488,-88.898921],[88.781438,-88.826872],[88.152634,-89.018627],[87.904256,-88.949989],[87.484177,-88.413243],[87.259949,-88.376784]]}},{"type":"Feature","id":"495-Newwworld","properties":{"roadId":"495-Newwworld","width":87.9,"hidden":false},"geometry":{"type":"LineString","coordinates":[[90.584456,-88.156098],[90.425636,-87.791131],[90.157597,-87.231598]]}},{"type":"Feature","id":"496-Newwworld","properties":{"roadId":"496-Newwworld","width":97.4,"hidden":false},"geometry":{"type":"LineString","coordinates":[[89.539982,-88.729433],[89.793447,-88.559311],[90.140167,-88.525179],[90.584456,-88.156098]]}},{"type":"Feature","id":"497-Newwworld","properties":{"roadId":"497-Newwworld","width":87.9,"hidden":false},"geometry":{"type":"LineString","coordinates":[[90.388214,-89.317855],[90.759813,-89.418472],[91.405301,-89.592986],[91.908419,-89.962163],[92.463647,-90.242424],[93.151505,-90.979892],[94.208045,-91.55518],[95.240879,-91.720875],[95.811375,-91.693297]]}},{"type":"Feature","id":"498-Newwworld","properties":{"roadId":"498-Newwworld","width":87.9,"hidden":false},"geometry":{"type":"LineString","coordinates":[[88.285612,-81.550112],[88.240863,-82.710706],[88.334484,-83.288234],[88.233216,-83.624806],[88.292348,-83.984035],[87.757242,-84.49678],[87.699933,-85.007632],[88.103441,-85.515637]]}},{"type":"Feature","id":"499-Newwworld","properties":{"roadId":"499-Newwworld","width":87.9,"hidden":false},"geometry":{"type":"LineString","coordinates":[[88.285612,-81.550112],[88.178042,-81.088956]]}},{"type":"Feature","id":"4-Newwworld","properties":{"roadId":"4-Newwworld","width":148.7,"hidden":true},"geometry":{"type":"LineString","coordinates":[[161.686139,-80.822991],[162.711967,-81.257072],[163.791623,-81.597108]]}},{"type":"Feature","id":"500-Newwworld","properties":{"roadId":"500-Newwworld","width":87.9,"hidden":false},"geometry":{"type":"LineString","coordinates":[[88.178042,-81.088956],[88.264127,-80.809597],[88.247643,-80.670482],[88.27648,-80.544692],[88.243042,-80.469813]]}},{"type":"Feature","id":"501-Newwworld","properties":{"roadId":"501-Newwworld","width":87.9,"hidden":false},"geometry":{"type":"LineString","coordinates":[[88.764294,-81.004311],[88.285612,-81.550112]]}},{"type":"Feature","id":"502-Newwworld","properties":{"roadId":"502-Newwworld","width":87.9,"hidden":false},"geometry":{"type":"LineString","coordinates":[[88.178042,-81.088956],[88.764294,-81.004311]]}},{"type":"Feature","id":"503-Newwworld","properties":{"roadId":"503-Newwworld","width":80.0,"hidden":false},"geometry":{"type":"LineString","coordinates":[[90.894996,-75.217382],[90.824683,-75.213033],[90.768849,-75.0718],[90.707695,-75.000168],[90.464091,-75.04081],[90.304074,-75.318832],[90.398787,-75.504848],[90.394456,-75.738529],[90.432459,-75.997957],[90.382503,-76.331839],[90.324056,-76.939792],[90.166044,-77.248717],[90.377277,-77.779482],[90.336339,-78.008962],[90.130618,-78.282271]]}},{"type":"Feature","id":"504-Newwworld","properties":{"roadId":"504-Newwworld","width":80.0,"hidden":false},"geometry":{"type":"LineString","coordinates":[[90.130618,-78.282271],[90.223657,-78.519303],[90.298778,-78.755189],[90.432373,-79.078159]]}},{"type":"Feature","id":"505-Newwworld","properties":{"roadId":"505-Newwworld","width":80.0,"hidden":false},"geometry":{"type":"LineString","coordinates":[[89.931286,-78.804009],[90.097111,-78.875172],[90.186946,-79.069739],[90.432373,-79.078159]]}},{"type":"Feature","id":"506-Newwworld","properties":{"roadId":"506-Newwworld","width":101.2,"hidden":true},"geometry":{"type":"LineString","coordinates":[[75.704988,-78.886118],[76.060232,-78.990415],[76.502325,-79.198784],[76.606458,-79.349158],[76.459565,-79.49283],[76.591215,-79.654515],[76.772847,-79.614063],[76.945513,-79.799871],[77.266807,-79.730748],[77.679717,-79.987016],[78.41866,-80.381939],[78.599025,-81.103634],[79.05914,-81.118626],[79.68836,-81.734748],[80.323606,-81.612412],[80.926195,-81.387802],[81.590615,-81.622334],[81.786892,-82.468734],[81.809626,-83.079778],[81.814661,-83.39576],[81.628836,-83.640952],[81.978143,-83.697732],[82.747364,-83.800258],[83.168537,-84.721207],[83.092712,-85.511418],[83.349137,-85.981003],[83.567679,-86.950494],[83.967828,-87.342796],[84.633108,-87.569802],[85.372494,-87.572111],[85.624492,-87.465826],[86.185952,-87.440296],[86.531543,-87.328013],[86.974609,-87.434498],[87.185009,-87.418734]]}},{"type":"Feature","id":"507-Newwworld","properties":{"roadId":"507-Newwworld","width":101.2,"hidden":true},"geometry":{"type":"LineString","coordinates":[[75.704988,-78.886118],[75.430091,-80.064204],[75.438589,-80.659614],[75.122494,-81.276048],[75.035367,-81.702777],[74.609802,-82.217397],[74.384428,-82.633969],[74.459636,-82.956158],[74.425756,-83.226636],[74.015859,-83.47813]]}},{"type":"Feature","id":"512-Newwworld","properties":{"roadId":"512-Newwworld","width":101.2,"hidden":true},"geometry":{"type":"LineString","coordinates":[[52.969346,-93.102191],[52.715934,-93.663208]]}},{"type":"Feature","id":"514-Newwworld","properties":{"roadId":"514-Newwworld","width":101.2,"hidden":true},"geometry":{"type":"LineString","coordinates":[[56.273012,-95.081442],[56.205746,-95.245714],[56.359592,-95.329577],[56.33059,-95.413422],[56.10657,-95.395332]]}},{"type":"Feature","id":"515-Newwworld","properties":{"roadId":"515-Newwworld","width":101.2,"hidden":true},"geometry":{"type":"LineString","coordinates":[[55.967881,-94.226517],[56.081241,-94.424365]]}},{"type":"Feature","id":"516-Newwworld","properties":{"roadId":"516-Newwworld","width":101.2,"hidden":true},"geometry":{"type":"LineString","coordinates":[[56.273012,-95.081442],[56.367179,-94.967813]]}},{"type":"Feature","id":"517-Newwworld","properties":{"roadId":"517-Newwworld","width":101.2,"hidden":true},"geometry":{"type":"LineString","coordinates":[[56.367179,-94.967813],[56.494341,-94.897023],[56.535921,-94.817761],[56.538716,-94.35907]]}},{"type":"Feature","id":"518-Newwworld","properties":{"roadId":"518-Newwworld","width":101.2,"hidden":true},"geometry":{"type":"LineString","coordinates":[[56.081241,-94.424365],[56.061935,-94.582265],[55.935294,-94.761832],[56.016527,-94.908178],[56.172795,-94.907353],[56.273012,-95.081442]]}},{"type":"Feature","id":"519-Newwworld","properties":{"roadId":"519-Newwworld","width":101.2,"hidden":true},"geometry":{"type":"LineString","coordinates":[[56.367179,-94.967813],[56.28809,-94.80283],[56.272986,-94.6498],[56.236797,-94.506926],[56.081241,-94.424365]]}},{"type":"Feature","id":"520-Newwworld","properties":{"roadId":"520-Newwworld","width":101.2,"hidden":true},"geometry":{"type":"LineString","coordinates":[[52.969346,-93.102191],[53.620807,-93.130958],[54.198812,-93.306705],[54.35765,-93.545673],[54.924049,-93.499154],[55.11734,-93.527557]]}},{"type":"Feature","id":"523-Newwworld","properties":{"roadId":"523-Newwworld","width":101.2,"hidden":true},"geometry":{"type":"LineString","coordinates":[[67.874223,-87.027187],[68.315457,-87.231528],[68.509017,-87.226311],[68.744105,-87.048854],[69.62376,-86.862109],[70.602462,-87.14224]]}},{"type":"Feature","id":"524-Newwworld","properties":{"roadId":"524-Newwworld","width":101.2,"hidden":true},"geometry":{"type":"LineString","coordinates":[[74.041675,-84.488698],[74.336042,-84.694775],[74.549281,-85.213006],[74.505652,-85.66898],[74.740427,-86.178287],[74.280972,-86.794904],[74.248238,-87.222561],[74.068784,-87.350643],[73.863358,-87.576061],[73.55202,-88.137391],[73.502879,-88.656516],[73.572966,-89.118679],[73.434867,-89.489739],[73.022261,-90.034203]]}},{"type":"Feature","id":"525-Newwworld","properties":{"roadId":"525-Newwworld","width":101.2,"hidden":true},"geometry":{"type":"LineString","coordinates":[[73.022261,-90.034203],[72.899865,-90.489899]]}},{"type":"Feature","id":"526-Newwworld","properties":{"roadId":"526-Newwworld","width":101.2,"hidden":true},"geometry":{"type":"LineString","coordinates":[[72.899865,-90.489899],[73.094475,-90.987696],[73.501803,-90.93188],[74.146206,-91.210379],[74.295747,-91.602923],[74.327683,-92.163958],[74.561859,-92.635279]]}},{"type":"Feature","id":"527-Newwworld","properties":{"roadId":"527-Newwworld","width":101.2,"hidden":true},"geometry":{"type":"LineString","coordinates":[[71.937197,-90.220011],[73.022261,-90.034203]]}},{"type":"Feature","id":"528-Newwworld","properties":{"roadId":"528-Newwworld","width":101.2,"hidden":true},"geometry":{"type":"LineString","coordinates":[[72.899865,-90.489899],[71.937197,-90.220011]]}},{"type":"Feature","id":"529-Newwworld","properties":{"roadId":"529-Newwworld","width":80.0,"hidden":false},"geometry":{"type":"LineString","coordinates":[[92.406016,-116.429883],[92.406016,-116.429883]]}},{"type":"Feature","id":"530-Newwworld","properties":{"roadId":"530-Newwworld","width":80.0,"hidden":false},"geometry":{"type":"LineString","coordinates":[[90.130618,-78.282271],[89.931286,-78.804009]]}},{"type":"Feature","id":"531-Newwworld","properties":{"roadId":"531-Newwworld","width":87.9,"hidden":false},"geometry":{"type":"LineString","coordinates":[[95.741384,-90.064003],[95.610984,-90.255263],[95.596348,-90.571236],[95.592737,-90.649222]]}},{"type":"Feature","id":"532-Newwworld","properties":{"roadId":"532-Newwworld","width":87.9,"hidden":false},"geometry":{"type":"LineString","coordinates":[[96.180856,-90.254629],[96.152045,-90.299612],[95.886948,-90.596679],[95.592737,-90.649222]]}},{"type":"Feature","id":"532-Newwworld-INGAME","properties":{"roadId":"532-Newwworld-INGAME","width":97.4,"hidden":true},"geometry":{"type":"LineString","coordinates":[[157.047607,-157.013927],[157.955484,-157.284309],[158.576449,-157.301289],[158.895356,-157.291905],[159.370132,-157.277929],[159.865342,-157.251488],[160.285596,-157.129239],[161.033767,-156.756521],[161.660783,-156.485817],[161.879273,-156.280504],[161.994117,-155.897699],[162.185046,-155.617672],[162.736029,-155.189632],[163.207671,-154.97326],[164.355297,-154.685941],[165.306038,-154.405567],[165.682593,-154.228006],[166.111475,-153.7902],[167.152164,-153.666832],[167.523545,-153.802978],[167.68207,-153.813586],[167.911168,-153.705261],[168.121082,-153.514097],[168.331387,-153.110111],[168.515571,-152.66083],[168.791571,-152.039509],[168.962118,-151.896782],[169.365227,-151.691139],[169.723015,-151.663223],[170.707653,-151.777051],[171.405685,-151.803058],[172.520351,-151.817633]]}},{"type":"Feature","id":"533-Newwworld","properties":{"roadId":"533-Newwworld","width":87.9,"hidden":false},"geometry":{"type":"LineString","coordinates":[[95.741384,-90.064003],[95.849605,-90.159125],[96.180856,-90.254629]]}},{"type":"Feature","id":"534-Newwworld","properties":{"roadId":"534-Newwworld","width":80.0,"hidden":false},"geometry":{"type":"LineString","coordinates":[[82.766817,-94.074937],[82.989335,-94.231509],[83.300447,-94.64684],[83.795736,-95.157849],[84.254018,-95.800646],[84.507769,-96.07944],[84.720713,-96.538348],[85.584101,-96.761214],[86.192219,-97.793804]]}},{"type":"Feature","id":"535-Newwworld","properties":{"roadId":"535-Newwworld","width":87.9,"hidden":false},"geometry":{"type":"LineString","coordinates":[[86.192219,-97.793804],[87.506104,-96.959009],[90.92523,-95.556114],[91.235101,-95.234194],[91.544599,-94.578984]]}},{"type":"Feature","id":"536-Newwworld","properties":{"roadId":"536-Newwworld","width":87.9,"hidden":false},"geometry":{"type":"LineString","coordinates":[[83.494103,-99.986224],[83.552575,-100.067232]]}},{"type":"Feature","id":"537-Newwworld","properties":{"roadId":"537-Newwworld","width":80.0,"hidden":false},"geometry":{"type":"LineString","coordinates":[[83.402375,-100.120166],[83.468972,-100.085435],[83.420726,-100.057553],[83.450387,-100.028725],[83.494103,-99.986224]]}},{"type":"Feature","id":"539-Newwworld","properties":{"roadId":"539-Newwworld","width":87.9,"hidden":false},"geometry":{"type":"LineString","coordinates":[[82.882564,-111.3799],[82.602624,-112.069304]]}},{"type":"Feature","id":"540-Newwworld","properties":{"roadId":"540-Newwworld","width":91.7,"hidden":false},"geometry":{"type":"LineString","coordinates":[[92.406016,-116.429883],[92.20928,-116.351098],[91.908332,-116.211696],[91.516196,-115.871435],[91.260266,-115.391572],[90.921584,-115.288559],[90.641236,-114.906579]]}},{"type":"Feature","id":"541-Newwworld","properties":{"roadId":"541-Newwworld","width":91.7,"hidden":false},"geometry":{"type":"LineString","coordinates":[[90.641236,-114.906579],[90.346114,-114.504459],[90.3564,-114.00497],[90.48798,-113.776323],[90.429621,-113.540585],[90.592391,-113.269377],[90.545029,-113.057189],[90.162554,-112.885409],[89.771745,-112.809723],[89.507283,-112.825903],[89.305251,-112.755139],[88.933999,-112.435338]]}},{"type":"Feature","id":"542-Newwworld","properties":{"roadId":"542-Newwworld","width":80.0,"hidden":false},"geometry":{"type":"LineString","coordinates":[[89.708143,-116.886707],[89.279053,-117.080683]]}},{"type":"Feature","id":"543-Newwworld","properties":{"roadId":"543-Newwworld","width":91.7,"hidden":false},"geometry":{"type":"LineString","coordinates":[[90.641236,-114.906579],[90.370688,-115.473907],[89.998829,-115.911435],[89.708143,-116.886707]]}},{"type":"Feature","id":"544-Newwworld","properties":{"roadId":"544-Newwworld","width":87.9,"hidden":false},"geometry":{"type":"LineString","coordinates":[[96.536491,-91.637837],[97.257326,-91.747247]]}},{"type":"Feature","id":"546-Newwworld","properties":{"roadId":"546-Newwworld","width":87.9,"hidden":false},"geometry":{"type":"LineString","coordinates":[[96.536491,-91.637837],[96.739,-91.188669],[96.770597,-90.983555],[97.011596,-90.673372]]}},{"type":"Feature","id":"547-Newwworld","properties":{"roadId":"547-Newwworld","width":87.9,"hidden":false},"geometry":{"type":"LineString","coordinates":[[97.257326,-91.747247],[97.729802,-92.146198],[98.486115,-92.284714]]}},{"type":"Feature","id":"548-Newwworld","properties":{"roadId":"548-Newwworld","width":87.9,"hidden":false},"geometry":{"type":"LineString","coordinates":[[97.011596,-90.673372],[97.1348,-90.254846],[97.163715,-89.916729],[97.001813,-89.588837],[96.798045,-89.352951],[96.497792,-89.184591],[96.302158,-88.9586],[96.002261,-88.693365]]}},{"type":"Feature","id":"549-Newwworld","properties":{"roadId":"549-Newwworld","width":87.9,"hidden":false},"geometry":{"type":"LineString","coordinates":[[97.011596,-90.673372],[97.169843,-91.344884],[97.257326,-91.747247]]}},{"type":"Feature","id":"551-Newwworld","properties":{"roadId":"551-Newwworld","width":101.2,"hidden":true},"geometry":{"type":"LineString","coordinates":[[84.416745,-53.387499],[82.238656,-52.863243],[80.363944,-53.315832],[79.893083,-53.664791],[79.100468,-53.578793],[78.549199,-54.333535],[76.535815,-55.035412],[76.050414,-55.339893],[75.387669,-55.672081]]}},{"type":"Feature","id":"553-Newwworld","properties":{"roadId":"553-Newwworld","width":124.0,"hidden":true},"geometry":{"type":"LineString","coordinates":[[35.92625,-86.273036],[36.564881,-84.6902],[36.652989,-82.727069],[37.859764,-81.039771],[38.786677,-80.321331]]}},{"type":"Feature","id":"554-Newwworld","properties":{"roadId":"554-Newwworld","width":101.2,"hidden":true},"geometry":{"type":"LineString","coordinates":[[35.92625,-86.273036],[35.567569,-87.161954]]}},{"type":"Feature","id":"555-Newwworld","properties":{"roadId":"555-Newwworld","width":101.2,"hidden":true},"geometry":{"type":"LineString","coordinates":[[35.92625,-86.273036],[35.273818,-86.346508],[34.342044,-85.795152],[33.541954,-85.796593],[33.089869,-85.90254],[32.588652,-85.98247],[32.239693,-86.322749],[31.394117,-86.332749],[30.356266,-86.463965],[30.228141,-86.589651]]}},{"type":"Feature","id":"556-Newwworld","properties":{"roadId":"556-Newwworld","width":101.2,"hidden":true},"geometry":{"type":"LineString","coordinates":[[30.228141,-86.589651],[30.156613,-86.65979]]}},{"type":"Feature","id":"557-Newwworld","properties":{"roadId":"557-Newwworld","width":101.2,"hidden":true},"geometry":{"type":"LineString","coordinates":[[30.228141,-86.589651],[30.417898,-86.771249],[30.643854,-86.850086],[31.508614,-87.507337],[31.569551,-87.597771],[31.873112,-87.746851],[32.04707,-88.313503]]}},{"type":"Feature","id":"558-Newwworld","properties":{"roadId":"558-Newwworld","width":101.2,"hidden":true},"geometry":{"type":"LineString","coordinates":[[27.792195,-93.600665],[28.03829,-93.483668]]}},{"type":"Feature","id":"558-Newwworld-INGAME","properties":{"roadId":"558-Newwworld-INGAME","width":105.0,"hidden":true},"geometry":{"type":"LineString","coordinates":[[193.7186,-153.583299],[192.934152,-153.548611]]}},{"type":"Feature","id":"559-Newwworld","properties":{"roadId":"559-Newwworld","width":101.2,"hidden":true},"geometry":{"type":"LineString","coordinates":[[28.03829,-93.483668],[28.108689,-93.450204],[28.293586,-93.362296]]}},{"type":"Feature","id":"560-Newwworld","properties":{"roadId":"560-Newwworld","width":160.1,"hidden":true},"geometry":{"type":"LineString","coordinates":[[147.60998,-72.872209],[146.443335,-71.52921]]}},{"type":"Feature","id":"561-Newwworld","properties":{"roadId":"561-Newwworld","width":101.2,"hidden":true},"geometry":{"type":"LineString","coordinates":[[35.567569,-87.161954],[34.904025,-88.806325],[34.47286,-89.547665],[34.292738,-90.711219]]}},{"type":"Feature","id":"562-Newwworld","properties":{"roadId":"562-Newwworld","width":101.2,"hidden":true},"geometry":{"type":"LineString","coordinates":[[32.04707,-88.313503],[31.522676,-88.729936],[30.662604,-88.966343],[29.278485,-89.436111],[29.078831,-89.687092],[28.457649,-90.237797],[28.042283,-91.383313],[27.995841,-91.828384],[28.073967,-92.554454],[28.294714,-92.946678],[28.293586,-93.362296]]}},{"type":"Feature","id":"563-Newwworld","properties":{"roadId":"563-Newwworld","width":101.2,"hidden":true},"geometry":{"type":"LineString","coordinates":[[35.567569,-87.161954],[34.245863,-87.384376],[33.733621,-87.567198],[32.842733,-87.644394],[32.589433,-87.813926],[32.515735,-88.156749],[32.04707,-88.313503]]}},{"type":"Feature","id":"564-Newwworld","properties":{"roadId":"564-Newwworld","width":101.2,"hidden":true},"geometry":{"type":"LineString","coordinates":[[34.292738,-90.711219],[33.865306,-90.820586],[33.618604,-91.34156],[32.801327,-91.514816],[31.047588,-92.219757],[30.498194,-92.82995],[30.029008,-92.684281],[29.170845,-92.732554],[28.755479,-93.14272],[28.293586,-93.362296]]}},{"type":"Feature","id":"565-Newwworld","properties":{"roadId":"565-Newwworld","width":101.2,"hidden":true},"geometry":{"type":"LineString","coordinates":[[34.292738,-90.711219],[34.658885,-91.002522],[35.003244,-91.009111],[35.224685,-90.895543],[35.548558,-91.201698],[35.631371,-91.665823],[35.832847,-91.764704],[35.642829,-91.918845],[35.623992,-91.651561]]}},{"type":"Feature","id":"566-Newwworld","properties":{"roadId":"566-Newwworld","width":101.2,"hidden":true},"geometry":{"type":"LineString","coordinates":[[27.994019,-93.026713],[27.784816,-93.172365],[27.841153,-93.241479],[28.03829,-93.483668]]}},{"type":"Feature","id":"567-Newwworld","properties":{"roadId":"567-Newwworld","width":143.0,"hidden":true},"geometry":{"type":"LineString","coordinates":[[137.971249,-86.917274],[136.761002,-86.376222],[136.077566,-86.521622],[135.298111,-86.128808],[134.371003,-85.958061],[134.02296,-85.82122],[133.34139,-85.846255],[132.664852,-85.239872],[131.844836,-84.233046],[130.635625,-83.466976],[129.538795,-82.467866],[128.967554,-82.393864],[128.827263,-82.432302]]}},{"type":"Feature","id":"568-Newwworld","properties":{"roadId":"568-Newwworld","width":200.0,"hidden":true},"geometry":{"type":"LineString","coordinates":[[147.60998,-72.872209],[146.864326,-73.756613],[145.314738,-74.148073],[145.245449,-74.693378],[145.743315,-75.4649],[146.057292,-75.894988],[145.969427,-76.307403],[145.380432,-76.502777],[144.851585,-76.936737]]}},{"type":"Feature","id":"569-Newwworld","properties":{"roadId":"569-Newwworld","width":148.7,"hidden":true},"geometry":{"type":"LineString","coordinates":[[145.043105,-79.178541],[144.315533,-79.379757],[143.89659,-79.744333],[143.701199,-80.604562],[143.336024,-81.576336],[142.68202,-81.709452],[142.046089,-82.002223],[140.815729,-84.59125],[139.375481,-85.331617],[137.971249,-86.917274]]}},{"type":"Feature","id":"570-Newwworld","properties":{"roadId":"570-Newwworld","width":143.0,"hidden":true},"geometry":{"type":"LineString","coordinates":[[147.778583,-96.382132],[146.920967,-96.139753],[145.203626,-94.39065],[144.043995,-93.564935],[143.801694,-93.366558]]}},{"type":"Feature","id":"571-Newwworld","properties":{"roadId":"571-Newwworld","width":200.0,"hidden":true},"geometry":{"type":"LineString","coordinates":[[145.043105,-79.178541],[145.736675,-81.038443],[146.006841,-82.169827],[146.475887,-82.157319],[146.430384,-82.936297],[146.052926,-83.285855],[146.675567,-83.920406],[147.125577,-84.255164],[147.079587,-85.057354],[147.418625,-85.448137],[148.052516,-85.953564],[148.285025,-86.229884],[148.189522,-86.724114],[148.294209,-87.180244],[148.000901,-87.540245],[149.003387,-89.51506],[149.686801,-90.536574],[148.801841,-91.719452],[148.504566,-94.159477],[147.778583,-96.382132]]}},{"type":"Feature","id":"572-Newwworld","properties":{"roadId":"572-Newwworld","width":200.0,"hidden":true},"geometry":{"type":"LineString","coordinates":[[144.851585,-76.936737],[144.583572,-77.594152],[144.876411,-77.766201]]}},{"type":"Feature","id":"573-Newwworld","properties":{"roadId":"573-Newwworld","width":200.0,"hidden":true},"geometry":{"type":"LineString","coordinates":[[144.876411,-77.766201],[145.007054,-78.311082],[145.043105,-79.178541]]}},{"type":"Feature","id":"574-Newwworld","properties":{"roadId":"574-Newwworld","width":200.0,"hidden":true},"geometry":{"type":"LineString","coordinates":[[144.851585,-76.936737],[144.570325,-77.151694],[144.411965,-77.56726],[144.517495,-77.717599],[144.876411,-77.766201]]}},{"type":"Feature","id":"576-Newwworld","properties":{"roadId":"576-Newwworld","width":80.0,"hidden":false},"geometry":{"type":"LineString","coordinates":[[96.783106,-68.686735],[96.392167,-68.365579],[96.366507,-68.09978],[96.203607,-67.730395],[96.321959,-67.086616],[96.017027,-66.747327],[95.958094,-66.286822],[95.567242,-65.868453],[95.229333,-65.906734],[94.706484,-65.729268],[94.398931,-65.192938],[94.471249,-64.638917],[94.284096,-64.29093],[94.070041,-64.216173],[93.983331,-64.086632]]}},{"type":"Feature","id":"581-Newwworld","properties":{"roadId":"581-Newwworld","width":101.2,"hidden":true},"geometry":{"type":"LineString","coordinates":[[83.446351,-74.466103],[83.435378,-74.086779],[83.405265,-73.690901],[83.534919,-73.458661],[83.453729,-73.417653],[83.198615,-73.69887],[83.014587,-73.857742],[82.90588,-73.755415],[82.96226,-73.29386],[82.298352,-73.668401],[81.929549,-73.970971],[81.300736,-73.898037],[80.921507,-74.082604],[80.639761,-74.268507],[79.605799,-74.748656],[79.359245,-74.643152],[79.18118,-74.743865],[78.914018,-74.718274],[78.16892,-74.027968],[77.345271,-74.176189],[76.068001,-73.814018],[73.530449,-74.392145]]}},{"type":"Feature","id":"582-Newwworld","properties":{"roadId":"582-Newwworld","width":200.0,"hidden":false},"geometry":{"type":"LineString","coordinates":[[97.539793,-70.826855],[97.502041,-71.06821],[97.972824,-72.037744],[98.107676,-72.224637],[98.13015,-72.836054],[98.202095,-73.182679],[98.097711,-73.904843],[98.218554,-74.21105],[98.438528,-74.401468],[98.710795,-74.348759],[98.931429,-74.57323],[99.042792,-74.827033],[99.377932,-74.918613],[99.678376,-74.885957],[99.920408,-75.085194],[100.151893,-74.601277],[100.1033,-74.456277],[99.90507,-74.167595],[100.117241,-74.270061],[100.424308,-74.658387],[100.404212,-74.988084],[100.316035,-75.298962],[100.481834,-75.490239],[100.601773,-75.830327],[100.517442,-76.081977],[100.599681,-76.47966],[100.51923,-76.863464],[100.547216,-77.266104],[100.800706,-77.434334],[100.957521,-77.582355],[100.942729,-77.826896],[101.178373,-78.245925],[101.443391,-78.30938],[101.63215,-78.34708],[101.508816,-78.791283],[101.611395,-79.206449],[101.341255,-79.452804],[101.253555,-79.603074],[101.302496,-80.016513],[101.330153,-80.40891],[101.205005,-80.816897],[101.240586,-81.525867],[101.470214,-81.885087],[101.549971,-82.156963],[101.439146,-82.61232],[101.484485,-82.924621],[101.929721,-83.274874],[102.259088,-83.739911],[102.461137,-84.417995],[102.637154,-84.625877]]}},{"type":"Feature","id":"583-Newwworld","properties":{"roadId":"583-Newwworld","width":200.0,"hidden":false},"geometry":{"type":"LineString","coordinates":[[97.539793,-70.826855],[97.81001,-71.069078],[98.057086,-71.483472],[98.497157,-71.816902]]}},{"type":"Feature","id":"584-Newwworld","properties":{"roadId":"584-Newwworld","width":200.0,"hidden":false},"geometry":{"type":"LineString","coordinates":[[98.497157,-71.816902],[98.854389,-72.208222],[98.997376,-72.471721],[98.875709,-73.069067],[99.159486,-73.374407],[99.35157,-73.872855],[99.631614,-73.80038],[99.879184,-73.673982],[100.077041,-73.686274],[100.520532,-73.783045]]}},{"type":"Feature","id":"585-Newwworld","properties":{"roadId":"585-Newwworld","width":200.0,"hidden":false},"geometry":{"type":"LineString","coordinates":[[100.520532,-73.783045],[100.386799,-73.534572],[100.066476,-73.2128],[99.920651,-72.901289],[99.824236,-72.515515],[99.902847,-72.374074],[99.512629,-71.942154],[99.422334,-71.610069],[99.190458,-71.40578],[98.725725,-71.254695],[98.547999,-70.895128],[98.140177,-70.469527],[98.007051,-70.570656],[98.189187,-70.970024],[98.462061,-71.537039],[98.497157,-71.816902]]}},{"type":"Feature","id":"586-Newwworld","properties":{"roadId":"586-Newwworld","width":86.0,"hidden":false},"geometry":{"type":"LineString","coordinates":[[90.157597,-87.231598],[90.198657,-87.131519],[90.391114,-86.498601],[90.77095,-86.241699],[90.953694,-86.035057],[90.904926,-85.77602],[90.953659,-85.625829],[91.096741,-85.489474],[91.291942,-85.544517],[91.554842,-85.707895],[91.941518,-85.681419],[92.102265,-85.857045],[92.330955,-85.849979],[92.630783,-85.748598],[92.609073,-85.498589],[92.937798,-85.589613],[93.040637,-85.559188],[92.725818,-85.317893],[92.52797,-85.320836],[92.234115,-85.413198],[92.053281,-85.373267],[92.107439,-85.26305],[92.669273,-85.058483],[92.85462,-85.070097],[93.097677,-85.281018],[93.312599,-85.336019],[93.379518,-85.247164]]}},{"type":"Feature","id":"587-Newwworld","properties":{"roadId":"587-Newwworld","width":156.3,"hidden":false},"geometry":{"type":"LineString","coordinates":[[100.520532,-73.783045],[100.789309,-73.985615],[100.947052,-74.295729]]}},{"type":"Feature","id":"588-Newwworld","properties":{"roadId":"588-Newwworld","width":101.2,"hidden":true},"geometry":{"type":"LineString","coordinates":[[67.874223,-87.027187],[67.328076,-87.081033],[66.955479,-86.872812],[66.601502,-86.470276],[66.410711,-85.881229],[66.17249,-85.735152],[65.557835,-85.98241]]}},{"type":"Feature","id":"589-Newwworld","properties":{"roadId":"589-Newwworld","width":87.9,"hidden":false},"geometry":{"type":"LineString","coordinates":[[88.103441,-85.515637],[88.059535,-86.018833],[87.927286,-86.448583],[87.609169,-86.96783],[87.223725,-87.344706],[87.185009,-87.418734]]}},{"type":"Feature","id":"589-Newwworld-INGAME","properties":{"roadId":"589-Newwworld-INGAME","width":87.9,"hidden":false},"geometry":{"type":"LineString","coordinates":[[95.953615,-80.321826],[95.92885,-80.834719],[96.184927,-81.451908]]}},{"type":"Feature","id":"590-Newwworld","properties":{"roadId":"590-Newwworld","width":87.9,"hidden":false},"geometry":{"type":"LineString","coordinates":[[90.157597,-87.231598],[89.772344,-86.592134],[89.732674,-86.116256],[89.397977,-85.765056],[89.195658,-85.560281],[88.957793,-85.452104],[88.791612,-85.486496],[88.103441,-85.515637]]}},{"type":"Feature","id":"591-Newwworld","properties":{"roadId":"591-Newwworld","width":87.9,"hidden":false},"geometry":{"type":"LineString","coordinates":[[93.379518,-85.247164],[93.25516,-85.069585],[93.084014,-85.034238],[92.93476,-84.836321],[92.724724,-84.780531],[92.371285,-84.812215],[92.066979,-84.737744],[91.779513,-84.570018],[91.714139,-84.333498],[91.724087,-84.091587],[91.643071,-83.96722],[91.323079,-83.90367],[91.089588,-83.965172],[90.962505,-84.114183],[90.762695,-84.093349],[90.488406,-83.867663],[90.483814,-83.653712],[90.164585,-83.621672],[89.982571,-83.477306],[89.789766,-83.45767],[89.694132,-83.335934],[89.879497,-83.128841],[89.956399,-82.958623],[89.880904,-82.766583],[89.891859,-82.599134],[89.920713,-82.307857],[90.062944,-82.111155],[90.283935,-81.914931],[90.476947,-81.980538],[90.627313,-81.962656],[90.714483,-82.049263],[90.816167,-82.029983],[91.048121,-82.066077],[91.272558,-82.035599],[91.509381,-81.891727],[91.765563,-81.619947],[92.011588,-81.338609],[92.171988,-81.074181],[92.482935,-80.888712]]}},{"type":"Feature","id":"592-Newwworld","properties":{"roadId":"592-Newwworld","width":87.9,"hidden":false},"geometry":{"type":"LineString","coordinates":[[93.379518,-85.247164],[93.610213,-85.268015],[93.919572,-85.095019],[94.208696,-85.031677],[94.253427,-84.606467],[94.703073,-84.310069],[94.686858,-83.845085],[94.497855,-83.32997],[94.699896,-83.060091],[94.779696,-83.262652],[94.992154,-82.95555],[94.971815,-82.613449],[95.0283,-82.412944],[95.196338,-82.531452],[95.263813,-83.028728],[95.308032,-83.465569],[95.627685,-83.767862]]}},{"type":"Feature","id":"593-Newwworld","properties":{"roadId":"593-Newwworld","width":87.9,"hidden":false},"geometry":{"type":"LineString","coordinates":[[95.627685,-83.767862],[95.747425,-84.20545],[96.317818,-84.720166],[96.493209,-85.087632],[96.814599,-85.260602]]}},{"type":"Feature","id":"594-Newwworld","properties":{"roadId":"594-Newwworld","width":87.9,"hidden":false},"geometry":{"type":"LineString","coordinates":[[91.803836,-74.691286],[91.576942,-74.656095]]}},{"type":"Feature","id":"596-Newwworld","properties":{"roadId":"596-Newwworld","width":87.9,"hidden":false},"geometry":{"type":"LineString","coordinates":[[91.576942,-74.656095],[91.355188,-74.351598],[91.1678,-74.338125],[91.017053,-74.195165],[90.835777,-74.106076],[90.696419,-74.210894],[90.547434,-74.263255],[90.363709,-74.211033],[90.316834,-74.052291],[90.234073,-73.943862],[90.040097,-73.923896],[90.046885,-73.788367],[89.94422,-73.691309],[89.79389,-73.694338],[89.748438,-73.847629],[89.630478,-73.9046],[89.546996,-74.047265],[89.427187,-74.290417],[89.428142,-74.464463],[89.535816,-74.489575],[89.58776,-74.607553],[89.581111,-75.015324],[89.631658,-75.200238],[89.707943,-75.251088],[89.777527,-75.14489],[89.820634,-74.649906],[89.926242,-74.509879]]}},{"type":"Feature","id":"597-Newwworld","properties":{"roadId":"597-Newwworld","width":87.9,"hidden":false},"geometry":{"type":"LineString","coordinates":[[94.363566,-78.143156],[94.283488,-77.956358],[94.105076,-77.952695],[93.923964,-77.893146],[93.902384,-77.695107],[93.798947,-77.546869],[93.532913,-77.242944],[93.406176,-77.010765],[93.430543,-76.844696],[93.50714,-76.608836],[93.500378,-76.363419],[93.439865,-76.219173],[93.211054,-76.050067],[93.036401,-75.844979],[92.749446,-75.819458],[92.568604,-75.758087],[92.468569,-75.497339],[92.336129,-75.275689]]}},{"type":"Feature","id":"598-Newwworld","properties":{"roadId":"598-Newwworld","width":87.9,"hidden":false},"geometry":{"type":"LineString","coordinates":[[91.576942,-74.656095],[91.609191,-74.9516],[91.76407,-75.140342],[91.699998,-75.371315],[91.951128,-75.667253]]}},{"type":"Feature","id":"599-Newwworld","properties":{"roadId":"599-Newwworld","width":87.9,"hidden":false},"geometry":{"type":"LineString","coordinates":[[89.926242,-74.509879],[90.0733,-74.53494],[90.300393,-74.607336],[90.708103,-74.818431],[90.890994,-75.026687],[90.894996,-75.217382]]}},{"type":"Feature","id":"600-Newwworld","properties":{"roadId":"600-Newwworld","width":80.0,"hidden":false},"geometry":{"type":"LineString","coordinates":[[87.176502,-79.499445],[87.420913,-79.382978],[87.763692,-79.281623]]}},{"type":"Feature","id":"601-Newwworld","properties":{"roadId":"601-Newwworld","width":87.9,"hidden":false},"geometry":{"type":"LineString","coordinates":[[89.926242,-74.509879],[89.985921,-74.813969],[89.953447,-75.12923],[89.78487,-75.477339],[89.655851,-75.657175],[89.809688,-75.980093],[89.781251,-76.101352],[89.657821,-76.230519],[89.762388,-76.804601],[89.592196,-77.225982],[89.649141,-77.41436],[89.77566,-77.711843],[89.709037,-77.937851],[89.535564,-77.991593],[89.40368,-78.013068],[88.997055,-78.308373],[88.70741,-78.363703],[88.21799,-78.645892]]}},{"type":"Feature","id":"602-Newwworld","properties":{"roadId":"602-Newwworld","width":87.9,"hidden":false},"geometry":{"type":"LineString","coordinates":[[87.190252,-79.052716],[87.176502,-79.499445]]}},{"type":"Feature","id":"603-Newwworld","properties":{"roadId":"603-Newwworld","width":80.0,"hidden":false},"geometry":{"type":"LineString","coordinates":[[87.763692,-79.281623],[87.999908,-79.21177],[88.498503,-79.309982],[88.998887,-79.250981],[89.373142,-79.060476],[89.606701,-78.974113],[89.715799,-78.822012],[89.931286,-78.804009]]}},{"type":"Feature","id":"604-Newwworld","properties":{"roadId":"604-Newwworld","width":87.9,"hidden":false},"geometry":{"type":"LineString","coordinates":[[87.190252,-79.052716],[87.763692,-79.281623]]}},{"type":"Feature","id":"605-Newwworld","properties":{"roadId":"605-Newwworld","width":87.9,"hidden":false},"geometry":{"type":"LineString","coordinates":[[96.814599,-85.260602],[96.93874,-85.786116],[97.088229,-86.057549],[96.889009,-86.548939],[96.982673,-86.880833],[97.093272,-87.126719],[96.945129,-87.210339],[96.940902,-87.372579],[97.071206,-87.524151],[96.971015,-87.558422],[96.619355,-87.533483],[96.279129,-87.643483],[96.600067,-87.845454],[96.641491,-88.005368],[96.764477,-88.13996],[96.747932,-88.244995],[96.6463,-88.180525],[96.473504,-88.094448],[96.032027,-87.947885],[95.960282,-87.907399],[95.870299,-87.95825],[95.931645,-88.102807],[95.98174,-88.211705],[96.028025,-88.36273],[96.034206,-88.563095],[96.002261,-88.693365]]}},{"type":"Feature","id":"606-Newwworld","properties":{"roadId":"606-Newwworld","width":101.2,"hidden":true},"geometry":{"type":"LineString","coordinates":[[43.309808,-123.595647],[43.007568,-123.794976],[42.695718,-123.831638],[41.695124,-124.422878],[41.217588,-124.786454],[41.16073,-124.996259],[40.936597,-125.12864],[40.666891,-125.467846],[40.545016,-125.953701],[40.938333,-126.84685],[41.940967,-128.493629],[41.839977,-129.168136],[41.422649,-129.72943],[40.899705,-130.391341]]}},{"type":"Feature","id":"607-Newwworld","properties":{"roadId":"607-Newwworld","width":87.9,"hidden":false},"geometry":{"type":"LineString","coordinates":[[97.427301,-86.69335],[97.413837,-86.919774],[97.691998,-87.203065],[97.499827,-87.542371],[97.584202,-88.214561],[97.673604,-88.564875],[98.11331,-88.605734],[98.495516,-88.247678],[98.505343,-87.987625],[98.326644,-87.715931],[98.433077,-87.434125],[98.610213,-87.068559],[98.59773,-86.663723],[98.424335,-86.58716],[98.053249,-86.735251],[97.851721,-86.502238],[97.896269,-86.172323],[97.651338,-86.307168],[97.514115,-86.573149],[97.427301,-86.69335]]}},{"type":"Feature","id":"608-Newwworld","properties":{"roadId":"608-Newwworld","width":87.9,"hidden":false},"geometry":{"type":"LineString","coordinates":[[97.427301,-86.69335],[97.310269,-86.522533],[97.356858,-86.32393],[97.540409,-85.978981],[97.714828,-85.868928],[97.689906,-85.637079],[97.818986,-85.447573],[98.118327,-85.556566],[98.244213,-85.524856],[98.258745,-85.426548],[98.081452,-85.312781],[97.82909,-85.093761]]}},{"type":"Feature","id":"609-Newwworld","properties":{"roadId":"609-Newwworld","width":101.2,"hidden":true},"geometry":{"type":"LineString","coordinates":[[47.234058,-167.488728],[46.356407,-168.565007],[46.085686,-168.638827],[45.523279,-169.354107],[45.091733,-169.576018],[44.864119,-169.678657],[44.652374,-169.839222],[44.430151,-169.999917],[44.288744,-170.258702],[44.217094,-170.593556],[44.095002,-170.943557]]}},{"type":"Feature","id":"610-Newwworld","properties":{"roadId":"610-Newwworld","width":80.0,"hidden":false},"geometry":{"type":"LineString","coordinates":[[104.47354,-83.561768],[105.045087,-84.54217]]}},{"type":"Feature","id":"611-Newwworld","properties":{"roadId":"611-Newwworld","width":112.6,"hidden":true},"geometry":{"type":"LineString","coordinates":[[57.878208,-167.702626],[56.704845,-167.283484],[55.978567,-166.958587],[55.520136,-166.579263],[55.282991,-166.081579],[55.085603,-165.337028],[54.995178,-164.995924],[54.596392,-164.413709],[53.960843,-164.150183],[53.100414,-163.802326],[52.796012,-163.411214],[52.602349,-163.297715],[52.233788,-162.847497],[51.771755,-162.268918],[51.753752,-161.698326]]}},{"type":"Feature","id":"612-Newwworld","properties":{"roadId":"612-Newwworld","width":101.2,"hidden":true},"geometry":{"type":"LineString","coordinates":[[47.234058,-167.488728],[47.510899,-167.580221],[48.139069,-167.531861],[48.56342,-167.606098]]}},{"type":"Feature","id":"613-Newwworld","properties":{"roadId":"613-Newwworld","width":80.0,"hidden":false},"geometry":{"type":"LineString","coordinates":[[101.327844,-72.355914],[101.398573,-72.196755],[101.740822,-72.164897],[101.949391,-72.363084],[102.186293,-72.692382],[102.090225,-73.195882],[102.260147,-73.295535],[102.508394,-73.299589],[102.708317,-73.354815],[103.053431,-73.516916],[103.534839,-73.730667],[103.747626,-73.659824],[103.998625,-73.527827],[104.686266,-73.273747],[104.76111,-73.06767],[105.292128,-72.567069],[105.283126,-72.303926],[105.616452,-71.698195],[105.877295,-71.496701],[106.189865,-71.080319]]}},{"type":"Feature","id":"614-Newwworld","properties":{"roadId":"614-Newwworld","width":80.0,"hidden":false},"geometry":{"type":"LineString","coordinates":[[101.327844,-72.355914],[101.208763,-71.995843],[101.297245,-71.829297],[101.143008,-71.741519],[100.784934,-71.886763],[100.693336,-71.788811],[100.770767,-71.47572],[100.715749,-71.106873],[100.922156,-71.020423],[101.25675,-71.16229],[101.69176,-70.87853],[101.774373,-70.235559]]}},{"type":"Feature","id":"615-Newwworld","properties":{"roadId":"615-Newwworld","width":101.2,"hidden":true},"geometry":{"type":"LineString","coordinates":[[47.832645,-166.467908],[47.65616,-166.577127],[47.343251,-166.879394],[47.234058,-167.488728]]}},{"type":"Feature","id":"616-Newwworld","properties":{"roadId":"616-Newwworld","width":101.2,"hidden":true},"geometry":{"type":"LineString","coordinates":[[48.56342,-167.606098],[48.903647,-167.952488],[49.20995,-168.027974],[49.550107,-168.509226],[49.845759,-168.614478],[50.29702,-169.273395],[50.532828,-169.466773],[51.368447,-169.456859],[52.084465,-169.342614],[52.486793,-168.619573],[53.125553,-168.376465],[53.547508,-168.500111],[54.036034,-168.742048],[54.832382,-168.333644],[56.498646,-168.084502],[57.878208,-167.702626]]}},{"type":"Feature","id":"617-Newwworld","properties":{"roadId":"617-Newwworld","width":101.2,"hidden":true},"geometry":{"type":"LineString","coordinates":[[47.832645,-166.467908],[48.244243,-166.982979],[48.387517,-167.416479],[48.56342,-167.606098]]}},{"type":"Feature","id":"618-Newwworld","properties":{"roadId":"618-Newwworld","width":80.0,"hidden":false},"geometry":{"type":"LineString","coordinates":[[113.684101,-145.111065],[113.483423,-144.725821],[113.055027,-144.069499],[112.999229,-143.709177]]}},{"type":"Feature","id":"619-Newwworld","properties":{"roadId":"619-Newwworld","width":80.0,"hidden":false},"geometry":{"type":"LineString","coordinates":[[105.70699,-138.103159],[105.505627,-137.903627],[105.197727,-137.721839],[104.860243,-137.85354],[104.686249,-137.765537],[104.539339,-137.531022],[104.641457,-137.026324],[104.51321,-136.9174],[104.541769,-136.511854],[104.796058,-135.996507],[104.972274,-135.440624]]}},{"type":"Feature","id":"620-Newwworld","properties":{"roadId":"620-Newwworld","width":80.0,"hidden":false},"geometry":{"type":"LineString","coordinates":[[101.76972,-136.943806],[102.320251,-136.760577],[103.134091,-136.308538],[103.807375,-136.001471],[104.297776,-135.753449],[104.673584,-135.660482],[104.972274,-135.440624]]}},{"type":"Feature","id":"621-Newwworld","properties":{"roadId":"621-Newwworld","width":80.0,"hidden":false},"geometry":{"type":"LineString","coordinates":[[105.70699,-138.103159],[105.508439,-138.389141],[105.383925,-138.674784]]}},{"type":"Feature","id":"622-Newwworld","properties":{"roadId":"622-Newwworld","width":87.9,"hidden":false},"geometry":{"type":"LineString","coordinates":[[92.414011,-119.711192],[92.60376,-119.746423],[93.820917,-119.684303],[94.342881,-119.81637],[94.797387,-119.829081],[95.298891,-119.645631]]}},{"type":"Feature","id":"623-Newwworld","properties":{"roadId":"623-Newwworld","width":80.0,"hidden":false},"geometry":{"type":"LineString","coordinates":[[92.406016,-116.429883],[92.282275,-116.480299],[92.160095,-116.511237],[92.087986,-116.578138],[91.459746,-116.726038],[91.048286,-116.737427],[90.424786,-116.731064],[90.222546,-116.905778],[90.1435,-116.974069]]}},{"type":"Feature","id":"624-Newwworld","properties":{"roadId":"624-Newwworld","width":87.9,"hidden":false},"geometry":{"type":"LineString","coordinates":[[92.414011,-119.711192],[92.57205,-119.384326],[92.566685,-119.284198],[92.696764,-119.159458],[92.673691,-118.98549],[92.566069,-118.811531],[92.552605,-118.540723],[92.27987,-118.208864],[92.083993,-118.021268]]}},{"type":"Feature","id":"625-Newwworld","properties":{"roadId":"625-Newwworld","width":87.9,"hidden":false},"geometry":{"type":"LineString","coordinates":[[92.083993,-118.021268],[92.317501,-117.474652],[92.310947,-117.176882]]}},{"type":"Feature","id":"626-Newwworld","properties":{"roadId":"626-Newwworld","width":80.0,"hidden":false},"geometry":{"type":"LineString","coordinates":[[90.519213,-118.249507],[90.451904,-118.414855],[90.299499,-118.480523],[90.144333,-118.478457],[89.49506,-118.771714],[89.365589,-118.999075],[89.306926,-119.342893],[89.076943,-119.56874],[88.829659,-119.749538],[88.75774,-119.853652],[88.651933,-119.983933],[88.520092,-120.143393],[88.520882,-120.288268],[88.452071,-120.379927]]}},{"type":"Feature","id":"627-Newwworld","properties":{"roadId":"627-Newwworld","width":87.9,"hidden":false},"geometry":{"type":"LineString","coordinates":[[92.083993,-118.021268],[91.688931,-118.036477],[91.165734,-118.286677],[90.519213,-118.249507]]}},{"type":"Feature","id":"628-Newwworld","properties":{"roadId":"628-Newwworld","width":80.0,"hidden":true},"geometry":{"type":"LineString","coordinates":[[87.824334,-129.010214],[87.91364,-129.205103],[88.003302,-129.301554],[88.329032,-129.586691]]}},{"type":"Feature","id":"629-Newwworld","properties":{"roadId":"629-Newwworld","width":80.0,"hidden":false},"geometry":{"type":"LineString","coordinates":[[88.820284,-132.169247],[88.712115,-131.607965],[88.682636,-131.390888],[88.56471,-131.238529],[87.940515,-131.303324],[87.52363,-130.969645],[87.224636,-130.7332],[87.190374,-130.524956],[87.359741,-130.520999],[87.476842,-130.433092],[87.492276,-130.318701],[87.452823,-129.9796],[87.427206,-129.722893],[87.444567,-129.492533]]}},{"type":"Feature","id":"630-Newwworld","properties":{"roadId":"630-Newwworld","width":80.0,"hidden":false},"geometry":{"type":"LineString","coordinates":[[87.444567,-129.492533],[87.688205,-129.129246],[87.824334,-129.010214]]}},{"type":"Feature","id":"630-Newwworld-INGAME","properties":{"roadId":"630-Newwworld-INGAME","width":80.0,"hidden":false},"geometry":{"type":"LineString","coordinates":[[96.095196,-40.990243],[97.13072,-42.54879]]}},{"type":"Feature","id":"631-Newwworld","properties":{"roadId":"631-Newwworld","width":80.0,"hidden":true},"geometry":{"type":"LineString","coordinates":[[88.329032,-129.586691],[88.773087,-129.629598],[89.238844,-129.868255],[89.823022,-129.968909],[90.287867,-130.230462],[90.666002,-130.727743],[90.805074,-130.834194],[90.933963,-130.981459],[91.15175,-131.222139],[91.235457,-131.369561],[91.281681,-131.599026],[91.336673,-131.810116],[91.405284,-131.952285],[91.559277,-132.001736],[91.666839,-132.197526]]}},{"type":"Feature","id":"632-Newwworld","properties":{"roadId":"632-Newwworld","width":80.0,"hidden":false},"geometry":{"type":"LineString","coordinates":[[87.444567,-129.492533],[87.736521,-129.460364],[88.329032,-129.586691]]}},{"type":"Feature","id":"633-Newwworld","properties":{"roadId":"633-Newwworld","width":80.0,"hidden":false},"geometry":{"type":"LineString","coordinates":[[99.179434,-124.095239],[99.163357,-124.158524],[99.249911,-124.590922],[99.146916,-124.785385],[99.26038,-125.168488],[99.235606,-125.519023],[99.008834,-125.932861],[98.734649,-126.025355]]}},{"type":"Feature","id":"634-Newwworld","properties":{"roadId":"634-Newwworld","width":80.0,"hidden":false},"geometry":{"type":"LineString","coordinates":[[98.734649,-126.025355],[98.583199,-125.911544],[98.452495,-125.770979],[98.134916,-125.649075],[97.759125,-125.447628],[97.527475,-125.109186]]}},{"type":"Feature","id":"636-Newwworld","properties":{"roadId":"636-Newwworld","width":61.3,"hidden":false},"geometry":{"type":"LineString","coordinates":[[91.178,-136.476634],[91.335067,-136.395486],[91.452003,-136.219977],[91.524972,-136.066395],[91.650215,-135.987337],[91.764131,-135.954866],[91.751917,-135.902358],[91.65242,-135.828817],[91.620172,-135.766299],[91.646274,-135.700647],[91.76657,-135.647832],[91.962916,-135.673018],[92.054687,-135.517005],[92.032048,-135.45389],[92.062161,-135.378081],[91.972057,-135.205798],[92.079427,-135.024871],[92.105564,-134.766305],[92.201641,-134.509948],[92.232761,-134.285507],[92.247613,-134.017161],[92.443204,-133.907353],[92.622128,-134.00155],[92.885419,-134.035289],[93.00969,-133.98684],[93.404457,-133.860362],[93.665292,-133.675961],[93.842731,-133.626072],[94.249703,-133.088752],[94.713767,-132.693699],[94.888872,-132.613025],[95.022076,-132.630098],[95.246599,-132.735644],[95.379091,-132.748619],[95.499143,-132.785133],[95.627034,-132.724221],[95.623093,-132.487521],[95.766688,-132.319871],[95.924943,-132.18209],[96.060265,-132.037447],[96.272644,-131.987642],[96.519216,-132.039478],[96.815849,-132.101578],[97.082525,-132.237835],[97.281224,-132.544103],[97.674576,-132.730542],[98.409561,-132.679981]]}},{"type":"Feature","id":"637-Newwworld","properties":{"roadId":"637-Newwworld","width":80.0,"hidden":false},"geometry":{"type":"LineString","coordinates":[[98.965006,-132.321297],[98.947801,-132.00618],[99.1311,-131.142254],[99.074876,-130.702042]]}},{"type":"Feature","id":"638-Newwworld","properties":{"roadId":"638-Newwworld","width":80.0,"hidden":false},"geometry":{"type":"LineString","coordinates":[[98.409561,-132.679981],[98.965006,-132.321297]]}},{"type":"Feature","id":"639-Newwworld","properties":{"roadId":"639-Newwworld","width":80.0,"hidden":false},"geometry":{"type":"LineString","coordinates":[[98.99919,-132.947118],[98.965006,-132.321297]]}},{"type":"Feature","id":"639-Newwworld-INGAME","properties":{"roadId":"639-Newwworld-INGAME","width":101.2,"hidden":true},"geometry":{"type":"LineString","coordinates":[[181.307316,-154.418336],[181.322646,-155.169476],[181.243045,-155.330049],[181.298505,-155.467281],[181.093999,-156.598534],[181.082906,-156.757624],[180.985596,-156.936878],[180.566489,-158.181083],[180.687236,-159.618302],[179.966496,-161.412908],[180.207321,-162.346783],[181.209581,-163.245189],[181.28663,-163.387203],[181.572647,-163.437256],[181.952709,-163.680954],[182.069194,-164.123586],[182.08994,-164.334273],[181.952848,-164.670185],[181.616189,-165.081402],[181.474452,-166.54099],[181.530268,-166.985966],[181.682083,-167.189274],[181.875886,-167.829241],[181.844983,-168.468731],[181.902266,-168.915798],[181.850217,-169.476599],[181.470815,-170.089648],[180.560525,-171.344869],[180.70122,-172.620308],[180.048753,-173.289598],[179.724759,-173.464286],[179.255252,-173.566083]]}},{"type":"Feature","id":"640-Newwworld","properties":{"roadId":"640-Newwworld","width":80.0,"hidden":false},"geometry":{"type":"LineString","coordinates":[[98.409561,-132.679981],[98.99919,-132.947118]]}},{"type":"Feature","id":"641-Newwworld","properties":{"roadId":"641-Newwworld","width":80.0,"hidden":false},"geometry":{"type":"LineString","coordinates":[[105.383925,-138.674784],[104.363488,-138.847545],[103.183275,-138.62593],[101.957221,-137.503183],[101.76972,-136.943806]]}},{"type":"Feature","id":"642-Newwworld","properties":{"roadId":"642-Newwworld","width":80.0,"hidden":false},"geometry":{"type":"LineString","coordinates":[[106.322296,-138.295304],[105.975481,-138.263368],[105.70699,-138.103159]]}},{"type":"Feature","id":"643-Newwworld","properties":{"roadId":"643-Newwworld","width":80.0,"hidden":false},"geometry":{"type":"LineString","coordinates":[[105.383925,-138.674784],[105.57219,-138.650644],[105.724977,-138.456989],[105.943597,-138.441841],[106.322296,-138.295304]]}},{"type":"Feature","id":"644-Newwworld","properties":{"roadId":"644-Newwworld","width":80.0,"hidden":false},"geometry":{"type":"LineString","coordinates":[[100.878884,-73.049232],[100.936957,-73.042279],[101.071983,-72.670325],[101.269076,-72.488154],[101.327844,-72.355914]]}},{"type":"Feature","id":"645-Newwworld","properties":{"roadId":"645-Newwworld","width":156.3,"hidden":false},"geometry":{"type":"LineString","coordinates":[[100.947052,-74.295729],[101.062825,-74.523334],[101.204597,-74.563222],[101.239111,-74.673942],[101.146715,-74.89995],[101.201741,-75.071791],[101.40445,-75.228198],[101.240421,-75.493806],[101.250126,-75.73958],[101.207817,-76.278045],[101.15003,-76.472039],[101.346246,-76.641553],[101.327219,-76.328766],[101.133251,-76.42012],[101.335743,-76.46887]]}},{"type":"Feature","id":"646-Newwworld","properties":{"roadId":"646-Newwworld","width":80.0,"hidden":false},"geometry":{"type":"LineString","coordinates":[[100.878884,-73.049232],[100.854109,-73.415579],[101.004882,-73.873436],[101.038259,-74.172213],[100.947052,-74.295729]]}},{"type":"Feature","id":"647-Newwworld","properties":{"roadId":"647-Newwworld","width":148.7,"hidden":true},"geometry":{"type":"LineString","coordinates":[[125.757695,-56.280052],[125.940346,-56.972216]]}},{"type":"Feature","id":"648-Newwworld","properties":{"roadId":"648-Newwworld","width":148.7,"hidden":true},"geometry":{"type":"LineString","coordinates":[[121.912906,-56.462266],[122.91859,-56.630695],[124.402451,-56.879212],[124.939497,-56.475591],[125.757695,-56.280052]]}},{"type":"Feature","id":"649-Newwworld","properties":{"roadId":"649-Newwworld","width":80.0,"hidden":false},"geometry":{"type":"LineString","coordinates":[[99.408028,-111.825796],[100.091155,-111.75044]]}},{"type":"Feature","id":"650-Newwworld","properties":{"roadId":"650-Newwworld","width":101.2,"hidden":true},"geometry":{"type":"LineString","coordinates":[[63.592065,-128.102831],[63.036724,-128.215285],[62.838572,-128.22416]]}},{"type":"Feature","id":"651-Newwworld","properties":{"roadId":"651-Newwworld","width":80.0,"hidden":false},"geometry":{"type":"LineString","coordinates":[[99.525225,-111.460282],[99.408028,-111.825796]]}},{"type":"Feature","id":"652-Newwworld","properties":{"roadId":"652-Newwworld","width":80.0,"hidden":false},"geometry":{"type":"LineString","coordinates":[[100.091155,-111.75044],[100.6841,-111.685031]]}},{"type":"Feature","id":"653-Newwworld","properties":{"roadId":"653-Newwworld","width":80.0,"hidden":false},"geometry":{"type":"LineString","coordinates":[[99.525225,-111.460282],[100.091155,-111.75044]]}},{"type":"Feature","id":"656-Newwworld","properties":{"roadId":"656-Newwworld","width":100.0,"hidden":false},"geometry":{"type":"LineString","coordinates":[[100.345644,-109.483305],[100.141945,-109.817907]]}},{"type":"Feature","id":"657-Newwworld","properties":{"roadId":"657-Newwworld","width":46.1,"hidden":false},"geometry":{"type":"LineString","coordinates":[[100.119228,-109.211473],[100.251199,-109.319381],[100.345644,-109.483305]]}},{"type":"Feature","id":"658-Newwworld","properties":{"roadId":"658-Newwworld","width":87.9,"hidden":false},"geometry":{"type":"LineString","coordinates":[[92.302639,-116.799137],[92.300556,-116.704476],[92.406016,-116.429883]]}},{"type":"Feature","id":"659-Newwworld","properties":{"roadId":"659-Newwworld","width":87.9,"hidden":false},"geometry":{"type":"LineString","coordinates":[[92.310947,-117.176882],[92.302639,-116.799137]]}},{"type":"Feature","id":"660-Newwworld","properties":{"roadId":"660-Newwworld","width":80.0,"hidden":false},"geometry":{"type":"LineString","coordinates":[[127.325677,-83.337791],[126.521686,-83.965163],[126.16704,-83.892246],[126.041174,-83.943097],[125.968907,-84.044478],[125.92036,-84.309175],[125.73441,-84.698299],[125.144231,-84.646042],[124.528852,-85.066434],[124.152705,-85.468736],[123.53736,-86.191065],[122.652976,-86.856206],[122.260365,-86.892812],[121.586471,-86.71381]]}},{"type":"Feature","id":"661-Newwworld","properties":{"roadId":"661-Newwworld","width":87.9,"hidden":false},"geometry":{"type":"LineString","coordinates":[[92.310947,-117.176882],[92.472189,-117.168956],[92.410782,-116.980128],[92.302639,-116.799137]]}},{"type":"Feature","id":"662-Newwworld","properties":{"roadId":"662-Newwworld","width":137.3,"hidden":true},"geometry":{"type":"LineString","coordinates":[[114.274971,-144.446931],[114.617264,-144.45575],[115.213351,-144.232243],[115.419766,-144.219543],[115.503716,-144.059369],[115.561477,-143.719489],[115.566529,-143.409393],[115.672397,-143.022351],[115.861747,-142.824139],[116.152434,-142.527879],[116.256488,-142.45715],[116.548737,-142.390283],[117.010275,-141.846905],[116.958895,-141.664074],[117.078678,-141.279151],[117.509409,-141.315714],[117.819592,-141.322172],[118.534777,-141.175618],[118.773849,-141.082961],[119.494598,-140.774878],[119.684101,-140.641536],[120.074267,-140.119433],[120.844143,-139.802462],[120.974391,-139.716255],[122.192172,-139.141496],[123.096843,-137.703019],[123.224685,-137.600215],[123.261887,-137.389494],[123.355779,-137.157878],[123.442444,-136.634062],[123.610419,-136.227096],[123.957254,-135.881892],[124.100206,-135.579259],[124.533802,-135.403937],[124.852761,-135.318991],[125.052204,-135.388144],[125.160121,-135.394741],[125.38755,-135.718765],[125.700642,-135.948759],[126.372371,-136.237613],[126.70248,-136.248619],[127.173884,-136.19581],[127.694663,-136.108549],[127.902724,-135.98392],[128.054301,-136.014062],[128.210121,-136.013726],[128.504937,-135.996792],[128.762872,-135.804807],[129.094297,-136.01976],[129.375639,-136.389147],[129.68241,-136.412654],[129.809516,-136.227811],[130.192097,-135.96701],[130.39177,-135.946687],[131.068222,-135.501983],[131.555196,-135.021789]]}},{"type":"Feature","id":"663-Newwworld","properties":{"roadId":"663-Newwworld","width":80.0,"hidden":false},"geometry":{"type":"LineString","coordinates":[[112.999229,-143.709177],[112.957666,-143.440773],[112.761146,-143.276449],[112.469678,-143.182508],[112.358532,-142.806005],[111.820232,-142.330969],[111.533104,-141.932296],[111.549606,-141.590879],[111.712158,-141.360002],[111.79458,-141.128135],[111.761846,-140.875608],[111.691021,-140.336257],[111.848973,-140.13781],[112.038835,-140.040701],[112.320294,-139.784762],[112.44361,-139.636723],[112.420824,-139.282182],[112.279869,-139.064465],[111.942255,-138.999872],[111.795822,-139.034447],[111.65228,-139.09785],[111.582106,-138.990914],[111.548252,-138.790419],[111.604371,-138.570496],[111.585656,-138.258455],[111.321454,-137.925902],[111.248928,-137.821769],[111.120602,-137.726491],[110.083151,-137.450614],[109.656891,-137.370223],[108.163561,-137.285761],[107.53546,-137.362454],[107.083488,-137.378539],[106.915701,-137.59025],[106.730579,-137.799347],[106.620101,-138.016666],[106.348312,-138.047933],[106.322296,-138.295304]]}},{"type":"Feature","id":"664-Newwworld","properties":{"roadId":"664-Newwworld","width":80.0,"hidden":false},"geometry":{"type":"LineString","coordinates":[[114.274971,-144.446931],[113.802044,-144.180636],[113.388961,-143.818812],[112.999229,-143.709177]]}},{"type":"Feature","id":"665-Newwworld","properties":{"roadId":"665-Newwworld","width":101.2,"hidden":true},"geometry":{"type":"LineString","coordinates":[[53.036664,-91.936466],[53.187993,-92.270773],[52.969346,-93.102191]]}},{"type":"Feature","id":"666-Newwworld","properties":{"roadId":"666-Newwworld","width":101.2,"hidden":true},"geometry":{"type":"LineString","coordinates":[[53.036664,-91.936466],[52.876638,-91.824478],[52.764927,-91.536916],[52.481306,-91.411352],[52.295681,-91.244268],[52.079786,-90.942826],[51.970541,-90.850812],[51.566078,-90.710342],[51.416433,-90.761211]]}},{"type":"Feature","id":"667-Newwworld","properties":{"roadId":"667-Newwworld","width":101.2,"hidden":false},"geometry":{"type":"LineString","coordinates":[[42.464996,-101.336706],[40.96967,-101.658643],[39.787809,-102.430035]]}},{"type":"Feature","id":"668-Newwworld","properties":{"roadId":"668-Newwworld","width":101.2,"hidden":true},"geometry":{"type":"LineString","coordinates":[[39.074264,-89.995748],[38.924438,-89.870991],[38.849264,-89.521597],[38.735374,-89.172377],[38.71211,-88.695865],[38.727996,-88.591168]]}},{"type":"Feature","id":"669-Newwworld","properties":{"roadId":"669-Newwworld","width":101.2,"hidden":true},"geometry":{"type":"LineString","coordinates":[[42.464996,-101.336706],[42.661629,-101.167261],[42.911066,-100.733241],[43.050094,-100.115253],[43.071222,-99.282351],[42.827914,-98.117182],[42.299371,-96.944374],[42.088537,-96.172001],[41.583414,-95.484569],[41.248881,-94.807761],[40.827656,-93.405612],[39.750569,-92.393621],[39.234768,-91.429789],[39.144404,-90.339777],[39.074264,-89.995748]]}},{"type":"Feature","id":"670-Newwworld","properties":{"roadId":"670-Newwworld","width":101.2,"hidden":true},"geometry":{"type":"LineString","coordinates":[[52.715934,-93.663208],[53.001551,-94.001942],[53.160319,-94.435025],[53.348471,-94.776024],[53.573194,-94.903811],[53.929488,-95.331669],[54.004385,-95.587998],[54.247936,-96.078477],[54.301964,-96.205361]]}},{"type":"Feature","id":"671-Newwworld","properties":{"roadId":"671-Newwworld","width":101.2,"hidden":true},"geometry":{"type":"LineString","coordinates":[[52.353511,-101.480804],[51.660132,-101.487948],[50.28695,-101.989434]]}},{"type":"Feature","id":"672-Newwworld","properties":{"roadId":"672-Newwworld","width":101.2,"hidden":true},"geometry":{"type":"LineString","coordinates":[[52.715934,-93.663208],[52.525534,-94.212038],[52.18489,-94.506293],[51.742719,-95.041668],[51.556989,-95.488596],[51.601642,-95.692043],[51.300947,-96.291264],[50.969079,-96.775476],[50.662915,-97.119609],[50.67972,-97.523378],[50.676187,-98.038961],[50.589989,-98.731793],[50.710632,-99.157767],[50.691188,-100.015304]]}},{"type":"Feature","id":"673-Newwworld","properties":{"roadId":"673-Newwworld","width":101.2,"hidden":true},"geometry":{"type":"LineString","coordinates":[[50.691188,-100.015304],[51.143663,-100.650498],[52.353511,-101.480804]]}},{"type":"Feature","id":"674-Newwworld","properties":{"roadId":"674-Newwworld","width":101.2,"hidden":true},"geometry":{"type":"LineString","coordinates":[[50.28695,-101.989434],[50.005482,-102.09223],[49.601227,-102.380217],[49.067727,-103.051643],[48.307039,-103.333927],[47.847202,-103.312711],[47.431454,-103.699492]]}},{"type":"Feature","id":"675-Newwworld","properties":{"roadId":"675-Newwworld","width":101.2,"hidden":true},"geometry":{"type":"LineString","coordinates":[[50.691188,-100.015304],[50.795884,-100.978085],[50.68808,-101.523009],[50.28695,-101.989434]]}},{"type":"Feature","id":"676-Newwworld","properties":{"roadId":"676-Newwworld","width":101.2,"hidden":true},"geometry":{"type":"LineString","coordinates":[[44.732383,-103.353614],[44.696219,-103.31285]]}},{"type":"Feature","id":"677-Newwworld","properties":{"roadId":"677-Newwworld","width":101.2,"hidden":true},"geometry":{"type":"LineString","coordinates":[[44.732383,-103.353614],[44.931064,-103.7476],[45.886232,-104.829635],[46.11928,-104.932083],[46.582892,-105.024202]]}},{"type":"Feature","id":"679-Newwworld","properties":{"roadId":"679-Newwworld","width":80.0,"hidden":false},"geometry":{"type":"LineString","coordinates":[[73.779912,-117.931511],[74.511112,-118.521157],[74.656746,-118.615758],[74.843344,-118.841844]]}},{"type":"Feature","id":"680-Newwworld","properties":{"roadId":"680-Newwworld","width":80.0,"hidden":false},"geometry":{"type":"LineString","coordinates":[[73.779912,-117.931511],[74.324618,-117.795642],[74.718543,-117.622465],[74.956834,-117.455433],[75.057164,-117.304816],[75.429692,-116.883009],[75.578633,-116.663087]]}},{"type":"Feature","id":"682-Newwworld","properties":{"roadId":"682-Newwworld","width":101.2,"hidden":true},"geometry":{"type":"LineString","coordinates":[[57.96162,-111.478816],[57.812314,-112.224591],[57.831481,-112.430954],[57.695534,-112.705408],[57.697296,-112.923586],[57.735612,-113.064021],[57.822878,-113.225332],[57.92254,-113.710932],[57.920596,-113.964735],[57.799415,-114.494364],[57.866125,-114.71808],[57.930509,-114.9671],[57.958295,-115.322171],[58.198288,-115.666894],[58.484287,-115.729828],[58.759661,-116.014265],[58.708741,-116.270151],[58.643784,-116.861108],[58.700538,-117.27374],[58.518176,-117.705113],[58.471414,-118.083117],[58.346266,-118.452459],[58.41558,-118.608605],[58.289486,-119.12385]]}},{"type":"Feature","id":"683-Newwworld","properties":{"roadId":"683-Newwworld","width":101.2,"hidden":true},"geometry":{"type":"LineString","coordinates":[[50.215292,-125.18502],[49.117979,-125.523499],[47.951829,-125.363724],[47.147295,-125.158697],[46.643266,-125.066511],[45.951224,-124.79264],[45.544147,-124.361512],[45.34064,-124.208811],[45.044424,-124.179351],[44.762652,-124.257543],[44.405446,-124.179956],[44.165809,-123.952289],[43.96442,-123.694278],[43.777501,-123.591977],[43.309808,-123.595647]]}},{"type":"Feature","id":"684-Newwworld","properties":{"roadId":"684-Newwworld","width":101.2,"hidden":true},"geometry":{"type":"LineString","coordinates":[[58.289486,-119.12385],[57.95287,-119.36211],[56.963526,-119.4737],[56.283463,-119.830251],[56.165199,-120.234418],[56.204383,-120.54305],[56.064418,-120.667442],[55.762021,-120.722525],[55.423921,-121.351261],[55.122565,-121.536805],[54.983337,-121.747034],[54.912035,-121.828778],[54.760585,-121.806956],[54.605975,-121.907834],[54.406495,-122.151677],[54.351634,-122.408044],[54.278405,-122.516015],[54.0431,-122.7978],[54.015574,-123.048364],[54.00514,-123.321259],[53.948985,-123.61283],[53.674427,-123.895845],[53.432976,-124.054014],[53.271925,-124.238682],[53.043296,-124.268154],[52.726724,-124.462173],[52.443199,-124.724087],[51.94877,-124.773743],[51.124166,-124.765318],[50.384728,-125.067534],[50.215292,-125.18502]]}},{"type":"Feature","id":"685-Newwworld","properties":{"roadId":"685-Newwworld","width":101.2,"hidden":true},"geometry":{"type":"LineString","coordinates":[[62.838572,-128.22416],[61.820592,-128.269755]]}},{"type":"Feature","id":"686-Newwworld","properties":{"roadId":"686-Newwworld","width":101.2,"hidden":true},"geometry":{"type":"LineString","coordinates":[[58.289486,-119.12385],[58.425129,-119.7029],[58.106655,-120.768179],[57.766715,-121.179022],[57.753824,-121.493557],[57.894502,-123.087197],[58.283357,-123.64967],[58.880503,-124.004558],[59.472571,-124.394822],[59.693831,-124.767764],[59.85917,-125.491109],[60.215413,-125.7478],[60.494667,-125.825152],[60.55577,-125.862323],[60.548,-125.973616],[60.660319,-126.469998],[60.822845,-126.653506],[60.877073,-126.876075],[60.971604,-126.958595],[61.148836,-126.989547],[61.324626,-127.047854],[61.400165,-127.089136],[61.570625,-127.122099],[61.919325,-127.334147],[62.18515,-127.704883]]}},{"type":"Feature","id":"687-Newwworld","properties":{"roadId":"687-Newwworld","width":101.2,"hidden":true},"geometry":{"type":"LineString","coordinates":[[62.18515,-127.704883],[62.527269,-127.897404],[62.838572,-128.22416]]}},{"type":"Feature","id":"689-Newwworld","properties":{"roadId":"689-Newwworld","width":101.2,"hidden":true},"geometry":{"type":"LineString","coordinates":[[62.18515,-127.704883],[62.12153,-127.974402],[61.820592,-128.269755]]}},{"type":"Feature","id":"690-Newwworld","properties":{"roadId":"690-Newwworld","width":101.2,"hidden":true},"geometry":{"type":"LineString","coordinates":[[70.796525,-74.708995],[70.346376,-74.300156],[69.961314,-74.13539],[69.588726,-74.138298],[69.025902,-74.165729],[68.66815,-74.113342],[67.829032,-72.739934]]}},{"type":"Feature","id":"691-Newwworld","properties":{"roadId":"691-Newwworld","width":101.2,"hidden":true},"geometry":{"type":"LineString","coordinates":[[75.064742,-78.561065],[75.187382,-78.734165],[75.704988,-78.886118]]}},{"type":"Feature","id":"692-Newwworld","properties":{"roadId":"692-Newwworld","width":101.2,"hidden":true},"geometry":{"type":"LineString","coordinates":[[70.796525,-74.708995],[70.995484,-75.052103],[70.971091,-75.244257],[70.768773,-75.28042],[70.43714,-75.586801],[70.149283,-75.738868],[70.00509,-76.036447],[70.07601,-76.361405],[70.124135,-76.594939],[69.989708,-76.742613],[69.609715,-76.66434],[69.350409,-76.506943],[69.188429,-76.530667],[69.287518,-76.804905],[69.544411,-77.202501],[69.759455,-77.52936]]}},{"type":"Feature","id":"693-Newwworld","properties":{"roadId":"693-Newwworld","width":101.2,"hidden":true},"geometry":{"type":"LineString","coordinates":[[69.759455,-77.52936],[69.923492,-78.189423],[70.056192,-78.350457]]}},{"type":"Feature","id":"694-Newwworld","properties":{"roadId":"694-Newwworld","width":101.2,"hidden":true},"geometry":{"type":"LineString","coordinates":[[69.759455,-77.52936],[69.538378,-77.757677],[69.031198,-78.096063],[68.471291,-78.279059],[68.028,-78.203434],[67.500646,-78.336212],[67.308796,-78.226672],[66.469027,-77.992669],[65.858869,-78.046315]]}},{"type":"Feature","id":"695-Newwworld","properties":{"roadId":"695-Newwworld","width":101.2,"hidden":true},"geometry":{"type":"LineString","coordinates":[[70.056192,-78.350457],[70.172365,-78.491429],[70.422539,-78.55419],[70.525638,-78.604806],[70.748035,-78.882568],[70.961716,-78.890797],[71.166795,-79.066188],[71.40769,-79.167196],[71.447933,-79.480782],[71.330841,-79.863101],[71.383219,-80.126209],[71.528515,-80.214135]]}},{"type":"Feature","id":"696-Newwworld","properties":{"roadId":"696-Newwworld","width":101.2,"hidden":true},"geometry":{"type":"LineString","coordinates":[[70.056192,-78.350457],[69.79133,-78.380318],[69.743952,-78.422427],[69.962746,-78.773574],[70.069916,-79.083862],[70.082599,-79.433464],[69.99331,-79.424566],[69.81877,-79.495912],[69.630444,-79.444236],[68.935598,-79.756755]]}},{"type":"Feature","id":"697-Newwworld","properties":{"roadId":"697-Newwworld","width":101.2,"hidden":true},"geometry":{"type":"LineString","coordinates":[[71.528515,-80.214135],[71.920296,-79.984985]]}},{"type":"Feature","id":"698-Newwworld","properties":{"roadId":"698-Newwworld","width":101.2,"hidden":true},"geometry":{"type":"LineString","coordinates":[[68.935598,-79.756755],[68.594738,-79.626529],[68.458157,-79.373281],[68.209302,-79.344427],[67.69424,-79.219739],[66.672518,-79.231406]]}},{"type":"Feature","id":"699-Newwworld","properties":{"roadId":"699-Newwworld","width":101.2,"hidden":true},"geometry":{"type":"LineString","coordinates":[[71.528515,-80.214135],[71.43249,-80.357399],[71.248722,-80.54891],[71.161283,-80.580968],[71.205476,-80.684544],[71.066751,-80.884163],[70.785301,-81.207246],[70.474076,-81.329816],[70.279032,-81.239138],[70.106002,-80.960387],[70.061896,-80.840057],[70.071245,-80.567895],[69.966557,-80.395142],[69.786001,-80.326583],[69.52251,-80.166965],[69.255617,-79.886313],[68.935598,-79.756755]]}},{"type":"Feature","id":"6-Newwworld","properties":{"roadId":"6-Newwworld","width":110.7,"hidden":true},"geometry":{"type":"LineString","coordinates":[[163.791623,-81.597108],[164.400089,-81.586605],[165.727767,-81.258374]]}},{"type":"Feature","id":"700-Newwworld","properties":{"roadId":"700-Newwworld","width":101.2,"hidden":true},"geometry":{"type":"LineString","coordinates":[[74.015859,-83.47813],[73.946206,-83.73176],[73.999661,-84.085624],[74.041675,-84.488698]]}},{"type":"Feature","id":"701-Newwworld","properties":{"roadId":"701-Newwworld","width":101.2,"hidden":true},"geometry":{"type":"LineString","coordinates":[[74.015859,-83.47813],[73.897438,-83.183832],[73.622246,-82.820376],[73.286472,-82.628423],[73.172792,-82.468552],[73.156385,-82.257657],[72.959058,-82.168221]]}},{"type":"Feature","id":"702-Newwworld","properties":{"roadId":"702-Newwworld","width":101.2,"hidden":true},"geometry":{"type":"LineString","coordinates":[[50.215292,-125.18502],[50.524156,-125.434411],[50.750632,-126.615147],[51.219523,-127.264581],[51.947147,-128.036223],[52.38194,-128.463564],[52.795205,-128.748667],[53.429322,-129.065281],[53.640399,-129.169458],[54.330679,-129.175502],[54.421061,-129.438882],[54.660906,-129.472892],[55.278686,-129.52902],[55.86933,-129.530066],[56.600435,-129.591926],[57.338953,-129.213656],[58.192671,-129.326007],[59.049254,-129.259272],[59.740541,-128.954813],[60.106957,-128.750192],[60.402306,-128.641301],[60.532931,-128.489996],[61.255972,-128.199328],[61.820592,-128.269755]]}},{"type":"Feature","id":"703-Newwworld","properties":{"roadId":"703-Newwworld","width":101.2,"hidden":true},"geometry":{"type":"LineString","coordinates":[[70.50596,-83.139587],[70.352669,-83.353078],[70.234908,-83.5807],[70.068988,-83.654936],[69.779794,-83.658339],[69.669377,-83.685067],[69.423265,-83.689806],[69.271268,-83.763044],[69.103654,-83.759867],[68.700216,-83.704832],[68.461543,-83.58583],[68.125422,-83.515769],[67.733632,-83.43405],[67.465802,-83.26293],[67.362129,-83.087938],[67.379517,-82.881522],[67.280167,-82.765706]]}},{"type":"Feature","id":"704-Newwworld","properties":{"roadId":"704-Newwworld","width":101.2,"hidden":true},"geometry":{"type":"LineString","coordinates":[[65.557835,-85.98241],[65.076184,-86.093287],[64.499585,-85.913191],[64.123447,-85.670742]]}},{"type":"Feature","id":"705-Newwworld","properties":{"roadId":"705-Newwworld","width":101.2,"hidden":true},"geometry":{"type":"LineString","coordinates":[[67.280167,-82.765706],[67.273909,-82.647077],[67.131209,-82.320036],[67.093274,-82.056606],[67.074186,-81.666779],[67.011451,-81.461153],[66.751311,-81.15774],[66.583221,-80.868582],[66.654436,-80.696185],[66.708369,-80.485629],[66.473185,-80.29233]]}},{"type":"Feature","id":"706-Newwworld","properties":{"roadId":"706-Newwworld","width":101.2,"hidden":true},"geometry":{"type":"LineString","coordinates":[[65.557835,-85.98241],[65.555656,-85.744935],[65.786786,-85.609848],[65.912862,-85.239638],[65.905927,-84.896442],[65.960692,-84.789853],[66.126379,-84.712857],[66.193254,-84.592483],[66.403394,-84.541172],[66.457491,-84.421111],[66.701224,-84.327951],[66.841312,-83.78031],[66.715851,-83.490734]]}},{"type":"Feature","id":"707-Newwworld","properties":{"roadId":"707-Newwworld","width":101.2,"hidden":true},"geometry":{"type":"LineString","coordinates":[[66.715851,-83.490734],[66.72632,-83.188424],[66.841442,-83.183581],[66.899142,-83.105334],[67.072849,-83.055655],[67.096486,-82.881262],[67.163387,-82.825012],[67.280167,-82.765706]]}},{"type":"Feature","id":"708-Newwworld","properties":{"roadId":"708-Newwworld","width":101.2,"hidden":true},"geometry":{"type":"LineString","coordinates":[[66.715851,-83.490734],[66.501441,-83.424146],[66.293089,-83.349658],[66.116804,-83.366837],[66.068931,-83.42333],[65.819885,-83.375691],[65.69899,-83.402488],[65.456272,-83.345343],[65.226237,-83.097834],[64.945706,-82.918927],[64.893493,-82.833727],[64.906314,-82.685176],[64.806869,-82.591678],[64.819708,-82.335757],[64.771869,-82.208525],[64.58192,-81.879956],[64.541833,-81.750564]]}},{"type":"Feature","id":"709-Newwworld","properties":{"roadId":"709-Newwworld","width":101.2,"hidden":true},"geometry":{"type":"LineString","coordinates":[[64.541833,-81.750564],[64.720766,-81.6096],[64.719056,-81.507368],[64.833163,-81.457108],[64.96404,-81.546327],[65.097938,-81.338505],[64.975498,-81.15215],[64.553405,-80.858616],[64.3181,-80.746385],[64.031207,-80.500342],[63.917274,-80.24075],[64.008559,-80.02581],[64.21889,-79.939125],[64.228551,-79.570461],[64.299254,-79.475886]]}},{"type":"Feature","id":"710-Newwworld","properties":{"roadId":"710-Newwworld","width":101.2,"hidden":true},"geometry":{"type":"LineString","coordinates":[[64.541833,-81.750564],[64.253612,-81.712985],[63.761023,-81.223131],[63.559426,-81.188965],[63.228834,-81.423635],[63.037853,-81.27538]]}},{"type":"Feature","id":"711-Newwworld","properties":{"roadId":"711-Newwworld","width":101.2,"hidden":true},"geometry":{"type":"LineString","coordinates":[[64.123447,-85.670742],[63.554426,-85.694041]]}},{"type":"Feature","id":"712-Newwworld","properties":{"roadId":"712-Newwworld","width":101.2,"hidden":true},"geometry":{"type":"LineString","coordinates":[[52.883599,-139.764241],[53.352499,-140.127611],[53.868898,-140.443896],[54.474065,-140.705312],[54.808545,-140.546657],[55.139215,-140.463714],[55.881986,-140.514122],[56.379332,-140.880808],[56.764663,-141.08659],[57.194074,-141.21508],[57.655716,-141.306339],[58.154303,-141.206243],[58.378731,-141.414933],[58.622786,-141.35824],[58.951389,-141.003742],[58.947387,-140.66822],[58.777673,-140.445303],[58.734704,-140.223635],[58.905382,-140.170666],[59.257892,-139.91754],[59.494759,-139.670378],[59.747338,-139.462834],[60.165352,-139.379674],[60.352114,-139.23233],[61.054322,-138.906599],[61.573638,-138.606494],[63.183296,-138.480852],[64.357788,-138.110017],[65.059457,-137.813245],[65.716855,-137.793202],[66.547101,-137.469607],[66.856598,-137.527263],[67.394959,-137.431673],[67.689014,-136.956914],[68.572385,-136.620544],[69.343213,-136.635094],[69.8316,-136.608027]]}},{"type":"Feature","id":"713-Newwworld","properties":{"roadId":"713-Newwworld","width":101.2,"hidden":true},"geometry":{"type":"LineString","coordinates":[[64.123447,-85.670742],[64.08086,-85.245558]]}},{"type":"Feature","id":"715-Newwworld","properties":{"roadId":"715-Newwworld","width":101.2,"hidden":true},"geometry":{"type":"LineString","coordinates":[[58.108938,-88.621768],[57.738243,-88.48833],[57.469379,-88.574944],[57.20805,-88.503963],[57.205802,-88.269145],[56.918596,-87.918501],[56.623899,-87.933744],[56.393585,-87.983684],[56.243489,-87.948111],[55.748774,-87.443005],[55.240604,-87.179827],[54.230314,-86.770112],[53.983056,-86.579573],[53.55644,-86.04359],[53.365103,-85.601262],[53.411414,-85.301913],[53.505754,-85.05995],[53.439461,-84.925913]]}},{"type":"Feature","id":"716-Newwworld","properties":{"roadId":"716-Newwworld","width":101.2,"hidden":true},"geometry":{"type":"LineString","coordinates":[[64.011606,-79.222708],[63.699192,-79.598864],[63.454165,-79.873413],[63.189815,-79.949472],[63.002236,-80.074707],[63.009215,-80.194899],[63.17465,-80.572209],[62.917418,-80.80214],[62.980726,-80.96103],[63.037853,-81.27538]]}},{"type":"Feature","id":"717-Newwworld","properties":{"roadId":"717-Newwworld","width":101.2,"hidden":true},"geometry":{"type":"LineString","coordinates":[[66.672518,-79.231406],[66.99396,-79.695861],[67.105323,-79.998752],[67.134603,-80.160715],[67.336053,-80.241383],[67.58878,-80.266184],[67.917505,-80.3795],[68.520258,-80.892045],[68.519234,-81.216109],[68.491222,-81.746501],[68.550189,-82.07704],[68.989149,-82.432623],[69.173221,-82.656869],[69.22645,-82.83871],[69.360782,-82.946227],[69.528178,-83.093658],[69.781686,-83.146653],[70.011131,-83.136428],[70.262087,-83.151133],[70.50596,-83.139587]]}},{"type":"Feature","id":"718-Newwworld","properties":{"roadId":"718-Newwworld","width":101.2,"hidden":true},"geometry":{"type":"LineString","coordinates":[[66.672518,-79.231406],[66.157047,-78.660605],[65.858869,-78.046315]]}},{"type":"Feature","id":"719-Newwworld","properties":{"roadId":"719-Newwworld","width":101.2,"hidden":true},"geometry":{"type":"LineString","coordinates":[[64.254159,-77.36909],[64.000339,-78.173668],[63.965851,-78.312036]]}},{"type":"Feature","id":"71--INGAME","properties":{"roadId":"71--INGAME","width":97.4,"hidden":true},"geometry":{"type":"LineString","coordinates":[[181.307316,-154.418336],[180.888747,-154.36614],[180.2418,-154.072015],[179.772684,-153.624002],[179.128871,-153.418524],[178.518513,-153.352135],[178.02635,-153.233619],[177.686583,-153.178558]]}},{"type":"Feature","id":"720-Newwworld","properties":{"roadId":"720-Newwworld","width":101.2,"hidden":true},"geometry":{"type":"LineString","coordinates":[[64.254159,-77.36909],[64.595757,-76.881841]]}},{"type":"Feature","id":"721-Newwworld","properties":{"roadId":"721-Newwworld","width":101.2,"hidden":true},"geometry":{"type":"LineString","coordinates":[[65.858869,-78.046315],[65.303746,-77.526426]]}},{"type":"Feature","id":"722-Newwworld","properties":{"roadId":"722-Newwworld","width":101.2,"hidden":true},"geometry":{"type":"LineString","coordinates":[[67.829032,-72.739934],[66.95021,-71.838716]]}},{"type":"Feature","id":"723-Newwworld","properties":{"roadId":"723-Newwworld","width":101.2,"hidden":true},"geometry":{"type":"LineString","coordinates":[[65.014248,-77.048916],[65.303746,-77.526426]]}},{"type":"Feature","id":"724-Newwworld","properties":{"roadId":"724-Newwworld","width":101.2,"hidden":true},"geometry":{"type":"LineString","coordinates":[[67.829032,-72.739934],[67.581089,-73.002695],[67.173457,-73.116689],[67.069811,-73.457506],[66.877675,-73.493105],[66.861286,-73.614772],[67.055392,-74.081024],[67.08258,-74.463265],[67.011338,-74.664012],[67.065436,-74.808587],[67.266131,-74.807702],[67.320029,-74.987112],[67.492026,-75.320195],[67.783086,-75.577522],[67.905465,-75.727002],[67.88306,-75.832228],[67.710803,-75.931421],[67.588354,-75.924997],[67.388388,-75.881525],[67.320714,-75.960197],[67.392051,-76.16084],[67.312746,-76.391596],[66.840001,-76.534539],[66.65342,-76.584617],[66.551545,-76.686276],[66.53974,-76.793029],[66.202152,-76.820573],[65.689398,-76.983343]]}},{"type":"Feature","id":"725-Newwworld","properties":{"roadId":"725-Newwworld","width":101.2,"hidden":true},"geometry":{"type":"LineString","coordinates":[[65.689398,-76.983343],[65.014248,-77.048916]]}},{"type":"Feature","id":"726-Newwworld","properties":{"roadId":"726-Newwworld","width":101.2,"hidden":true},"geometry":{"type":"LineString","coordinates":[[65.689398,-76.983343],[65.303746,-77.526426]]}},{"type":"Feature","id":"727-Newwworld","properties":{"roadId":"727-Newwworld","width":101.2,"hidden":true},"geometry":{"type":"LineString","coordinates":[[66.95021,-71.838716],[66.901798,-70.65458],[67.134221,-70.152252],[67.260879,-69.265825]]}},{"type":"Feature","id":"728-Newwworld","properties":{"roadId":"728-Newwworld","width":101.2,"hidden":true},"geometry":{"type":"LineString","coordinates":[[64.595757,-76.881841],[65.014248,-77.048916]]}},{"type":"Feature","id":"729-Newwworld","properties":{"roadId":"729-Newwworld","width":101.2,"hidden":true},"geometry":{"type":"LineString","coordinates":[[66.95021,-71.838716],[66.726086,-71.830218],[66.414939,-71.843065],[66.237933,-71.990765],[66.129999,-72.288275],[66.035918,-72.588675],[66.124339,-72.830204],[66.135632,-73.127418],[66.074026,-73.371759],[66.137429,-73.456299],[66.299721,-73.618479],[66.295086,-73.71801],[66.156335,-73.719226],[65.987568,-73.644894],[65.796352,-73.70676],[65.789589,-73.792394],[65.800154,-73.987846],[65.766317,-74.278672],[65.577531,-74.54764],[65.501542,-74.565123],[65.346298,-74.566642],[65.24615,-74.881981],[65.086314,-75.129369],[64.810741,-75.107468],[64.615992,-75.418285],[64.426078,-75.569241]]}},{"type":"Feature","id":"730-Newwworld","properties":{"roadId":"730-Newwworld","width":101.2,"hidden":true},"geometry":{"type":"LineString","coordinates":[[64.426078,-75.569241],[64.40363,-75.668026],[64.40047,-75.91708],[64.595757,-76.881841]]}},{"type":"Feature","id":"731-Newwworld","properties":{"roadId":"731-Newwworld","width":101.2,"hidden":true},"geometry":{"type":"LineString","coordinates":[[67.260879,-69.265825],[67.119351,-69.132439],[66.974758,-69.160573],[66.536172,-68.488809],[65.301567,-68.334199],[64.991358,-68.118026],[64.973458,-67.912045],[64.452588,-67.51733],[64.249714,-67.350706],[64.032882,-67.277077],[63.900755,-67.297494],[63.706692,-67.241139],[63.557429,-67.363692],[64.004887,-68.338322],[64.239289,-68.729738],[63.866475,-69.028429],[63.731232,-69.326615],[63.835998,-69.458578],[63.709122,-70.019682],[63.814965,-70.3024],[63.607881,-70.490769],[63.550884,-70.613937],[63.3938,-70.88169],[63.150205,-71.318532],[63.136021,-71.523567]]}},{"type":"Feature","id":"732-Newwworld","properties":{"roadId":"732-Newwworld","width":101.2,"hidden":true},"geometry":{"type":"LineString","coordinates":[[64.426078,-75.569241],[64.22323,-75.118197],[64.215357,-74.756043],[64.155782,-74.675479],[64.005113,-74.542206],[63.948654,-73.823124],[63.959305,-73.402775],[64.133898,-73.150552],[64.133507,-72.976576],[63.974349,-72.952487],[64.031502,-72.697495],[63.954939,-72.616106],[63.795225,-72.655585],[63.637334,-72.504213],[63.68624,-72.382685],[63.827986,-72.211026],[63.767525,-72.121616],[63.512958,-72.12238],[63.348418,-71.990296],[63.136021,-71.523567]]}},{"type":"Feature","id":"733-Newwworld","properties":{"roadId":"733-Newwworld","width":101.2,"hidden":true},"geometry":{"type":"LineString","coordinates":[[49.728823,-83.92834],[49.648649,-84.301241],[49.507807,-84.488741],[49.442833,-84.629679],[49.345593,-84.677535],[49.126017,-84.9708],[48.885192,-85.144282],[48.497439,-85.286166],[48.392195,-85.396001],[48.377334,-85.512521],[48.141752,-85.671159],[48.013661,-85.875578],[47.821239,-85.985118],[47.707749,-86.020578],[47.487218,-86.181889],[47.297643,-86.287402],[47.146965,-86.43288],[46.938571,-86.743532],[46.657728,-87.008533],[46.425131,-87.152153],[45.735068,-87.231824],[45.167861,-87.417814],[44.239056,-87.625471]]}},{"type":"Feature","id":"734-Newwworld","properties":{"roadId":"734-Newwworld","width":101.2,"hidden":true},"geometry":{"type":"LineString","coordinates":[[64.254159,-77.36909],[63.523696,-76.976737],[63.104841,-76.494782],[62.851637,-76.11255],[62.724657,-76.028548],[62.558884,-75.969008],[62.211548,-75.652835],[62.052094,-75.60352],[61.816633,-75.259752],[61.724324,-75.067954],[61.813447,-74.853344],[61.76264,-74.58047],[61.863569,-74.390721],[62.332694,-73.898141],[62.569552,-73.673375],[62.417903,-73.474121],[62.291626,-73.491786],[62.018552,-73.615831],[61.744064,-73.655571],[61.656772,-73.564269],[61.714011,-73.437532],[62.042745,-73.270118],[62.071052,-73.157757],[61.833803,-73.102227],[61.729775,-72.782096],[61.839967,-72.392936],[62.186148,-72.022779],[62.757079,-71.502708],[63.136021,-71.523567]]}},{"type":"Feature","id":"735-Newwworld","properties":{"roadId":"735-Newwworld","width":118.3,"hidden":true},"geometry":{"type":"LineString","coordinates":[[38.786677,-80.321331],[40.131386,-79.669932],[42.560656,-78.853714],[46.902538,-77.603536],[48.767066,-76.689514]]}},{"type":"Feature","id":"736-Newwworld","properties":{"roadId":"736-Newwworld","width":101.2,"hidden":true},"geometry":{"type":"LineString","coordinates":[[63.965851,-78.312036],[63.840025,-78.816925],[63.952274,-79.029174],[64.011606,-79.222708]]}},{"type":"Feature","id":"737-Newwworld","properties":{"roadId":"737-Newwworld","width":101.2,"hidden":true},"geometry":{"type":"LineString","coordinates":[[65.303746,-77.526426],[64.81239,-77.926783],[63.965851,-78.312036]]}},{"type":"Feature","id":"738-Newwworld","properties":{"roadId":"738-Newwworld","width":101.2,"hidden":true},"geometry":{"type":"LineString","coordinates":[[66.473185,-80.29233],[66.46375,-80.129187],[66.672518,-79.231406]]}},{"type":"Feature","id":"739-Newwworld","properties":{"roadId":"739-Newwworld","width":101.2,"hidden":true},"geometry":{"type":"LineString","coordinates":[[64.299254,-79.475886],[64.011606,-79.222708]]}},{"type":"Feature","id":"740-Newwworld","properties":{"roadId":"740-Newwworld","width":101.2,"hidden":true},"geometry":{"type":"LineString","coordinates":[[66.473185,-80.29233],[66.127438,-80.215906],[65.668122,-79.991634],[65.217921,-79.687163],[64.82298,-79.617301],[64.545306,-79.487865],[64.299254,-79.475886]]}},{"type":"Feature","id":"741-Newwworld","properties":{"roadId":"741-Newwworld","width":80.0,"hidden":false},"geometry":{"type":"LineString","coordinates":[[99.118079,-111.979876],[99.408028,-111.825796]]}},{"type":"Feature","id":"742-Newwworld","properties":{"roadId":"742-Newwworld","width":101.2,"hidden":true},"geometry":{"type":"LineString","coordinates":[[53.439461,-84.925913],[53.601371,-84.76435],[53.885678,-84.67494],[54.143882,-84.719306],[54.29416,-84.764237],[54.443032,-84.678777],[54.622963,-84.805045],[55.022044,-84.738326],[55.408348,-84.615478],[55.689833,-84.460529],[56.378377,-84.017828],[56.699593,-83.781577],[56.668821,-83.537349],[56.943431,-83.480769],[56.962476,-83.345395],[57.154334,-83.295682],[57.168171,-83.014031],[57.260628,-82.870663],[57.365776,-82.833658],[57.41588,-82.703223],[57.49615,-82.627433],[57.563945,-82.415861],[57.948703,-82.183638],[58.253531,-82.222892],[58.47598,-82.00494],[58.543098,-81.960625],[58.598367,-81.814514],[58.668888,-81.671154],[58.991684,-81.721822],[59.371651,-81.721215],[59.641027,-81.751284],[59.844265,-81.51269],[59.996436,-81.211447],[60.092669,-80.960205],[60.244953,-80.803026],[60.437149,-80.562851],[60.594711,-80.462625],[60.726716,-80.257069],[60.76913,-80.020966],[61.086674,-79.698083],[61.449931,-79.29585],[62.374699,-78.623253],[62.534179,-78.501134],[62.693815,-78.485353],[62.894866,-78.336481],[63.259798,-77.989448],[64.254159,-77.36909]]}},{"type":"Feature","id":"743-Newwworld","properties":{"roadId":"743-Newwworld","width":101.2,"hidden":true},"geometry":{"type":"LineString","coordinates":[[38.727996,-88.591168],[38.602995,-88.444527],[38.165668,-88.421506],[37.658287,-88.318728],[37.471568,-88.252626],[37.266099,-88.061635],[37.13832,-87.803197],[36.834153,-87.691096],[36.622173,-87.592997],[36.367658,-87.538309],[36.078421,-87.414706],[35.567569,-87.161954]]}},{"type":"Feature","id":"744-Newwworld","properties":{"roadId":"744-Newwworld","width":101.2,"hidden":true},"geometry":{"type":"LineString","coordinates":[[53.439461,-84.925913],[53.255762,-84.959958],[52.833434,-85.125271],[52.537609,-85.179152],[52.340776,-85.265862],[52.028475,-85.3166],[51.841747,-85.37752],[51.737988,-85.357416],[51.6712,-85.232754],[51.631547,-85.158969],[51.554966,-85.084898],[51.484402,-84.904654],[51.513091,-84.462526],[51.466676,-84.126032],[51.077803,-83.608278],[50.817151,-83.364432],[50.509407,-83.358113]]}},{"type":"Feature","id":"744-Newwworld-INGAME","properties":{"roadId":"744-Newwworld-INGAME","width":87.9,"hidden":false},"geometry":{"type":"LineString","coordinates":[[90.388214,-89.317855],[90.146017,-88.964199]]}},{"type":"Feature","id":"745-Newwworld","properties":{"roadId":"745-Newwworld","width":101.2,"hidden":true},"geometry":{"type":"LineString","coordinates":[[73.363426,-56.181935],[73.475049,-56.79646],[73.860815,-57.556949],[74.067803,-58.716189],[73.336855,-60.571655],[73.018164,-60.965441],[72.49765,-63.081933],[72.460593,-63.471153],[71.472447,-64.315227]]}},{"type":"Feature","id":"746-Newwworld","properties":{"roadId":"746-Newwworld","width":101.2,"hidden":true},"geometry":{"type":"LineString","coordinates":[[71.920296,-79.984985],[72.624048,-79.852484],[73.749391,-79.111909],[74.523603,-78.619763],[75.064742,-78.561065]]}},{"type":"Feature","id":"747-Newwworld","properties":{"roadId":"747-Newwworld","width":101.2,"hidden":true},"geometry":{"type":"LineString","coordinates":[[72.959058,-82.168221],[72.810004,-82.408491]]}},{"type":"Feature","id":"748-Newwworld","properties":{"roadId":"748-Newwworld","width":101.2,"hidden":true},"geometry":{"type":"LineString","coordinates":[[71.920296,-79.984985],[72.269108,-80.115332],[72.41607,-80.243119],[72.330263,-80.318571],[72.448301,-80.437695],[72.845091,-80.51477],[72.895299,-80.634518],[72.801914,-80.735239],[72.512581,-80.756159],[72.307415,-81.005917],[72.233005,-81.152758],[72.259655,-81.34893],[72.304794,-81.458584],[72.498761,-81.608324],[72.748858,-81.900182],[72.959058,-82.168221]]}},{"type":"Feature","id":"749-Newwworld","properties":{"roadId":"749-Newwworld","width":143.0,"hidden":false},"geometry":{"type":"LineString","coordinates":[[107.334574,-72.297875],[107.8256,-72.200653],[108.222988,-72.380376],[108.678849,-72.160193],[108.829683,-71.827188]]}},{"type":"Feature","id":"750-Newwworld","properties":{"roadId":"750-Newwworld","width":143.0,"hidden":false},"geometry":{"type":"LineString","coordinates":[[108.829683,-71.827188],[108.904762,-71.661432]]}},{"type":"Feature","id":"751-Newwworld","properties":{"roadId":"751-Newwworld","width":122.1,"hidden":false},"geometry":{"type":"LineString","coordinates":[[108.829683,-71.827188],[109.080353,-72.050019],[109.381048,-72.139472],[109.668575,-72.678241],[110.078576,-72.839127],[110.293864,-72.984761],[110.630175,-73.02938]]}},{"type":"Feature","id":"752-Newwworld","properties":{"roadId":"752-Newwworld","width":80.0,"hidden":false},"geometry":{"type":"LineString","coordinates":[[105.045087,-84.54217],[105.623483,-84.835826],[106.094275,-85.2314],[106.159987,-85.600577],[106.551837,-86.084155],[107.789298,-87.367484]]}},{"type":"Feature","id":"753-Newwworld","properties":{"roadId":"753-Newwworld","width":105.0,"hidden":false},"geometry":{"type":"LineString","coordinates":[[102.29131,-89.099538],[103.291262,-89.169946],[103.785317,-89.049191]]}},{"type":"Feature","id":"753-Newwworld-INGAME","properties":{"roadId":"753-Newwworld-INGAME","width":148.7,"hidden":false},"geometry":{"type":"LineString","coordinates":[[106.362053,-61.322986],[106.373911,-61.315581],[106.583157,-61.089374],[106.701282,-60.707914],[106.638695,-60.355786],[106.614129,-60.067374],[106.359241,-59.565532],[106.26503,-59.191364],[106.250508,-58.685798],[106.321723,-58.573818],[106.678018,-58.376266],[106.763018,-58.00274],[106.944121,-57.576541],[107.052073,-57.301392],[106.967203,-56.999534],[106.795666,-56.826122],[106.543356,-56.625253]]}},{"type":"Feature","id":"754-Newwworld","properties":{"roadId":"754-Newwworld","width":61.3,"hidden":false},"geometry":{"type":"LineString","coordinates":[[105.045087,-84.54217],[104.754322,-84.834315],[104.752152,-85.369352],[104.524269,-85.818746],[104.403175,-86.102679],[104.112315,-86.349781],[103.950561,-86.502602]]}},{"type":"Feature","id":"755-Newwworld","properties":{"roadId":"755-Newwworld","width":87.9,"hidden":false},"geometry":{"type":"LineString","coordinates":[[96.034727,-82.338491],[95.659621,-83.191437],[95.627685,-83.767862]]}},{"type":"Feature","id":"756-Newwworld","properties":{"roadId":"756-Newwworld","width":87.9,"hidden":false},"geometry":{"type":"LineString","coordinates":[[96.184927,-81.451908],[96.632237,-81.942674]]}},{"type":"Feature","id":"756-Newwworld-INGAME","properties":{"roadId":"756-Newwworld-INGAME","width":87.9,"hidden":false},"geometry":{"type":"LineString","coordinates":[[74.561859,-92.635279],[74.605835,-93.072303],[74.845514,-93.507461],[74.909056,-93.830926],[74.871113,-94.13801],[74.962824,-94.346579]]}},{"type":"Feature","id":"757-Newwworld","properties":{"roadId":"757-Newwworld","width":87.9,"hidden":false},"geometry":{"type":"LineString","coordinates":[[96.034727,-82.338491],[96.184354,-81.918056],[96.184927,-81.451908]]}},{"type":"Feature","id":"758-Newwworld","properties":{"roadId":"758-Newwworld","width":122.1,"hidden":false},"geometry":{"type":"LineString","coordinates":[[110.630175,-73.02938],[110.929829,-73.202184],[111.267808,-73.218174],[111.486559,-73.558565],[111.376063,-73.797169],[111.483816,-74.120008],[111.496967,-74.586555],[111.724893,-75.201817],[111.704059,-75.488858],[111.956578,-75.606272],[112.165476,-75.906568],[112.162507,-76.356778],[112.202368,-76.639513],[112.095267,-76.745573],[112.163514,-77.143933],[112.031517,-77.433605],[112.029599,-77.569734],[111.856612,-77.938884],[111.912055,-78.32583],[111.515639,-78.396707],[111.442635,-78.695093],[111.552817,-78.884738],[111.194006,-79.088072],[110.722242,-79.062916],[110.444862,-79.048115],[110.054184,-78.943905],[109.887682,-79.037204],[109.623714,-79.203654],[109.466725,-79.105051],[109.312905,-79.066813],[109.116959,-78.961674],[108.510342,-79.16269],[108.27574,-79.115763],[107.93547,-79.420781],[107.722831,-79.298047],[107.030953,-79.30263],[106.74603,-79.212769],[106.594762,-79.502457],[106.675657,-79.817962],[106.548964,-79.90771],[106.312262,-79.936382],[106.047764,-80.058318],[105.833927,-80.411106],[105.603752,-80.596784],[105.108204,-81.02774],[104.797881,-81.437689],[104.601336,-82.809934],[104.72453,-83.333147],[104.47354,-83.561768]]}},{"type":"Feature","id":"759-Newwworld","properties":{"roadId":"759-Newwworld","width":143.0,"hidden":false},"geometry":{"type":"LineString","coordinates":[[112.068427,-71.686658],[111.780796,-71.610442],[110.173151,-71.706432],[108.904762,-71.661432]]}},{"type":"Feature","id":"760-Newwworld","properties":{"roadId":"760-Newwworld","width":122.1,"hidden":false},"geometry":{"type":"LineString","coordinates":[[110.630175,-73.02938],[110.697537,-72.814006],[110.959369,-72.642442],[111.222113,-72.312606],[111.527583,-72.025869],[111.858721,-71.864853],[112.068427,-71.686658]]}},{"type":"Feature","id":"761-Newwworld","properties":{"roadId":"761-Newwworld","width":80.0,"hidden":false},"geometry":{"type":"LineString","coordinates":[[94.442438,-41.807685],[93.00765,-42.177704],[92.615418,-42.365638],[92.259271,-42.68241],[91.94848,-42.926968],[91.751769,-43.013106],[91.650563,-43.117438],[91.594764,-43.273819],[91.46156,-43.355043],[91.390423,-43.445859],[91.278009,-43.457786],[91.182853,-43.551103],[90.955031,-43.626554],[90.757079,-43.781668],[90.375619,-44.025115],[90.194229,-44.015661],[89.915991,-44.070983]]}},{"type":"Feature","id":"762-Newwworld","properties":{"roadId":"762-Newwworld","width":80.0,"hidden":false},"geometry":{"type":"LineString","coordinates":[[85.350428,-51.520496],[85.009403,-51.501485],[84.47888,-51.704038],[84.393281,-51.913579],[84.737466,-52.139925],[84.822241,-52.309049],[84.690869,-52.43424],[84.49303,-52.503893],[84.315269,-52.877836],[84.384479,-53.258965],[84.416745,-53.387499]]}},{"type":"Feature","id":"763-Newwworld","properties":{"roadId":"763-Newwworld","width":80.0,"hidden":false},"geometry":{"type":"LineString","coordinates":[[85.350428,-51.520496],[85.772192,-51.75495],[86.054207,-52.271974],[86.31886,-52.553268],[86.645615,-52.551142],[87.226693,-52.547357],[88.031392,-52.552461],[88.753938,-52.625656],[88.873774,-52.852905],[89.275798,-53.118401],[89.739393,-53.222828],[91.01359,-54.37982],[91.722472,-54.896202],[92.55113,-55.411881],[92.421459,-56.066518],[92.296928,-57.122129],[92.035173,-57.61997],[91.964643,-58.029216]]}},{"type":"Feature","id":"763-Newwworld-INGAME","properties":{"roadId":"763-Newwworld-INGAME","width":80.0,"hidden":false},"geometry":{"type":"LineString","coordinates":[[87.259949,-88.376784],[87.278473,-88.077243],[86.948246,-87.871539]]}},{"type":"Feature","id":"764-Newwworld","properties":{"roadId":"764-Newwworld","width":80.0,"hidden":false},"geometry":{"type":"LineString","coordinates":[[87.922503,-46.952269],[87.960619,-47.456645],[88.020481,-47.756473],[88.02397,-47.877923],[87.976192,-48.096161],[87.845879,-48.378298],[87.516833,-48.799914],[87.242674,-49.100783],[87.077214,-49.210037],[86.944887,-49.342884],[86.745216,-49.496453],[86.545597,-49.758815],[86.527854,-49.902756],[86.527498,-50.100239],[86.456517,-50.221646],[86.236091,-50.331577],[85.907366,-50.723071],[85.711185,-51.033203],[85.627261,-51.272847],[85.350428,-51.520496]]}},{"type":"Feature","id":"765-Newwworld","properties":{"roadId":"765-Newwworld","width":80.0,"hidden":false},"geometry":{"type":"LineString","coordinates":[[88.026592,-46.828666],[87.922503,-46.952269]]}},{"type":"Feature","id":"766-Newwworld","properties":{"roadId":"766-Newwworld","width":80.0,"hidden":false},"geometry":{"type":"LineString","coordinates":[[87.922503,-46.952269],[87.85298,-46.799568]]}},{"type":"Feature","id":"767-Newwworld","properties":{"roadId":"767-Newwworld","width":80.0,"hidden":false},"geometry":{"type":"LineString","coordinates":[[87.85298,-46.799568],[88.026592,-46.828666]]}},{"type":"Feature","id":"769-Newwworld","properties":{"roadId":"769-Newwworld","width":148.7,"hidden":false},"geometry":{"type":"LineString","coordinates":[[110.698552,-61.786659],[110.858944,-62.244022],[111.108267,-63.041255],[111.064344,-63.307958],[110.681573,-63.49617],[110.492666,-63.867204],[110.106597,-64.336225],[109.666301,-64.569056],[109.41281,-65.452245],[108.666106,-66.284036],[108.402425,-66.842866],[108.065861,-67.966524],[108.133214,-68.440293]]}},{"type":"Feature","id":"771-Newwworld","properties":{"roadId":"771-Newwworld","width":87.9,"hidden":false},"geometry":{"type":"LineString","coordinates":[[92.336129,-75.275689],[92.293794,-75.204838],[92.099531,-74.995263],[91.963237,-74.839837],[91.803836,-74.691286]]}},{"type":"Feature","id":"772-Newwworld","properties":{"roadId":"772-Newwworld","width":87.9,"hidden":false},"geometry":{"type":"LineString","coordinates":[[91.951128,-75.667253],[91.92703,-76.110414],[92.144227,-76.236995],[92.16428,-76.625286],[92.223629,-76.912205],[92.583352,-76.237706],[92.735271,-76.244399],[92.612684,-76.807639],[92.332926,-77.314524],[92.194254,-78.096523],[92.163932,-78.68623],[92.493699,-79.054053],[92.787112,-79.153784],[92.88739,-79.373663],[93.088901,-79.387491],[93.270542,-79.210269],[93.582227,-78.956023],[93.697887,-78.762385],[93.86511,-78.789191],[94.070631,-78.562463],[94.363566,-78.143156]]}},{"type":"Feature","id":"773-Newwworld","properties":{"roadId":"773-Newwworld","width":87.9,"hidden":false},"geometry":{"type":"LineString","coordinates":[[92.336129,-75.275689],[91.951128,-75.667253]]}},{"type":"Feature","id":"773-Newwworld-INGAME","properties":{"roadId":"773-Newwworld-INGAME","width":105.0,"hidden":true},"geometry":{"type":"LineString","coordinates":[[214.911493,-158.926954],[214.75947,-159.901454]]}},{"type":"Feature","id":"774-Newwworld","properties":{"roadId":"774-Newwworld","width":80.0,"hidden":false},"geometry":{"type":"LineString","coordinates":[[97.905341,-113.315731],[98.374969,-112.548524],[98.613772,-112.347091],[98.82478,-112.185962],[99.118079,-111.979876]]}},{"type":"Feature","id":"775-Newwworld","properties":{"roadId":"775-Newwworld","width":80.0,"hidden":false},"geometry":{"type":"LineString","coordinates":[[99.118079,-111.979876],[98.818165,-111.901994],[98.212616,-111.733269],[97.899481,-111.621229],[97.378256,-111.350647]]}},{"type":"Feature","id":"776-Newwworld","properties":{"roadId":"776-Newwworld","width":80.0,"hidden":false},"geometry":{"type":"LineString","coordinates":[[97.378256,-111.350647],[97.550834,-111.748139],[97.697128,-112.24525],[97.905341,-113.315731]]}},{"type":"Feature","id":"777-Newwworld","properties":{"roadId":"777-Newwworld","width":80.0,"hidden":false},"geometry":{"type":"LineString","coordinates":[[97.378256,-111.350647],[97.299332,-111.098623],[97.062803,-110.839343],[96.97039,-110.585418],[96.833861,-110.319593],[96.846587,-110.146676],[96.783627,-110.06967],[96.635145,-109.992691],[96.550449,-109.897907],[96.380691,-109.861371],[96.127453,-109.83039],[95.578484,-109.816622],[95.38416,-109.617056],[94.987154,-109.61288],[94.776797,-109.676075],[94.300007,-109.762117],[93.884572,-109.816171],[93.541637,-109.863662]]}},{"type":"Feature","id":"778-Newwworld","properties":{"roadId":"778-Newwworld","width":80.0,"hidden":false},"geometry":{"type":"LineString","coordinates":[[93.541637,-109.863662],[93.288953,-109.850399]]}},{"type":"Feature","id":"779-Newwworld","properties":{"roadId":"779-Newwworld","width":80.0,"hidden":false},"geometry":{"type":"LineString","coordinates":[[93.288953,-109.850399],[93.356818,-109.969809]]}},{"type":"Feature","id":"780-Newwworld","properties":{"roadId":"780-Newwworld","width":91.7,"hidden":false},"geometry":{"type":"LineString","coordinates":[[88.933999,-112.435338],[88.359683,-112.058366],[88.039995,-111.928235],[87.795402,-111.863886],[87.578674,-111.936447],[87.103394,-111.91281],[86.324216,-111.823391],[86.159407,-111.710848],[85.260133,-111.419536],[84.558863,-111.518581],[83.815814,-111.292487],[83.267097,-111.397123],[82.882564,-111.3799]]}},{"type":"Feature","id":"781-Newwworld","properties":{"roadId":"781-Newwworld","width":80.0,"hidden":false},"geometry":{"type":"LineString","coordinates":[[93.288953,-109.850399],[93.202295,-109.776535],[92.936556,-109.649955],[92.663621,-109.583497],[92.66363,-109.583115],[92.499176,-109.504703],[92.428951,-109.393331],[92.375964,-109.253096],[92.217274,-109.123443],[92.033446,-109.089519],[91.90072,-109.019641],[91.899956,-109.020378],[91.908003,-108.910994],[91.74565,-108.830742],[91.581986,-108.853511],[91.458322,-108.822305],[91.21603,-108.819136],[91.054962,-108.87872],[90.909596,-108.926151],[90.568866,-109.123417],[90.390298,-109.192184],[90.144047,-109.191707],[90.144056,-109.191707],[90.019463,-109.230153],[89.92113,-109.308843],[89.836737,-109.36676],[89.698143,-109.407159],[89.608151,-109.463383],[89.454019,-109.721917],[89.409062,-109.928836],[89.463524,-110.143186],[89.465069,-110.142544],[89.531727,-110.271025],[89.564158,-110.479246],[89.612977,-110.536521],[89.827258,-110.606859],[89.921668,-110.806331],[90.040175,-110.913041],[90.231243,-110.943536],[90.590594,-110.928362],[90.8272,-111.000194],[90.887201,-111.12621],[90.980795,-111.378589],[91.053165,-111.771108],[90.978286,-111.973678],[90.978234,-111.97623],[90.757183,-112.050805],[90.466618,-112.014286],[90.163865,-112.034859],[89.790218,-112.115424],[89.545529,-112.215389],[89.452395,-112.382412],[89.286041,-112.486527],[89.132229,-112.500078],[88.933999,-112.435338]]}},{"type":"Feature","id":"782-Newwworld","properties":{"roadId":"782-Newwworld","width":80.0,"hidden":false},"geometry":{"type":"LineString","coordinates":[[93.356818,-109.969809],[93.541637,-109.863662]]}},{"type":"Feature","id":"783-Newwworld","properties":{"roadId":"783-Newwworld","width":80.0,"hidden":false},"geometry":{"type":"LineString","coordinates":[[93.356818,-109.969809],[93.313068,-110.216867],[93.227833,-110.454706],[93.379961,-110.661087],[93.50905,-110.700445],[93.746568,-111.04509]]}},{"type":"Feature","id":"784-Newwworld","properties":{"roadId":"784-Newwworld","width":80.0,"hidden":false},"geometry":{"type":"LineString","coordinates":[[96.027357,-115.151788],[95.479716,-115.148767],[95.035496,-115.27487],[94.785026,-115.346763],[94.492786,-115.446937],[94.275467,-115.517501],[94.045058,-115.538117]]}},{"type":"Feature","id":"785-Newwworld","properties":{"roadId":"785-Newwworld","width":80.0,"hidden":false},"geometry":{"type":"LineString","coordinates":[[94.045058,-115.538117],[93.758156,-115.704837]]}},{"type":"Feature","id":"786-Newwworld","properties":{"roadId":"786-Newwworld","width":80.0,"hidden":false},"geometry":{"type":"LineString","coordinates":[[93.758156,-115.704837],[93.240377,-115.90607],[92.905358,-116.017442],[92.649793,-116.220429],[92.493534,-116.394231],[92.406016,-116.429883]]}},{"type":"Feature","id":"787-Newwworld","properties":{"roadId":"787-Newwworld","width":80.0,"hidden":false},"geometry":{"type":"LineString","coordinates":[[94.045058,-115.538117],[93.73221,-115.437978]]}},{"type":"Feature","id":"788-Newwworld","properties":{"roadId":"788-Newwworld","width":80.0,"hidden":false},"geometry":{"type":"LineString","coordinates":[[93.73221,-115.437978],[93.758156,-115.704837]]}},{"type":"Feature","id":"789-Newwworld","properties":{"roadId":"789-Newwworld","width":80.0,"hidden":false},"geometry":{"type":"LineString","coordinates":[[93.746568,-111.04509],[93.975128,-111.0443],[94.28992,-111.255638],[94.397412,-111.373885],[94.472187,-111.398893],[94.745339,-111.746403],[94.915183,-111.916291],[94.865799,-112.203939],[94.929419,-112.487031],[94.897136,-112.82665],[94.984931,-113.026546],[95.251208,-113.320002],[95.307181,-113.682721],[95.418153,-113.909379],[95.501053,-114.350613],[95.584734,-114.614234],[95.757035,-114.649486],[95.849127,-114.779573],[96.027357,-115.151788]]}},{"type":"Feature","id":"790-Newwworld","properties":{"roadId":"790-Newwworld","width":80.0,"hidden":false},"geometry":{"type":"LineString","coordinates":[[93.73221,-115.437978],[93.570213,-115.368273],[93.516472,-115.251597],[93.49813,-114.866883],[93.541958,-114.435249],[93.556975,-113.952392],[93.589441,-113.834518],[93.833573,-113.578588],[93.885857,-113.462798],[93.879693,-113.193925],[93.878695,-113.190827],[93.918739,-113.001737],[93.9207,-113.003361],[93.934129,-112.551475],[94.003774,-112.315511],[93.940614,-112.098288],[93.779554,-111.835015],[93.734519,-111.679198],[93.782792,-111.568009],[93.918027,-111.461098],[93.91919,-111.462392],[93.915735,-111.294388],[93.746568,-111.04509]]}},{"type":"Feature","id":"791-Newwworld","properties":{"roadId":"791-Newwworld","width":80.0,"hidden":false},"geometry":{"type":"LineString","coordinates":[[97.865705,-115.328794],[97.889316,-115.177821],[97.841339,-114.328235],[97.905341,-113.315731]]}},{"type":"Feature","id":"791-Newwworld-INGAME","properties":{"roadId":"791-Newwworld-INGAME","width":143.0,"hidden":true},"geometry":{"type":"LineString","coordinates":[[145.338097,-150.684929],[144.266939,-151.450088],[141.965316,-153.155198],[140.023904,-154.371322],[138.441884,-155.261421],[136.907478,-157.072408],[137.003008,-157.907315],[136.383501,-158.83573],[136.383692,-159.539248],[136.497108,-159.921671],[136.256811,-160.137913],[136.07957,-160.288373],[135.918382,-160.422436],[135.788276,-160.511074],[135.384787,-160.39261],[135.051674,-160.202739],[134.788232,-160.216845],[134.219599,-160.055786],[133.987007,-159.812478],[133.619753,-159.506539],[132.880652,-159.200549],[132.460317,-159.194759],[131.162198,-159.27409]]}},{"type":"Feature","id":"792-Newwworld","properties":{"roadId":"792-Newwworld","width":80.0,"hidden":false},"geometry":{"type":"LineString","coordinates":[[101.453113,-114.200535],[101.676352,-113.637312],[102.142464,-113.441496],[102.323776,-113.037849],[102.276909,-112.54579],[102.016926,-112.161491],[101.977151,-112.065597]]}},{"type":"Feature","id":"793-Newwworld","properties":{"roadId":"793-Newwworld","width":51.8,"hidden":false},"geometry":{"type":"LineString","coordinates":[[97.865705,-115.328794],[97.976782,-115.280738],[98.117937,-115.276441],[98.335359,-115.350487],[98.420707,-115.343872],[98.456072,-115.321476],[98.648668,-115.296155],[98.708668,-115.304471],[98.826342,-115.256571],[99.160032,-115.318638],[99.160024,-115.319532],[99.354833,-115.442744],[99.641562,-115.399983],[100.017683,-115.396685],[100.310644,-115.291676],[100.520219,-114.953315],[100.761357,-114.553114],[100.784847,-114.517428],[100.978806,-114.188356],[101.203572,-114.125118],[101.312583,-114.11846],[101.453113,-114.200535]]}},{"type":"Feature","id":"796-Newwworld","properties":{"roadId":"796-Newwworld","width":93.6,"hidden":false},"geometry":{"type":"LineString","coordinates":[[121.038669,-168.652108],[121.031834,-168.034372],[120.897041,-167.562079],[120.678774,-167.249282],[120.419,-167.136747],[120.440246,-166.904654],[120.248572,-166.640539],[120.193467,-166.323767],[120.182386,-165.911465],[120.264756,-165.796014],[120.169959,-165.741899],[119.896984,-165.630449],[119.709552,-165.462245],[119.521713,-165.166437]]}},{"type":"Feature","id":"797-Newwworld","properties":{"roadId":"797-Newwworld","width":82.2,"hidden":true},"geometry":{"type":"LineString","coordinates":[[31.821462,-210.223612],[32.056966,-209.869505],[32.625458,-209.351448],[33.035008,-209.491709],[33.211831,-209.654964],[33.339089,-209.872005],[33.308967,-210.123126],[33.312092,-210.135174],[33.434315,-210.4835],[33.475548,-210.533839],[33.729628,-210.822486],[34.317043,-210.866956],[34.396297,-210.908432],[34.511055,-211.040551],[34.850205,-211.04082],[34.939528,-211.126367],[34.938747,-211.125126],[35.015136,-211.377062],[35.057671,-211.567853],[35.199512,-211.838539],[35.353245,-211.941335],[35.690138,-212.197664],[35.887448,-212.311362],[35.944653,-212.418238],[36.04665,-212.696945],[35.986494,-212.956529],[36.071129,-213.195506],[36.233977,-213.320836],[36.515054,-213.496036],[36.773823,-213.653971],[36.952382,-213.711063],[37.073997,-213.815994],[37.012712,-213.87326],[37.071046,-214.073182],[37.058719,-214.217324],[37.344831,-214.407784],[37.405248,-214.479304]]}},{"type":"Feature","id":"798-Newwworld","properties":{"roadId":"798-Newwworld","width":82.2,"hidden":true},"geometry":{"type":"LineString","coordinates":[[31.821462,-210.223612],[31.330922,-210.961167]]}},{"type":"Feature","id":"799-Newwworld","properties":{"roadId":"799-Newwworld","width":87.9,"hidden":true},"geometry":{"type":"LineString","coordinates":[[31.246894,-209.278184],[31.048543,-209.408922],[31.04863,-209.408557],[31.061911,-209.493505],[30.873369,-210.079914],[31.002622,-210.427128],[31.330922,-210.961167]]}},{"type":"Feature","id":"800-Newwworld","properties":{"roadId":"800-Newwworld","width":87.9,"hidden":true},"geometry":{"type":"LineString","coordinates":[[31.821462,-210.223612],[31.475454,-209.906137],[31.442468,-209.656605],[31.418596,-209.544443],[31.350193,-209.483688],[31.324846,-209.401552],[31.246894,-209.278184]]}},{"type":"Feature","id":"801-Newwworld","properties":{"roadId":"801-Newwworld","width":101.2,"hidden":true},"geometry":{"type":"LineString","coordinates":[[49.728823,-83.92834],[48.574739,-83.247834],[46.454602,-81.940642]]}},{"type":"Feature","id":"805-Newwworld","properties":{"roadId":"805-Newwworld","width":89.8,"hidden":true},"geometry":{"type":"LineString","coordinates":[[218.902912,-129.476391],[218.155774,-129.462096],[217.720964,-129.418369],[217.545529,-129.430184],[216.818183,-129.219067]]}},{"type":"Feature","id":"806-Newwworld","properties":{"roadId":"806-Newwworld","width":105.0,"hidden":true},"geometry":{"type":"LineString","coordinates":[[192.934152,-153.548611],[192.899222,-153.547066],[192.035408,-153.465251],[191.088426,-153.181474],[190.828694,-152.988548],[190.449769,-152.808209],[189.928734,-152.638365],[189.133315,-152.720535],[188.650475,-152.767714],[187.561174,-153.145259],[187.233873,-153.039147],[186.886875,-152.676151],[186.573532,-152.680144],[186.050388,-152.805544],[185.531037,-153.117863],[184.840193,-153.174712],[184.444054,-153.256179],[183.972742,-153.621754],[183.636074,-153.898864],[183.333799,-154.007961],[182.852061,-154.061781],[182.22659,-154.187207],[181.307316,-154.418336]]}},{"type":"Feature","id":"807-Newwworld","properties":{"roadId":"807-Newwworld","width":105.0,"hidden":true},"geometry":{"type":"LineString","coordinates":[[192.934152,-153.548611],[193.847628,-153.063661]]}},{"type":"Feature","id":"808-Newwworld","properties":{"roadId":"808-Newwworld","width":105.0,"hidden":true},"geometry":{"type":"LineString","coordinates":[[193.847628,-153.063661],[193.7186,-153.583299]]}},{"type":"Feature","id":"809-Newwworld","properties":{"roadId":"809-Newwworld","width":105.0,"hidden":true},"geometry":{"type":"LineString","coordinates":[[209.176265,-127.151131],[208.981091,-126.750604],[208.615048,-126.45231],[208.188926,-126.505229],[207.793569,-126.43378],[206.961197,-126.281441],[206.324849,-126.071333],[205.927842,-125.890253],[205.766097,-125.844884],[205.628822,-125.774664],[205.303821,-125.721926],[204.661883,-125.83313],[204.334634,-126.214601],[203.983591,-126.258772],[203.788547,-126.31236],[203.577314,-126.509626],[203.324101,-126.444457],[202.822129,-126.502664],[202.308872,-126.082442],[202.240286,-126.079349],[201.995806,-126.074248],[201.98947,-126.087833],[201.719356,-126.283315],[201.607333,-126.279617],[201.41577,-126.302004],[201.275118,-126.573986],[201.254155,-126.588885],[201.13925,-126.659424],[201.119692,-126.655424],[200.802452,-126.506235],[200.531461,-126.664512],[200.534959,-126.668818],[200.224342,-127.095129],[200.165939,-127.493719],[200.113986,-127.589044],[200.119342,-127.617424],[200.156165,-127.75402],[199.995531,-127.845315],[199.782657,-127.893092],[199.72645,-127.871501],[199.522638,-127.760027],[198.988557,-127.870643],[198.452452,-127.78031],[198.434805,-127.793839],[198.212183,-127.87529],[198.131358,-127.859892],[197.748743,-127.801658],[197.748509,-127.802407],[197.471234,-127.616534],[197.34257,-127.3616],[197.346138,-127.356185],[197.314662,-127.150129],[197.295591,-127.143004],[197.183525,-127.179244],[196.781839,-127.160681],[196.543201,-126.938849],[196.544269,-126.937894],[196.533479,-126.829408],[196.470258,-126.655042],[195.972783,-126.491986],[195.968694,-126.492357],[195.770013,-126.463653],[195.654179,-126.488557],[195.554821,-126.477773],[195.463371,-126.592474],[195.422763,-126.691751],[195.362268,-126.884686],[195.273275,-127.121468],[195.272997,-127.124958],[195.4243,-127.284613],[195.64174,-127.485928],[195.549977,-127.70638],[195.335602,-128.062153]]}},{"type":"Feature","id":"810-Newwworld","properties":{"roadId":"810-Newwworld","width":105.0,"hidden":true},"geometry":{"type":"LineString","coordinates":[[193.847628,-153.063661],[194.370503,-152.876369],[194.374609,-152.876977],[194.93126,-152.845197],[195.236817,-152.619163],[195.233353,-152.620847],[195.404213,-152.140316],[195.884814,-151.803032],[195.885352,-151.804256],[196.267879,-151.65633],[196.264815,-151.654611],[196.834417,-151.624064],[196.846648,-151.62041],[197.535678,-151.532936],[197.644359,-151.520939],[198.326506,-151.377822],[198.483364,-151.339263],[198.853773,-150.909748],[198.857593,-150.909635],[198.959329,-150.403218],[198.955987,-150.403635],[198.826976,-149.884623],[198.772792,-149.760378],[198.711724,-149.550768],[198.742844,-149.482286],[198.856221,-149.365107],[198.998027,-149.001252],[198.998227,-148.988769],[198.994937,-148.423741],[198.995058,-148.425165],[199.196934,-147.870076],[199.200432,-147.870623],[199.439878,-147.633443],[199.462473,-147.530596],[199.70046,-147.234701],[199.717283,-147.230682],[200.127337,-147.097921],[200.134003,-147.098745],[200.667226,-147.05325],[200.951454,-146.996167],[201.184042,-146.775437],[201.259754,-146.712407],[201.833566,-146.22001],[202.038758,-146.032327],[202.176762,-145.961554],[202.166701,-145.80256],[202.132361,-145.597282],[202.166311,-145.50946],[202.453082,-144.954016],[202.514463,-144.80576],[202.533065,-144.468632],[202.556564,-144.389153],[202.752701,-144.077624],[202.782484,-144.048362],[203.369101,-143.474323],[203.369066,-143.472474],[203.482053,-143.3975],[203.473138,-143.264305],[203.473207,-143.263567],[203.578286,-142.972568],[203.582557,-142.972716],[203.545213,-142.580735],[203.533225,-142.501976],[203.618616,-142.262948],[203.614215,-142.262218],[203.748529,-142.094162],[203.748694,-142.094961],[203.913382,-141.893137],[204.062454,-141.545063],[204.33959,-141.295436],[204.35374,-141.295479],[204.731614,-141.190939],[204.776397,-141.136242],[204.909662,-141.020027],[205.039749,-140.753463],[205.007969,-140.59052],[205.01507,-140.544296],[205.130175,-140.181343]]}},{"type":"Feature","id":"811-Newwworld","properties":{"roadId":"811-Newwworld","width":89.8,"hidden":true},"geometry":{"type":"LineString","coordinates":[[209.586822,-128.502079],[209.588124,-128.448888],[209.176265,-127.151131]]}},{"type":"Feature","id":"812-Newwworld","properties":{"roadId":"812-Newwworld","width":89.8,"hidden":true},"geometry":{"type":"LineString","coordinates":[[211.120907,-128.046409],[211.120907,-128.046409],[209.176265,-127.151131]]}},{"type":"Feature","id":"813-Newwworld","properties":{"roadId":"813-Newwworld","width":89.8,"hidden":true},"geometry":{"type":"LineString","coordinates":[[209.586822,-128.502079],[209.904609,-128.38131],[210.32817,-128.134819],[211.120907,-128.046409]]}},{"type":"Feature","id":"814-Newwworld","properties":{"roadId":"814-Newwworld","width":105.0,"hidden":true},"geometry":{"type":"LineString","coordinates":[[207.905809,-138.346198],[208.088544,-138.095138],[208.092893,-138.095746],[208.094265,-137.908593],[208.096825,-137.904409],[208.179812,-137.763818],[208.18443,-137.765502],[208.414899,-137.68459],[208.431184,-137.663913],[208.465759,-137.421343],[208.470195,-137.423417],[208.325533,-137.026402],[208.321783,-137.017982],[208.23193,-136.425635],[208.225272,-136.423378],[208.246913,-135.90863],[208.250072,-135.824108],[208.207538,-135.649148],[208.175037,-135.595823],[208.03653,-135.378811],[208.047962,-135.331616],[208.127147,-135.254726],[208.300515,-134.937095],[208.491957,-134.836425],[208.481332,-134.69229],[208.499761,-134.408458],[208.503016,-134.385732],[208.486514,-133.855596],[208.485429,-133.809104],[208.347451,-133.358128],[208.345281,-133.358681],[208.34384,-133.161558],[208.333163,-133.102078],[208.589232,-132.842463]]}},{"type":"Feature","id":"814-Newwworld-INGAME","properties":{"roadId":"814-Newwworld-INGAME","width":143.0,"hidden":true},"geometry":{"type":"LineString","coordinates":[[131.162198,-159.27409],[132.460317,-159.194759],[132.880652,-159.200549],[133.619753,-159.506539],[133.987007,-159.812478],[134.219599,-160.055786],[134.788232,-160.216845],[135.411707,-160.167409],[135.636976,-159.980733],[136.053742,-159.925855],[136.620595,-160.128789],[136.815151,-160.145014],[137.111645,-160.169744],[137.437402,-160.0849],[138.312222,-160.175126],[138.551182,-160.149675],[138.682397,-160.055213],[139.120914,-159.973121]]}},{"type":"Feature","id":"815-Newwworld","properties":{"roadId":"815-Newwworld","width":105.0,"hidden":true},"geometry":{"type":"LineString","coordinates":[[210.562016,-151.714143],[210.94792,-151.868163],[211.091488,-151.88963]]}},{"type":"Feature","id":"816-Newwworld","properties":{"roadId":"816-Newwworld","width":105.0,"hidden":true},"geometry":{"type":"LineString","coordinates":[[207.905809,-138.346198],[207.918665,-138.864481],[208.054056,-139.206982],[208.041626,-139.458841],[208.012294,-139.626402],[208.227711,-139.900171],[208.542018,-140.154876],[209.018052,-140.436813],[209.433766,-140.451952],[209.743402,-140.734132],[209.814218,-141.086416],[209.651327,-141.302684],[209.499304,-141.600341],[209.161612,-141.96483],[209.158869,-142.014301],[208.934189,-142.750935],[208.898556,-142.905354],[208.867687,-143.561876],[208.891472,-143.811538],[208.827627,-143.898439],[208.479596,-144.143866],[208.230576,-144.774953],[208.263241,-145.322212],[207.797771,-145.866857],[207.316727,-145.976415],[207.069574,-146.34962],[206.894087,-146.429325],[206.534581,-147.175169],[206.500605,-147.941161],[206.495535,-148.236857],[206.80768,-148.48092],[207.054061,-148.675348],[207.728925,-148.876078],[207.796694,-148.928613],[208.009759,-149.073613],[208.285229,-149.110523],[208.384179,-149.104933],[208.948391,-149.194907],[208.963764,-149.198726],[209.432116,-149.54213],[209.427125,-149.540993],[209.790755,-149.966272],[209.950859,-150.072679],[210.083065,-150.122028],[210.268873,-150.386656],[210.534724,-150.768454],[210.712833,-151.348109]]}},{"type":"Feature","id":"817-Newwworld","properties":{"roadId":"817-Newwworld","width":105.0,"hidden":true},"geometry":{"type":"LineString","coordinates":[[210.712833,-151.348109],[210.562016,-151.714143]]}},{"type":"Feature","id":"818-Newwworld","properties":{"roadId":"818-Newwworld","width":105.0,"hidden":true},"geometry":{"type":"LineString","coordinates":[[211.091488,-151.88963],[211.285508,-151.871513],[211.449953,-151.943241],[211.735353,-152.09121],[211.794269,-152.098901]]}},{"type":"Feature","id":"819-Newwworld","properties":{"roadId":"819-Newwworld","width":105.0,"hidden":true},"geometry":{"type":"LineString","coordinates":[[210.712833,-151.348109],[211.091488,-151.88963]]}},{"type":"Feature","id":"820-Newwworld","properties":{"roadId":"820-Newwworld","width":127.8,"hidden":true},"geometry":{"type":"LineString","coordinates":[[173.902621,-128.154731],[173.585537,-128.222929],[173.35084,-128.242141],[172.951645,-128.096455],[172.727617,-127.983698],[172.452902,-128.030464],[172.249143,-128.033874],[171.645443,-128.119926],[171.278194,-128.132416],[171.041057,-127.972228]]}},{"type":"Feature","id":"821-Newwworld","properties":{"roadId":"821-Newwworld","width":105.0,"hidden":true},"geometry":{"type":"LineString","coordinates":[[193.847628,-153.063661],[193.515613,-152.678669],[193.362869,-152.390664],[193.367088,-152.388598],[193.297079,-151.969769],[193.320786,-151.879248],[193.132469,-151.140235],[193.02312,-151.05171],[192.933597,-150.961658],[192.928961,-150.958446],[192.643223,-150.909036],[192.607172,-150.858584],[192.555228,-150.704782],[192.557901,-150.698497],[192.33672,-150.56709],[192.20132,-150.573306],[191.925659,-150.605936],[191.867821,-150.567524],[191.620919,-149.985474],[190.774466,-149.087641],[190.620377,-148.530738],[190.638962,-148.242013],[190.489813,-147.63195],[190.376505,-147.117339],[190.327234,-146.959995],[190.02554,-146.765411],[189.688256,-145.979427],[189.614992,-145.654626],[189.203272,-145.374286],[189.019573,-145.315684],[188.75222,-144.910899],[188.20477,-143.977502],[187.962547,-143.716095],[187.754057,-143.257725]]}},{"type":"Feature","id":"822-Newwworld","properties":{"roadId":"822-Newwworld","width":105.0,"hidden":true},"geometry":{"type":"LineString","coordinates":[[173.902621,-128.154731],[174.355678,-128.264286],[175.040394,-128.721378],[175.576733,-128.810657],[176.19578,-129.43579],[176.302403,-129.558899],[176.62191,-130.188425]]}},{"type":"Feature","id":"823-Newwworld","properties":{"roadId":"823-Newwworld","width":105.0,"hidden":true},"geometry":{"type":"LineString","coordinates":[[173.902621,-128.154731],[173.962013,-127.762954],[174.136962,-127.617558],[174.354263,-127.292163],[174.6333,-127.094122],[175.376602,-127.214994],[175.496706,-127.128561],[175.710943,-127.123557],[176.406518,-126.464232],[176.49723,-126.437963],[177.333153,-126.282265],[177.420862,-126.255597],[178.163234,-126.214015],[178.49222,-126.455126],[179.000138,-126.421847],[179.503925,-126.551663],[179.55521,-126.586817],[179.783552,-126.859967],[179.821495,-126.888903],[179.917919,-127.346426],[179.915028,-127.356157],[180.322521,-127.5054],[180.573694,-127.459094],[181.040987,-127.23973],[181.827118,-126.557946],[181.828924,-126.558164],[182.25949,-126.452003],[182.610168,-126.59096],[182.664751,-126.802861],[182.66279,-126.945285],[182.822547,-127.318691],[182.965499,-127.399088],[183.149024,-127.259189],[183.35195,-127.344462]]}},{"type":"Feature","id":"825-Newwworld","properties":{"roadId":"825-Newwworld","width":105.0,"hidden":true},"geometry":{"type":"LineString","coordinates":[[187.754057,-143.257725],[187.950724,-142.641204]]}},{"type":"Feature","id":"827-Newwworld","properties":{"roadId":"827-Newwworld","width":105.0,"hidden":true},"geometry":{"type":"LineString","coordinates":[[187.754057,-143.257725],[188.169709,-142.883731]]}},{"type":"Feature","id":"828-Newwworld","properties":{"roadId":"828-Newwworld","width":105.0,"hidden":true},"geometry":{"type":"LineString","coordinates":[[188.169709,-142.883731],[187.950724,-142.641204]]}},{"type":"Feature","id":"830-Newwworld","properties":{"roadId":"830-Newwworld","width":105.0,"hidden":true},"geometry":{"type":"LineString","coordinates":[[188.169709,-142.883731],[188.482705,-142.480023],[188.484285,-142.47702],[188.755406,-142.279337],[188.873271,-142.140604],[189.040407,-141.852877],[189.030962,-141.853502],[189.46138,-140.972631],[189.584992,-140.923169],[190.072511,-140.707352],[190.091339,-140.683055],[190.393614,-140.36999],[190.562712,-139.971794],[190.571636,-139.960605],[191.005266,-139.222755],[190.980352,-139.000654],[191.02307,-138.504523],[191.044155,-138.349879],[191.22636,-138.039513]]}},{"type":"Feature","id":"832-Newwworld","properties":{"roadId":"832-Newwworld","width":105.0,"hidden":true},"geometry":{"type":"LineString","coordinates":[[195.335602,-128.062153],[195.638762,-128.226401],[195.665611,-128.249345],[195.863928,-128.509678],[196.075587,-128.492196],[196.144528,-128.470744],[196.392098,-128.582581],[196.466578,-128.60645],[196.590884,-128.665893],[196.858133,-128.568596],[196.97269,-128.621546],[197.485435,-129.213477],[197.685054,-130.434153]]}},{"type":"Feature","id":"833-Newwworld","properties":{"roadId":"833-Newwworld","width":105.0,"hidden":true},"geometry":{"type":"LineString","coordinates":[[196.44584,-134.684202],[196.4263,-134.567974],[196.915702,-134.105893]]}},{"type":"Feature","id":"834-Newwworld","properties":{"roadId":"834-Newwworld","width":105.0,"hidden":true},"geometry":{"type":"LineString","coordinates":[[205.130175,-140.181343],[205.381808,-140.049633],[205.528301,-139.802141],[205.528813,-139.799736],[205.780429,-139.536931],[205.796392,-139.497634],[205.820655,-139.27233],[205.836384,-139.255602],[206.005369,-139.07239],[206.070126,-138.995732],[206.44228,-138.955046],[206.506152,-138.926669],[206.804503,-138.725097],[206.867168,-138.705071],[207.255981,-138.629125],[207.38421,-138.597111],[207.905809,-138.346198]]}},{"type":"Feature","id":"835-Newwworld","properties":{"roadId":"835-Newwworld","width":105.0,"hidden":true},"geometry":{"type":"LineString","coordinates":[[196.44584,-134.684202],[196.655736,-134.875525],[196.818992,-134.84782],[197.000616,-134.798357]]}},{"type":"Feature","id":"837-Newwworld","properties":{"roadId":"837-Newwworld","width":97.4,"hidden":true},"geometry":{"type":"LineString","coordinates":[[160.218052,-158.682066],[160.25313,-158.383827],[160.252462,-158.368801],[160.433504,-157.61313],[160.740562,-157.170307],[160.974886,-156.785861],[160.285596,-157.129239],[159.865342,-157.251488],[159.599005,-157.265707],[159.885994,-157.570829],[160.062921,-158.003235],[160.136159,-158.323697],[160.218052,-158.682066]]}},{"type":"Feature","id":"839-Newwworld","properties":{"roadId":"839-Newwworld","width":87.9,"hidden":false},"geometry":{"type":"LineString","coordinates":[[88.21799,-78.645892],[87.972408,-78.677923],[87.850202,-78.873609],[87.591148,-78.61235],[87.196719,-78.842446],[87.190252,-79.052716]]}},{"type":"Feature","id":"840-Newwworld","properties":{"roadId":"840-Newwworld","width":97.4,"hidden":true},"geometry":{"type":"LineString","coordinates":[[162.129803,-173.239199],[161.504098,-172.694561],[161.297205,-172.586679],[161.274896,-172.416982],[161.242925,-172.201738],[160.612888,-171.228185],[160.428296,-171.10512],[160.396568,-170.877967],[160.286872,-170.746751],[160.130057,-170.705865],[159.927461,-170.435535],[159.901931,-170.299136],[159.673736,-170.214631],[159.277901,-170.061592],[159.081842,-169.888354],[158.89053,-169.735654],[158.682422,-169.781869],[158.555486,-169.708292],[158.424834,-169.486425],[158.292481,-169.302709],[158.439565,-169.156094],[158.34907,-168.938958],[158.333532,-168.817638],[158.502334,-168.40117],[158.651371,-168.229885],[158.756372,-168.003764],[158.795391,-167.850526],[158.677422,-167.595638],[158.565199,-167.463979],[158.606562,-167.406852],[158.599375,-167.278736],[158.476857,-167.096313],[158.227637,-167.034733],[158.095987,-166.853066],[158.054321,-166.451519],[157.79445,-165.388122],[157.844658,-164.905394],[157.950822,-164.382754],[158.31328,-163.812543],[158.473506,-163.47183],[158.672726,-163.294703],[158.91106,-163.298401],[159.308301,-163.142506],[159.625524,-162.783868],[159.822356,-162.609249],[160.263477,-162.435507],[160.614763,-161.984212],[160.697602,-161.775262],[160.765181,-161.463377],[160.633088,-161.171362],[160.375995,-160.91104],[160.242088,-160.695962],[160.179866,-160.308807],[160.177132,-159.968051],[160.19326,-159.620802],[160.357167,-159.152415],[160.267991,-158.767222],[160.218052,-158.682066]]}},{"type":"Feature","id":"841-Newwworld","properties":{"roadId":"841-Newwworld","width":87.9,"hidden":false},"geometry":{"type":"LineString","coordinates":[[88.21799,-78.645892],[88.195707,-78.83262],[88.114752,-78.836448],[88.100993,-80.137008],[88.171914,-80.254274],[88.190368,-80.337529],[88.243042,-80.469813]]}},{"type":"Feature","id":"842-Newwworld","properties":{"roadId":"842-Newwworld","width":80.0,"hidden":false},"geometry":{"type":"LineString","coordinates":[[91.666839,-132.197526],[91.518444,-132.138437],[91.291551,-132.157853],[91.23004,-132.351214],[91.175691,-132.482234],[91.025682,-132.614861],[90.954701,-132.739606],[90.93602,-132.875207],[90.783094,-133.037395],[90.480185,-133.250294],[90.192493,-133.241424],[89.96014,-133.068447],[89.717934,-133.024849]]}},{"type":"Feature","id":"843-Newwworld","properties":{"roadId":"843-Newwworld","width":87.9,"hidden":false},"geometry":{"type":"LineString","coordinates":[[88.243042,-80.469813],[88.337435,-80.475898],[88.33398,-80.598225],[88.311732,-80.706775]]}},{"type":"Feature","id":"844-Newwworld","properties":{"roadId":"844-Newwworld","width":80.0,"hidden":false},"geometry":{"type":"LineString","coordinates":[[99.074876,-130.702042],[98.491558,-130.803194],[98.145984,-130.790715],[97.762484,-130.803835],[97.343785,-130.678223],[96.979192,-130.507505],[96.874782,-130.367505],[96.524459,-130.235748],[96.260066,-130.252028],[96.122392,-130.273607],[95.938945,-130.330909],[95.604039,-130.400619],[95.287623,-130.339905],[95.182041,-130.243641]]}},{"type":"Feature","id":"845-Newwworld","properties":{"roadId":"845-Newwworld","width":101.2,"hidden":true},"geometry":{"type":"LineString","coordinates":[[73.363426,-56.181935],[73.076151,-55.947464],[72.56575,-55.763922],[72.40331,-55.559607],[71.678151,-55.334606],[71.260745,-54.909674],[70.908938,-54.066156],[70.522357,-53.707031],[69.426407,-53.396622],[68.873567,-53.053904]]}},{"type":"Feature","id":"846-Newwworld","properties":{"roadId":"846-Newwworld","width":101.2,"hidden":true},"geometry":{"type":"LineString","coordinates":[[73.404902,-21.347208],[74.269236,-20.915522],[75.041166,-20.99278],[75.967888,-21.351635],[76.722144,-21.662747],[77.061442,-21.921776]]}},{"type":"Feature","id":"847-Newwworld","properties":{"roadId":"847-Newwworld","width":124.0,"hidden":true},"geometry":{"type":"LineString","coordinates":[[46.454602,-81.940642],[41.167674,-80.513103],[38.786677,-80.321331]]}},{"type":"Feature","id":"848-Newwworld","properties":{"roadId":"848-Newwworld","width":139.2,"hidden":true},"geometry":{"type":"LineString","coordinates":[[48.767066,-76.689514],[52.284301,-74.848908]]}},{"type":"Feature","id":"849-Newwworld","properties":{"roadId":"849-Newwworld","width":101.2,"hidden":true},"geometry":{"type":"LineString","coordinates":[[46.454602,-81.940642],[46.412111,-80.042303],[47.867706,-78.045768],[48.767066,-76.689514]]}},{"type":"Feature","id":"850-Newwworld","properties":{"roadId":"850-Newwworld","width":101.2,"hidden":true},"geometry":{"type":"LineString","coordinates":[[50.509407,-83.358113],[50.211932,-83.45287],[49.728823,-83.92834]]}},{"type":"Feature","id":"851-Newwworld","properties":{"roadId":"851-Newwworld","width":108.8,"hidden":true},"geometry":{"type":"LineString","coordinates":[[52.284301,-74.848908],[52.910032,-74.528638],[54.211833,-73.611534]]}},{"type":"Feature","id":"852-Newwworld","properties":{"roadId":"852-Newwworld","width":101.2,"hidden":true},"geometry":{"type":"LineString","coordinates":[[50.509407,-83.358113],[50.316264,-82.325166],[50.899739,-81.501309],[50.99388,-79.254791],[51.502666,-77.303309],[52.284301,-74.848908]]}},{"type":"Feature","id":"853-Newwworld","properties":{"roadId":"853-Newwworld","width":101.2,"hidden":true},"geometry":{"type":"LineString","coordinates":[[54.211833,-73.611534],[54.539786,-73.183147],[54.421139,-72.758406],[54.734127,-72.238726],[55.021081,-72.102067]]}},{"type":"Feature","id":"854-Newwworld","properties":{"roadId":"854-Newwworld","width":80.0,"hidden":false},"geometry":{"type":"LineString","coordinates":[[96.892794,-52.976846],[97.771035,-52.313051],[97.9562,-51.991774],[97.714177,-51.333768],[96.997369,-50.80624],[97.088359,-49.763485]]}},{"type":"Feature","id":"855-Newwworld","properties":{"roadId":"855-Newwworld","width":101.2,"hidden":true},"geometry":{"type":"LineString","coordinates":[[56.573108,-47.245707],[56.469575,-46.480948],[56.393064,-46.38672]]}},{"type":"Feature","id":"856-Newwworld","properties":{"roadId":"856-Newwworld","width":101.2,"hidden":true},"geometry":{"type":"LineString","coordinates":[[59.244428,-45.623931],[59.420991,-45.12886],[59.344568,-44.350107],[59.520757,-44.09153],[59.492059,-43.763291],[59.832495,-43.404852],[59.832495,-43.076361],[60.019735,-42.695804],[60.048355,-42.200829],[60.223338,-42.018016],[60.200907,-41.803215]]}},{"type":"Feature","id":"857-Newwworld","properties":{"roadId":"857-Newwworld","width":101.2,"hidden":true},"geometry":{"type":"LineString","coordinates":[[56.573108,-47.245707],[57.632062,-46.717511]]}},{"type":"Feature","id":"858-Newwworld","properties":{"roadId":"858-Newwworld","width":101.2,"hidden":true},"geometry":{"type":"LineString","coordinates":[[57.632062,-46.717511],[57.696003,-46.674143],[59.244428,-45.623931]]}},{"type":"Feature","id":"859-Newwworld","properties":{"roadId":"859-Newwworld","width":101.2,"hidden":true},"geometry":{"type":"LineString","coordinates":[[58.906754,-47.25687],[59.220209,-45.691856],[59.244428,-45.623931]]}},{"type":"Feature","id":"860-Newwworld","properties":{"roadId":"860-Newwworld","width":101.2,"hidden":true},"geometry":{"type":"LineString","coordinates":[[57.632062,-46.717511],[58.487985,-46.613978],[58.906754,-47.25687]]}},{"type":"Feature","id":"861-Newwworld","properties":{"roadId":"861-Newwworld","width":101.2,"hidden":true},"geometry":{"type":"LineString","coordinates":[[56.573108,-47.245707],[56.434766,-47.702471],[56.237222,-48.447473],[55.700727,-48.983647],[55.582914,-49.997236],[54.923363,-51.07039],[54.616739,-52.425855],[54.712477,-53.021265]]}},{"type":"Feature","id":"862-Newwworld","properties":{"roadId":"862-Newwworld","width":101.2,"hidden":true},"geometry":{"type":"LineString","coordinates":[[52.120481,-56.483777],[52.274266,-56.724073],[52.311002,-57.069117],[52.419961,-57.332582],[52.597687,-57.609484],[52.566246,-57.990014],[52.485282,-58.092819],[52.489084,-58.256352],[52.718026,-58.579851],[52.555855,-59.221946],[52.493624,-59.495349],[52.525985,-59.768849],[52.443181,-59.967044],[52.522617,-60.227652],[52.51944,-60.370257],[52.359813,-60.720145],[52.248945,-61.204244],[52.2797,-61.346406],[52.522287,-61.633733],[52.830075,-61.955219],[52.888721,-62.284282],[53.076699,-62.61273],[53.48072,-62.786932],[53.841971,-63.360632],[53.898447,-63.909488],[54.152067,-64.131867],[54.210071,-64.435574],[54.415219,-64.453378],[54.528162,-64.546269],[54.525489,-64.909908],[54.671184,-65.041219],[55.025143,-65.625466],[55.346464,-66.064912],[55.351281,-66.368584],[55.596057,-67.054029],[55.824451,-67.542347],[56.086683,-67.777765],[56.417006,-67.66292],[56.58961,-67.528814],[56.933396,-67.924206],[57.416722,-68.080283]]}},{"type":"Feature","id":"863-Newwworld","properties":{"roadId":"863-Newwworld","width":101.2,"hidden":true},"geometry":{"type":"LineString","coordinates":[[52.120481,-56.483777],[51.461155,-56.47494],[50.954175,-56.461902],[50.32965,-55.880988],[49.91352,-55.276264],[49.793467,-54.531192],[50.17695,-53.679731],[50.419737,-52.060064],[51.205234,-50.546769],[52.505629,-49.661106],[53.568038,-49.189316],[54.137961,-48.23795],[54.732972,-47.677662],[55.092565,-47.2449],[56.393064,-46.38672]]}},{"type":"Feature","id":"864-Newwworld","properties":{"roadId":"864-Newwworld","width":148.7,"hidden":true},"geometry":{"type":"LineString","coordinates":[[103.872713,-53.211552],[103.845491,-53.000848],[103.557148,-52.993018]]}},{"type":"Feature","id":"865-Newwworld","properties":{"roadId":"865-Newwworld","width":148.7,"hidden":true},"geometry":{"type":"LineString","coordinates":[[103.557148,-52.993018],[103.290081,-52.806221],[103.150523,-52.892723],[103.228006,-53.148479],[103.129464,-53.212489],[102.825427,-53.198002],[102.530053,-53.28321],[102.158246,-53.241821],[102.080468,-53.45716],[101.850762,-53.638116],[101.276845,-53.794618],[100.821826,-53.676198],[100.167406,-54.119064],[100.05843,-53.743976],[99.902179,-53.701666],[99.447707,-53.778993],[99.304512,-53.563949],[99.109919,-53.379244],[98.844971,-53.354322],[98.663234,-53.442846],[98.295038,-53.458966],[97.908344,-53.467638],[97.71225,-53.317811],[97.535661,-53.011022],[96.892794,-52.976846]]}},{"type":"Feature","id":"866-Newwworld","properties":{"roadId":"866-Newwworld","width":148.7,"hidden":true},"geometry":{"type":"LineString","coordinates":[[103.872713,-53.211552],[103.750508,-53.506518],[103.538467,-53.726554],[103.310958,-53.612769]]}},{"type":"Feature","id":"866-Newwworld-INGAME","properties":{"roadId":"866-Newwworld-INGAME","width":120.2,"hidden":true},"geometry":{"type":"LineString","coordinates":[[70.339101,-166.338819],[70.343624,-166.33467],[70.656056,-166.422795],[71.36045,-166.942563],[72.429968,-167.751558],[72.90727,-168.173799],[72.96793,-168.626995],[73.058147,-168.797395],[73.230405,-168.902422],[73.779321,-169.037674],[73.906822,-169.200409]]}},{"type":"Feature","id":"867-Newwworld","properties":{"roadId":"867-Newwworld","width":148.7,"hidden":true},"geometry":{"type":"LineString","coordinates":[[103.310958,-53.612769],[103.551671,-53.318176],[103.557148,-52.993018]]}},{"type":"Feature","id":"868-Newwworld","properties":{"roadId":"868-Newwworld","width":148.7,"hidden":true},"geometry":{"type":"LineString","coordinates":[[104.779453,-53.158982],[104.406205,-53.173635],[104.0382,-53.298176],[103.872713,-53.211552]]}},{"type":"Feature","id":"869-Newwworld","properties":{"roadId":"869-Newwworld","width":148.7,"hidden":true},"geometry":{"type":"LineString","coordinates":[[103.310958,-53.612769],[103.108709,-53.828759],[102.768595,-54.049289],[102.833352,-54.301964],[103.387173,-54.500324],[103.514587,-54.671557],[103.3745,-54.835247],[103.538797,-55.039605],[103.645803,-55.039944],[104.003886,-54.77463],[104.216091,-54.616696],[104.343895,-54.415566],[104.446891,-54.081051],[104.596744,-53.859193],[104.809097,-53.240519],[104.779453,-53.158982]]}},{"type":"Feature","id":"870-Newwworld","properties":{"roadId":"870-Newwworld","width":148.7,"hidden":true},"geometry":{"type":"LineString","coordinates":[[105.197492,-52.62181],[104.935582,-52.947402],[104.779453,-53.158982]]}},{"type":"Feature","id":"871-Newwworld","properties":{"roadId":"871-Newwworld","width":80.0,"hidden":false},"geometry":{"type":"LineString","coordinates":[[99.075301,-49.063725],[100.45574,-48.062403],[103.057919,-46.995185],[104.24814,-46.875602],[104.444104,-46.977451]]}},{"type":"Feature","id":"872-Newwworld","properties":{"roadId":"872-Newwworld","width":148.7,"hidden":true},"geometry":{"type":"LineString","coordinates":[[105.197492,-52.62181],[105.371989,-52.514735],[105.407076,-52.190542],[105.32356,-51.816443],[105.263534,-51.621034],[105.461729,-51.218915],[105.765636,-51.205017],[105.81588,-51.087118],[105.536964,-50.908289],[105.331842,-50.45768],[104.945043,-50.130699]]}},{"type":"Feature","id":"873-Newwworld","properties":{"roadId":"873-Newwworld","width":148.7,"hidden":true},"geometry":{"type":"LineString","coordinates":[[104.945043,-50.130699],[104.747864,-50.197531],[104.554252,-50.468426],[104.484217,-50.696656],[104.336916,-50.870867],[104.293322,-51.18118],[103.830231,-51.335261],[103.329925,-50.867725],[103.004247,-50.648757],[102.462301,-50.635649],[102.003731,-50.743045],[101.155768,-50.754617],[100.782616,-50.808462],[100.488023,-50.967577],[100.265835,-51.367891],[100.152675,-51.633899],[99.81388,-51.594246],[99.49558,-51.389228],[99.200145,-51.266858],[99.04695,-50.769295],[99.21643,-50.423487],[99.002792,-49.776974],[99.075301,-49.063725]]}},{"type":"Feature","id":"874-Newwworld","properties":{"roadId":"874-Newwworld","width":80.0,"hidden":false},"geometry":{"type":"LineString","coordinates":[[105.858033,-49.554343],[106.320161,-49.755542],[107.069695,-50.0201],[107.746155,-50.630762],[107.948934,-50.828046],[108.190601,-50.959574],[108.637217,-51.145885],[108.89701,-51.561911],[109.123547,-51.989551],[109.179546,-52.430473],[109.240648,-52.666845],[109.44571,-52.74142],[109.789383,-52.982411],[109.979514,-53.400763],[109.8994,-53.612534],[110.059262,-53.883013],[109.996571,-54.14409],[110.136867,-54.487355],[110.518022,-54.912113],[110.901296,-55.211021],[111.13483,-55.435336]]}},{"type":"Feature","id":"875-Newwworld","properties":{"roadId":"875-Newwworld","width":148.7,"hidden":true},"geometry":{"type":"LineString","coordinates":[[104.945043,-50.130699],[104.907153,-49.891315],[105.039992,-49.449187],[104.923229,-49.100965],[105.117049,-49.180853],[105.170686,-49.429169],[105.336043,-49.599778],[105.276381,-49.804674],[106.022278,-50.285865],[106.368486,-50.361351],[106.537557,-50.32077],[106.344796,-50.149302],[105.858033,-49.554343]]}},{"type":"Feature","id":"876-Newwworld","properties":{"roadId":"876-Newwworld","width":148.7,"hidden":false},"geometry":{"type":"LineString","coordinates":[[105.045695,-58.650728],[104.935859,-58.718854],[104.542438,-59.149463],[104.163921,-59.246494],[103.956064,-59.382641],[103.552061,-59.85522],[103.465594,-60.122695],[103.657331,-60.269979],[103.743503,-60.448243],[103.722157,-61.02828],[103.489318,-61.559749],[102.712024,-62.416054],[102.407648,-62.813347],[102.103723,-63.240805],[102.076613,-63.879548],[101.937594,-64.303656],[101.940858,-64.45784],[102.290529,-64.712008],[102.413863,-64.90081],[102.353394,-65.249171],[102.43434,-65.681039],[102.349236,-65.902454],[102.063428,-66.183653],[102.109504,-66.753525],[102.337127,-67.333918],[102.704281,-68.063078],[102.681216,-68.60992],[102.235025,-69.031588],[102.089357,-69.296077],[102.072221,-69.878692],[101.774373,-70.235559]]}},{"type":"Feature","id":"877-Newwworld","properties":{"roadId":"877-Newwworld","width":80.0,"hidden":false},"geometry":{"type":"LineString","coordinates":[[97.499506,-58.397941],[97.329827,-57.319474],[98.031912,-55.981301],[97.722545,-55.614624],[97.460018,-55.593296],[96.726838,-55.58281],[96.418348,-54.327953],[96.892794,-52.976846]]}},{"type":"Feature","id":"878-Newwworld","properties":{"roadId":"878-Newwworld","width":148.7,"hidden":true},"geometry":{"type":"LineString","coordinates":[[105.045695,-58.650728],[104.796562,-58.485181],[104.376179,-58.407967],[104.11162,-58.549365],[103.919866,-58.339373],[103.785369,-58.288314],[103.616298,-58.408384],[103.391219,-58.466943],[103.211817,-58.467881],[103.081296,-58.142098],[102.786017,-57.876307],[102.552249,-57.465169],[102.291553,-57.516141],[102.214895,-57.550265],[102.106805,-57.475282],[101.861812,-57.10028],[101.372366,-57.014994],[100.20869,-57.29792],[99.722369,-57.34325],[98.751837,-57.902618],[98.14048,-57.828243],[97.783153,-58.020101],[97.499506,-58.397941]]}},{"type":"Feature","id":"879-Newwworld","properties":{"roadId":"879-Newwworld","width":148.7,"hidden":false},"geometry":{"type":"LineString","coordinates":[[105.863814,-53.945461],[105.824951,-53.811797],[105.661035,-53.622951],[105.357501,-53.604956],[105.256746,-53.581024],[105.223282,-53.468098],[105.309888,-53.228314],[105.328595,-52.984077],[105.364619,-52.754901],[105.197492,-52.62181]]}},{"type":"Feature","id":"880-Newwworld","properties":{"roadId":"880-Newwworld","width":200.0,"hidden":false},"geometry":{"type":"LineString","coordinates":[[105.863814,-53.945461],[105.964891,-53.718793],[106.131992,-53.520381],[106.296098,-53.198765]]}},{"type":"Feature","id":"881-Newwworld","properties":{"roadId":"881-Newwworld","width":200.0,"hidden":false},"geometry":{"type":"LineString","coordinates":[[106.296098,-53.198765],[106.256819,-52.918469],[106.227452,-52.790995],[106.355187,-52.702887],[106.611368,-52.656229],[106.807419,-52.693173],[107.037568,-52.631203],[107.125294,-52.558885],[107.254088,-52.607123],[107.193202,-52.762201],[107.04157,-52.753425],[106.803131,-53.119373]]}},{"type":"Feature","id":"882-Newwworld","properties":{"roadId":"882-Newwworld","width":200.0,"hidden":false},"geometry":{"type":"LineString","coordinates":[[106.803131,-53.119373],[106.807298,-53.334183],[106.72439,-53.418723]]}},{"type":"Feature","id":"882-Newwworld-INGAME","properties":{"roadId":"882-Newwworld-INGAME","width":124.0,"hidden":false},"geometry":{"type":"LineString","coordinates":[[138.032126,-192.219228],[138.034392,-192.221338],[138.34619,-192.220765],[138.677666,-192.013221],[139.171939,-191.814982],[140.048027,-191.485536],[140.883056,-191.312828],[141.49002,-191.261794],[141.693753,-191.344095],[141.890924,-191.75401],[142.297896,-191.870147],[142.602645,-192.21369],[142.69143,-192.56416],[142.737507,-192.969977],[143.209062,-193.270395],[143.856955,-194.103931],[144.475681,-194.651632],[144.498355,-195.111538],[144.54957,-195.655785]]}},{"type":"Feature","id":"883-Newwworld","properties":{"roadId":"883-Newwworld","width":200.0,"hidden":false},"geometry":{"type":"LineString","coordinates":[[106.296098,-53.198765],[106.569693,-53.012367],[106.669086,-52.958808],[106.803131,-53.119373]]}},{"type":"Feature","id":"883-Newwworld-INGAME","properties":{"roadId":"883-Newwworld-INGAME","width":108.8,"hidden":true},"geometry":{"type":"LineString","coordinates":[[74.106605,-216.353251],[73.947577,-216.150993],[73.847759,-215.610974],[73.68321,-215.485106],[73.544017,-215.269827],[73.330622,-215.196737],[73.143607,-215.425817],[72.910039,-215.498213]]}},{"type":"Feature","id":"884-Newwworld","properties":{"roadId":"884-Newwworld","width":148.7,"hidden":false},"geometry":{"type":"LineString","coordinates":[[107.174469,-41.15474],[105.670193,-40.589634],[104.527681,-41.131737],[103.693676,-41.433621],[103.387503,-41.673718],[102.681451,-42.70195]]}},{"type":"Feature","id":"885-Newwworld","properties":{"roadId":"885-Newwworld","width":148.7,"hidden":false},"geometry":{"type":"LineString","coordinates":[[107.174469,-41.15474],[107.132559,-40.756388],[107.172047,-40.227307],[107.360902,-39.896229],[107.332751,-39.663676],[107.296206,-38.729472],[107.34993,-38.46645],[107.01203,-37.751951],[107.267082,-37.421655],[107.039478,-37.119136],[106.188676,-37.133372],[105.929847,-37.206289]]}},{"type":"Feature","id":"886-Newwworld","properties":{"roadId":"886-Newwworld","width":148.7,"hidden":false},"geometry":{"type":"LineString","coordinates":[[105.929847,-37.206289],[105.836904,-37.369484]]}},{"type":"Feature","id":"887-Newwworld","properties":{"roadId":"887-Newwworld","width":148.7,"hidden":false},"geometry":{"type":"LineString","coordinates":[[105.929847,-37.206289],[105.938293,-36.87634],[105.846296,-36.623301],[105.856479,-36.360974]]}},{"type":"Feature","id":"887-Newwworld-INGAME","properties":{"roadId":"887-Newwworld-INGAME","width":148.7,"hidden":true},"geometry":{"type":"LineString","coordinates":[[121.912906,-56.462266],[123.546231,-55.613296],[124.378557,-54.901853],[124.590265,-53.697543]]}},{"type":"Feature","id":"888-Newwworld","properties":{"roadId":"888-Newwworld","width":148.7,"hidden":false},"geometry":{"type":"LineString","coordinates":[[105.836904,-37.369484],[105.829526,-37.785892],[105.752937,-37.967403],[105.882842,-38.180772],[105.910993,-38.35013],[106.147513,-38.284765],[106.229093,-38.207421],[106.216549,-37.983462],[106.076601,-38.017577],[106.072782,-38.210459]]}},{"type":"Feature","id":"889-Newwworld","properties":{"roadId":"889-Newwworld","width":148.7,"hidden":false},"geometry":{"type":"LineString","coordinates":[[102.681451,-42.70195],[102.318185,-43.359522],[102.465643,-44.095844],[102.135129,-44.231565],[100.976019,-44.105983],[99.906216,-43.76132],[99.283453,-42.929911],[98.295064,-42.713912],[97.898648,-42.509059],[97.13072,-42.54879]]}},{"type":"Feature","id":"890-Newwworld","properties":{"roadId":"890-Newwworld","width":148.7,"hidden":false},"geometry":{"type":"LineString","coordinates":[[105.836904,-37.369484],[105.788058,-37.209328],[105.630636,-37.256724],[105.350566,-37.582506],[105.164489,-37.811413],[104.811623,-38.310113],[104.152853,-38.922094],[103.611532,-39.198918],[103.175324,-39.350307],[102.633412,-39.479995],[101.914833,-39.56003],[101.398747,-39.6201],[101.066046,-39.571315],[100.740472,-39.635464]]}},{"type":"Feature","id":"891-Newwworld","properties":{"roadId":"891-Newwworld","width":80.0,"hidden":false},"geometry":{"type":"LineString","coordinates":[[96.23083,-38.499349],[96.037044,-38.783812],[96.179458,-40.008643],[96.095196,-40.990243]]}},{"type":"Feature","id":"892-Newwworld","properties":{"roadId":"892-Newwworld","width":80.0,"hidden":false},"geometry":{"type":"LineString","coordinates":[[96.23083,-38.499349],[96.466751,-38.163758]]}},{"type":"Feature","id":"893-Newwworld","properties":{"roadId":"893-Newwworld","width":148.7,"hidden":false},"geometry":{"type":"LineString","coordinates":[[100.740472,-39.635464],[100.478535,-40.053695]]}},{"type":"Feature","id":"894-Newwworld","properties":{"roadId":"894-Newwworld","width":80.0,"hidden":false},"geometry":{"type":"LineString","coordinates":[[96.813297,-37.801691],[96.872967,-37.502905],[96.922178,-37.211932],[96.867047,-37.113407],[96.909443,-36.945177],[96.889339,-36.739447],[96.971761,-36.575905],[97.088472,-36.535801],[97.239002,-36.560107],[97.157187,-36.748128],[97.028697,-37.004379],[96.965789,-37.208807]]}},{"type":"Feature","id":"895-Newwworld","properties":{"roadId":"895-Newwworld","width":74.6,"hidden":false},"geometry":{"type":"LineString","coordinates":[[100.740472,-39.635464],[100.293517,-39.696055]]}},{"type":"Feature","id":"895-Newwworld-INGAME","properties":{"roadId":"895-Newwworld-INGAME","width":105.0,"hidden":false},"geometry":{"type":"LineString","coordinates":[[70.469831,-185.008553],[69.851869,-184.675461],[69.560262,-184.340625],[69.018298,-183.852854],[68.552455,-183.48057],[68.304989,-183.120734],[67.817079,-182.429403],[67.379977,-181.91079]]}},{"type":"Feature","id":"896-Newwworld","properties":{"roadId":"896-Newwworld","width":74.6,"hidden":false},"geometry":{"type":"LineString","coordinates":[[100.293517,-39.696055],[99.915972,-39.521488],[99.603506,-39.256036],[99.262403,-39.197355],[98.916811,-38.467839],[98.334483,-37.996396],[98.062789,-37.904382],[97.667571,-37.942663],[97.435547,-37.843792],[97.012143,-38.017316],[96.813297,-37.801691]]}},{"type":"Feature","id":"897-Newwworld","properties":{"roadId":"897-Newwworld","width":148.7,"hidden":false},"geometry":{"type":"LineString","coordinates":[[100.478535,-40.053695],[100.620115,-40.369929],[101.017764,-40.466023],[101.334701,-40.652221],[102.065077,-41.410583],[102.441398,-42.042165],[102.681451,-42.70195]]}},{"type":"Feature","id":"897-Newwworld-INGAME","properties":{"roadId":"897-Newwworld-INGAME","width":133.5,"hidden":true},"geometry":{"type":"LineString","coordinates":[[88.537436,-157.217269],[88.661238,-157.394249],[88.875935,-157.62234],[88.996048,-157.8859],[89.325546,-157.913079],[89.694801,-157.915978],[89.862093,-157.923452],[90.183639,-158.075996],[90.460159,-158.15959],[90.60641,-158.459287],[90.746783,-158.6246],[90.952878,-158.784644],[91.187123,-158.731363]]}},{"type":"Feature","id":"898-Newwworld","properties":{"roadId":"898-Newwworld","width":74.6,"hidden":false},"geometry":{"type":"LineString","coordinates":[[100.293517,-39.696055],[100.478535,-40.053695]]}},{"type":"Feature","id":"898-Newwworld-INGAME","properties":{"roadId":"898-Newwworld-INGAME","width":106.9,"hidden":true},"geometry":{"type":"LineString","coordinates":[[88.537436,-157.217269],[88.201766,-156.979404],[87.990906,-156.903266],[87.72423,-156.663222],[87.622927,-156.250252],[87.471798,-156.05335],[87.353673,-155.815207],[87.498934,-155.608792],[87.417666,-155.095274],[87.421694,-154.849084],[87.437137,-154.499803],[87.346138,-154.377503],[87.145495,-154.328839],[86.9375,-154.263691],[86.773905,-154.255263],[86.563827,-154.243474],[86.487906,-154.21508],[86.360397,-154.005739],[86.323973,-153.687136],[86.310831,-153.531849],[86.322819,-153.423845],[86.376282,-153.298758],[86.51979,-153.216952],[86.50367,-153.13558],[86.331942,-152.937871],[86.265961,-152.623408],[86.212367,-152.458034],[86.306499,-152.224032]]}},{"type":"Feature","id":"899-Newwworld","properties":{"roadId":"899-Newwworld","width":101.2,"hidden":true},"geometry":{"type":"LineString","coordinates":[[69.015981,-10.91028],[69.048515,-11.103249],[68.989279,-11.555161],[68.784383,-12.261326],[68.658462,-12.91454],[68.698019,-13.433032],[68.578462,-14.092062],[68.410701,-14.632254],[67.210341,-16.14502],[66.163818,-16.735473],[66.136839,-16.869241],[65.906482,-16.885734],[65.686507,-17.144416],[65.968028,-18.332614],[65.879381,-19.569858]]}},{"type":"Feature","id":"899-Newwworld-INGAME","properties":{"roadId":"899-Newwworld-INGAME","width":91.7,"hidden":false},"geometry":{"type":"LineString","coordinates":[[136.005275,-190.498502],[135.765807,-190.387034],[135.22331,-190.38147],[134.570916,-190.263093],[133.8524,-190.236678],[133.510082,-190.271669],[132.945166,-190.292781],[132.306426,-190.325975]]}},{"type":"Feature","id":"900-Newwworld","properties":{"roadId":"900-Newwworld","width":101.2,"hidden":true},"geometry":{"type":"LineString","coordinates":[[65.879381,-19.569858],[66.107516,-20.168905],[66.345251,-20.530452],[66.731494,-20.818126],[67.483415,-21.34634],[68.13912,-21.722209],[68.821666,-21.580889],[69.104792,-21.542868],[69.792294,-21.809189],[70.812132,-21.752591],[71.424626,-21.789397],[71.883742,-21.862487],[72.407641,-21.682018],[72.631045,-21.264829],[73.404902,-21.347208]]}},{"type":"Feature","id":"900-Newwworld-INGAME","properties":{"roadId":"900-Newwworld-INGAME","width":74.6,"hidden":false},"geometry":{"type":"LineString","coordinates":[[66.810756,-177.278214],[66.410911,-177.019359],[65.902645,-176.610043],[65.1599,-176.011057],[64.407224,-175.822037],[63.925425,-175.431446]]}},{"type":"Feature","id":"901-Newwworld","properties":{"roadId":"901-Newwworld","width":101.2,"hidden":true},"geometry":{"type":"LineString","coordinates":[[64.995307,-23.767094],[66.462335,-23.175252],[68.378409,-23.100165],[69.675427,-22.72664],[71.186465,-22.368913],[71.946225,-22.548948],[72.563067,-22.250944]]}},{"type":"Feature","id":"902-Newwworld","properties":{"roadId":"902-Newwworld","width":101.2,"hidden":true},"geometry":{"type":"LineString","coordinates":[[65.879381,-19.569858],[65.464224,-21.351635],[64.356572,-23.238707]]}},{"type":"Feature","id":"903-Newwworld","properties":{"roadId":"903-Newwworld","width":101.2,"hidden":true},"geometry":{"type":"LineString","coordinates":[[64.356572,-23.238707],[64.995307,-23.767094]]}},{"type":"Feature","id":"904-Newwworld","properties":{"roadId":"904-Newwworld","width":101.2,"hidden":true},"geometry":{"type":"LineString","coordinates":[[62.601922,-24.039404],[64.995307,-23.767094]]}},{"type":"Feature","id":"905-Newwworld","properties":{"roadId":"905-Newwworld","width":101.2,"hidden":true},"geometry":{"type":"LineString","coordinates":[[64.356572,-23.238707],[62.601922,-24.039404]]}},{"type":"Feature","id":"906-Newwworld","properties":{"roadId":"906-Newwworld","width":118.3,"hidden":true},"geometry":{"type":"LineString","coordinates":[[57.416722,-68.080283],[57.833998,-68.353027],[57.836559,-68.9119],[57.998513,-69.356338],[58.047879,-69.929091],[58.074155,-70.703035],[58.291508,-71.271622],[58.000466,-71.610659],[57.401045,-71.75125],[56.671928,-72.29765],[56.521945,-72.596783],[56.058549,-73.022496],[55.015221,-73.719972],[54.211833,-73.611534]]}},{"type":"Feature","id":"907-Newwworld","properties":{"roadId":"907-Newwworld","width":101.2,"hidden":true},"geometry":{"type":"LineString","coordinates":[[57.416722,-68.080283],[57.295038,-67.897999],[57.337104,-67.637182],[57.249361,-67.446036],[57.152494,-67.358484],[57.151626,-67.116643],[57.022138,-66.950826],[57.073093,-66.605573],[57.04035,-65.781352],[57.205012,-65.494189],[57.641619,-65.05253],[57.594553,-64.603926],[57.461011,-64.520028]]}},{"type":"Feature","id":"908-Newwworld","properties":{"roadId":"908-Newwworld","width":101.2,"hidden":true},"geometry":{"type":"LineString","coordinates":[[57.461011,-64.520028],[57.608963,-63.898455],[57.956091,-63.641561],[58.098426,-63.183357],[58.435623,-62.554995],[58.810486,-62.314829],[59.080973,-62.10765],[59.162779,-61.929264],[59.308161,-61.88238],[59.501651,-61.700713],[59.803536,-60.903175],[60.085655,-60.410656],[60.075039,-60.141897],[60.402149,-59.5339],[60.423677,-59.277831],[60.371932,-58.990452],[60.461004,-58.494487],[60.532132,-58.396413],[60.688834,-58.342507],[60.841751,-58.372733],[61.040927,-58.125709],[61.303515,-58.100292],[61.471354,-58.368618],[61.575808,-58.429981],[61.7833,-58.412629],[62.140601,-58.602247],[63.281881,-58.719071],[63.847552,-58.528948],[64.073255,-58.577239],[64.263464,-58.503888],[64.927746,-59.21731],[65.750596,-59.472519],[65.875822,-59.446165],[65.936882,-59.339142],[66.193202,-59.227779],[66.273141,-59.045695],[66.462014,-58.924662],[66.552873,-58.9252],[66.782666,-58.639244],[67.06922,-58.547699],[67.186547,-58.467698],[67.27666,-58.476587],[67.427512,-58.384903],[67.804162,-58.247515]]}},{"type":"Feature","id":"909-Newwworld","properties":{"roadId":"909-Newwworld","width":101.2,"hidden":true},"geometry":{"type":"LineString","coordinates":[[54.712477,-53.021265],[54.362103,-53.363879],[53.282611,-54.713085],[53.30966,-54.937903],[53.370841,-55.298243],[53.317837,-55.422184],[53.10275,-55.540744],[52.858721,-55.491707],[52.803929,-55.741283],[52.68754,-56.029114],[52.120481,-56.483777]]}},{"type":"Feature","id":"910-Newwworld","properties":{"roadId":"910-Newwworld","width":101.2,"hidden":true},"geometry":{"type":"LineString","coordinates":[[57.461011,-64.520028],[57.228111,-64.078368],[56.916287,-63.840755],[56.828161,-63.768992],[56.728526,-63.540224],[56.479966,-63.184259],[56.459089,-62.793399],[56.529871,-62.485021],[56.475591,-62.286157],[56.321788,-62.028387],[56.25967,-61.744055],[56.109418,-61.558256],[56.130659,-61.337291],[55.838063,-61.184799],[55.67873,-61.262656],[55.33853,-61.059912],[55.182305,-61.046882],[55.127001,-60.673088],[55.044466,-60.263182],[55.16023,-60.028719],[55.267436,-59.709057],[55.439902,-59.299724],[55.461134,-59.033698],[55.452567,-58.390137],[55.522931,-58.190102],[55.47373,-58.03965],[55.641204,-57.824927],[55.679243,-57.569935],[55.628426,-57.399301],[55.493131,-57.338623],[55.414276,-56.989238],[55.425145,-56.734498],[55.226324,-56.381797],[55.209805,-55.653479],[55.309519,-54.313005],[54.712477,-53.021265]]}},{"type":"Feature","id":"911-Newwworld","properties":{"roadId":"911-Newwworld","width":101.2,"hidden":true},"geometry":{"type":"LineString","coordinates":[[68.873567,-53.053904],[68.56262,-52.393016],[67.875985,-51.745505],[67.79194,-51.452102],[67.803633,-51.279792],[67.674891,-50.944956],[67.27199,-50.643878],[67.172337,-50.409068],[66.84369,-50.486517],[66.370833,-50.457741],[66.102177,-50.374346],[65.959963,-50.13287],[65.953896,-49.989154],[66.068471,-49.669274],[66.056708,-49.482381],[66.08933,-49.22021],[66.039061,-48.878595],[65.682783,-48.632882],[65.356498,-48.203584]]}},{"type":"Feature","id":"912-Newwworld","properties":{"roadId":"912-Newwworld","width":101.2,"hidden":true},"geometry":{"type":"LineString","coordinates":[[67.804162,-58.247515],[67.972592,-57.907922],[68.305744,-57.633477],[68.905477,-57.30621],[69.6358,-56.195121],[69.688709,-55.483686],[69.624194,-55.257323],[69.124505,-54.087623],[68.551838,-53.562725],[68.462923,-53.299677],[68.873567,-53.053904]]}},{"type":"Feature","id":"913-Newwworld","properties":{"roadId":"913-Newwworld","width":101.2,"hidden":true},"geometry":{"type":"LineString","coordinates":[[71.472447,-64.315227],[69.800341,-67.104429],[68.767238,-68.381135],[68.50288,-68.277376],[68.317193,-68.387966],[67.757278,-68.836101],[67.706888,-69.069904],[67.542347,-69.166684],[67.423041,-69.16533],[67.260879,-69.265825]]}},{"type":"Feature","id":"914-Newwworld","properties":{"roadId":"914-Newwworld","width":101.2,"hidden":true},"geometry":{"type":"LineString","coordinates":[[67.804162,-58.247515],[68.114024,-58.40157],[68.75006,-59.403813],[68.908307,-60.509381],[69.328725,-61.399149],[70.039647,-62.01982],[70.804259,-62.315081],[71.376318,-63.010656],[71.669826,-63.846501],[71.472447,-64.315227]]}},{"type":"Feature","id":"914-Newwworld-INGAME","properties":{"roadId":"914-Newwworld-INGAME","width":87.9,"hidden":false},"geometry":{"type":"LineString","coordinates":[[93.192234,-80.667956],[93.337773,-80.931872],[93.542956,-80.99136],[93.806533,-80.998105],[93.951933,-80.916516],[94.126361,-80.517165],[94.503932,-80.104473],[94.529678,-79.80363],[94.65842,-79.7435],[95.022579,-80.010098],[95.476765,-80.103041],[95.75687,-80.34463],[95.953615,-80.321826]]}},{"type":"Feature","id":"915-Newwworld","properties":{"roadId":"915-Newwworld","width":101.2,"hidden":true},"geometry":{"type":"LineString","coordinates":[[56.393064,-46.38672],[55.873453,-45.746813]]}},{"type":"Feature","id":"916-Newwworld","properties":{"roadId":"916-Newwworld","width":148.7,"hidden":false},"geometry":{"type":"LineString","coordinates":[[111.838556,-45.431899],[111.269023,-45.157644],[109.880529,-44.29864]]}},{"type":"Feature","id":"917-Newwworld","properties":{"roadId":"917-Newwworld","width":80.0,"hidden":false},"geometry":{"type":"LineString","coordinates":[[112.294973,-47.826273],[113.556965,-47.883964],[114.180543,-47.283659]]}},{"type":"Feature","id":"918-Newwworld","properties":{"roadId":"918-Newwworld","width":93.6,"hidden":false},"geometry":{"type":"LineString","coordinates":[[111.838556,-45.431899],[111.887176,-45.837725],[112.070536,-46.495765],[112.100814,-46.87469],[111.965918,-47.277938],[112.294973,-47.826273]]}},{"type":"Feature","id":"919-Newwworld","properties":{"roadId":"919-Newwworld","width":105.0,"hidden":false},"geometry":{"type":"LineString","coordinates":[[111.506342,-55.680545],[112.194747,-55.534615],[112.848091,-54.722208],[113.172398,-54.531461],[113.130722,-54.186755],[113.314698,-54.128942],[113.358379,-53.9102],[113.56996,-53.860521],[113.806367,-53.744931],[113.899032,-53.524374],[114.038954,-53.454374],[114.389068,-53.42545],[115.085599,-53.189252],[115.559836,-52.845309],[115.74791,-52.837193],[116.141583,-52.961551]]}},{"type":"Feature","id":"920-Newwworld","properties":{"roadId":"920-Newwworld","width":148.7,"hidden":false},"geometry":{"type":"LineString","coordinates":[[111.292044,-55.900936],[110.98259,-56.586312],[110.797242,-57.39595],[110.839239,-57.707453],[110.666981,-57.909519],[110.684394,-58.874375],[110.667059,-59.195296],[110.573075,-59.428439],[110.642276,-59.534846],[110.347952,-59.878779],[110.342501,-60.028242],[111.02562,-60.651239],[110.992078,-61.205312],[110.698552,-61.786659]]}},{"type":"Feature","id":"921-Newwworld","properties":{"roadId":"921-Newwworld","width":80.0,"hidden":false},"geometry":{"type":"LineString","coordinates":[[111.13483,-55.435336],[111.506342,-55.680545]]}},{"type":"Feature","id":"922-Newwworld","properties":{"roadId":"922-Newwworld","width":148.7,"hidden":false},"geometry":{"type":"LineString","coordinates":[[111.292044,-55.900936],[111.13483,-55.435336]]}},{"type":"Feature","id":"923-Newwworld","properties":{"roadId":"923-Newwworld","width":200.0,"hidden":false},"geometry":{"type":"LineString","coordinates":[[95.916063,-70.273415],[96.583626,-70.451593],[97.30316,-70.573902],[97.539793,-70.826855]]}},{"type":"Feature","id":"924-Newwworld","properties":{"roadId":"924-Newwworld","width":80.0,"hidden":false},"geometry":{"type":"LineString","coordinates":[[96.783106,-68.686735],[97.026961,-68.631978],[97.280677,-68.575693],[97.640565,-68.759704],[98.103466,-68.753749],[98.587478,-68.776431],[99.07077,-68.513678],[99.237871,-68.62025],[99.162237,-69.123759],[99.199816,-69.402553],[99.327568,-69.762311],[99.096621,-70.171931],[99.281821,-70.545942],[99.309113,-70.70484],[99.977179,-71.325468],[100.205869,-72.07027],[100.441808,-72.609639],[100.813805,-73.057036],[100.878884,-73.049232]]}},{"type":"Feature","id":"925-Newwworld","properties":{"roadId":"925-Newwworld","width":112.6,"hidden":true},"geometry":{"type":"LineString","coordinates":[[95.916063,-70.273415],[95.66489,-69.814863],[95.432745,-68.89118],[95.978416,-69.432727],[96.067209,-69.851964],[96.295231,-69.966201],[96.433938,-69.830072],[96.281533,-69.62883],[96.438773,-69.431581],[96.80058,-69.730844],[97.02361,-69.693891],[97.217048,-69.472918],[97.079227,-69.294185],[96.78979,-69.41198],[96.475943,-68.943871],[96.868124,-68.957534],[96.783106,-68.686735]]}},{"type":"Feature","id":"926-Newwworld","properties":{"roadId":"926-Newwworld","width":87.9,"hidden":false},"geometry":{"type":"LineString","coordinates":[[96.180856,-90.254629],[96.540128,-89.693768],[96.61919,-89.780035]]}},{"type":"Feature","id":"927-Newwworld","properties":{"roadId":"927-Newwworld","width":87.9,"hidden":false},"geometry":{"type":"LineString","coordinates":[[96.033182,-89.332603],[96.094432,-89.072915],[96.002261,-88.693365]]}},{"type":"Feature","id":"928-Newwworld","properties":{"roadId":"928-Newwworld","width":87.9,"hidden":false},"geometry":{"type":"LineString","coordinates":[[96.033182,-89.332603],[96.187479,-89.159226]]}},{"type":"Feature","id":"929-Newwworld","properties":{"roadId":"929-Newwworld","width":116.4,"hidden":false},"geometry":{"type":"LineString","coordinates":[[82.013551,-173.64446],[82.018846,-173.791449],[82.13007,-173.924314],[82.196702,-174.08546],[82.037787,-174.111962],[81.820833,-173.847603],[81.660867,-173.815181],[81.894279,-173.693662],[82.013551,-173.64446]]}},{"type":"Feature","id":"930-Newwworld","properties":{"roadId":"930-Newwworld","width":86.0,"hidden":false},"geometry":{"type":"LineString","coordinates":[[87.851956,-170.836204],[87.659299,-170.700431]]}},{"type":"Feature","id":"931-Newwworld","properties":{"roadId":"931-Newwworld","width":86.0,"hidden":false},"geometry":{"type":"LineString","coordinates":[[85.500602,-170.439241],[85.60674,-170.636638]]}},{"type":"Feature","id":"931-Newwworld-INGAME","properties":{"roadId":"931-Newwworld-INGAME","width":80.0,"hidden":false},"geometry":{"type":"LineString","coordinates":[[87.259949,-88.376784],[87.173412,-88.788218],[86.880173,-89.041422],[86.158834,-89.316353],[85.618207,-89.586102],[85.451166,-89.636528],[85.369248,-89.727865],[85.265767,-89.960331],[84.535946,-90.184846],[83.913522,-90.14883],[83.718096,-90.15363],[83.174171,-90.228162],[82.83121,-90.149238],[82.347718,-90.282502],[81.999375,-90.630134],[81.061308,-91.048764],[80.77379,-90.922383],[79.937198,-91.096837],[78.970207,-90.807417],[77.74976,-91.243426],[77.185253,-91.638193],[76.76263,-91.73749],[76.131942,-91.708097],[75.74596,-91.9819],[75.0664,-91.946015],[74.913587,-92.188004],[74.561859,-92.635279]]}},{"type":"Feature","id":"932-Newwworld","properties":{"roadId":"932-Newwworld","width":86.0,"hidden":false},"geometry":{"type":"LineString","coordinates":[[87.642433,-170.88722],[87.851956,-170.836204]]}},{"type":"Feature","id":"933-Newwworld","properties":{"roadId":"933-Newwworld","width":86.0,"hidden":false},"geometry":{"type":"LineString","coordinates":[[87.659299,-170.700431],[87.642433,-170.88722]]}},{"type":"Feature","id":"934-Newwworld","properties":{"roadId":"934-Newwworld","width":116.4,"hidden":false},"geometry":{"type":"LineString","coordinates":[[90.358475,-162.563806],[90.148917,-162.54168],[90.050314,-162.5926],[89.936425,-162.760057],[90.064246,-162.866455],[90.306287,-162.852037]]}},{"type":"Feature","id":"935-Newwworld","properties":{"roadId":"935-Newwworld","width":86.0,"hidden":false},"geometry":{"type":"LineString","coordinates":[[86.672672,-169.421243],[86.861145,-169.706088]]}},{"type":"Feature","id":"936-Newwworld","properties":{"roadId":"936-Newwworld","width":93.6,"hidden":false},"geometry":{"type":"LineString","coordinates":[[86.861145,-169.706088],[87.104115,-169.753787],[87.413664,-169.939535],[87.519924,-170.127261],[87.525557,-170.426307],[87.659299,-170.700431]]}},{"type":"Feature","id":"937-Newwworld","properties":{"roadId":"937-Newwworld","width":86.0,"hidden":false},"geometry":{"type":"LineString","coordinates":[[86.672672,-169.421243],[86.597898,-169.593934]]}},{"type":"Feature","id":"938-Newwworld","properties":{"roadId":"938-Newwworld","width":86.0,"hidden":false},"geometry":{"type":"LineString","coordinates":[[86.597898,-169.593934],[86.861145,-169.706088]]}},{"type":"Feature","id":"939-Newwworld","properties":{"roadId":"939-Newwworld","width":86.0,"hidden":false},"geometry":{"type":"LineString","coordinates":[[85.925734,-170.839737],[86.406126,-171.275043],[86.904913,-171.483897],[87.341373,-171.227864],[87.642433,-170.88722]]}},{"type":"Feature","id":"93--INGAME","properties":{"roadId":"93--INGAME","width":110.7,"hidden":true},"geometry":{"type":"LineString","coordinates":[[74.106605,-216.353251],[75.148866,-216.789103],[75.854962,-216.952211],[76.698255,-217.147177],[77.144906,-217.501345],[77.369238,-218.016972],[78.118876,-218.054906]]}},{"type":"Feature","id":"940-Newwworld","properties":{"roadId":"940-Newwworld","width":86.0,"hidden":false},"geometry":{"type":"LineString","coordinates":[[86.597898,-169.593934],[86.353861,-169.63048],[86.137193,-169.91167],[86.042557,-170.358312],[85.912835,-170.571724]]}},{"type":"Feature","id":"941-Newwworld","properties":{"roadId":"941-Newwworld","width":86.0,"hidden":false},"geometry":{"type":"LineString","coordinates":[[85.912835,-170.571724],[85.925734,-170.839737]]}},{"type":"Feature","id":"942-Newwworld","properties":{"roadId":"942-Newwworld","width":86.0,"hidden":false},"geometry":{"type":"LineString","coordinates":[[85.60674,-170.636638],[85.925734,-170.839737]]}},{"type":"Feature","id":"943-Newwworld","properties":{"roadId":"943-Newwworld","width":86.0,"hidden":false},"geometry":{"type":"LineString","coordinates":[[85.912835,-170.571724],[85.60674,-170.636638]]}},{"type":"Feature","id":"944-Newwworld","properties":{"roadId":"944-Newwworld","width":101.2,"hidden":true},"geometry":{"type":"LineString","coordinates":[[87.851956,-170.836204],[88.138754,-170.82393],[88.309674,-170.590561],[88.297079,-170.379171],[88.374779,-170.220395],[88.63537,-169.948823],[89.092776,-169.993615],[89.31506,-170.115742],[89.56296,-170.251931],[90.386817,-171.231839]]}},{"type":"Feature","id":"945-Newwworld","properties":{"roadId":"945-Newwworld","width":116.4,"hidden":true},"geometry":{"type":"LineString","coordinates":[[79.987346,-172.659648],[80.683737,-172.47338]]}},{"type":"Feature","id":"946-Newwworld","properties":{"roadId":"946-Newwworld","width":116.4,"hidden":false},"geometry":{"type":"LineString","coordinates":[[97.853847,-162.712279],[98.025332,-162.693737],[98.14443,-162.853712],[98.277373,-162.882349],[98.152581,-162.993053],[98.03449,-162.953365],[97.901955,-162.908834]]}},{"type":"Feature","id":"947-Newwworld","properties":{"roadId":"947-Newwworld","width":91.7,"hidden":false},"geometry":{"type":"LineString","coordinates":[[86.061099,-183.246611],[85.887947,-183.315821],[85.784701,-183.380795],[85.454422,-183.323894],[85.339352,-183.072583],[85.038804,-182.927764],[84.47697,-182.943372],[84.128593,-182.863337],[83.68748,-183.109458],[83.029813,-183.396473],[82.774951,-183.468209],[82.281381,-183.508357],[81.897812,-183.621795],[81.24939,-183.695362],[80.914892,-183.685553],[80.643685,-183.82176],[80.309005,-183.840806],[79.932294,-184.015537],[79.568239,-184.14513]]}},{"type":"Feature","id":"948-Newwworld","properties":{"roadId":"948-Newwworld","width":116.4,"hidden":true},"geometry":{"type":"LineString","coordinates":[[97.901955,-162.908834],[97.859551,-162.727904]]}},{"type":"Feature","id":"949-Newwworld","properties":{"roadId":"949-Newwworld","width":167.7,"hidden":true},"geometry":{"type":"LineString","coordinates":[[101.293712,-159.775898],[101.441716,-159.775264],[101.882845,-159.667191],[102.559419,-159.683693],[103.030974,-159.732434],[103.448754,-159.696722],[103.582001,-159.843658],[103.950526,-159.915889],[104.234781,-159.99648],[104.678272,-159.748771],[105.312927,-159.665038],[105.73989,-159.616383],[106.216619,-159.821679],[106.572705,-159.861523],[106.909277,-159.781636],[107.720539,-159.678528],[108.240055,-159.31304],[108.405151,-159.071902],[108.790004,-158.777813],[109.300588,-158.605711],[110.033706,-159.229507],[111.062564,-159.259984]]}},{"type":"Feature","id":"950-Newwworld","properties":{"roadId":"950-Newwworld","width":116.4,"hidden":true},"geometry":{"type":"LineString","coordinates":[[98.795943,-159.114967],[99.42433,-159.36745],[100.06231,-159.554551],[100.62732,-159.70641],[101.293712,-159.775898]]}},{"type":"Feature","id":"951-Newwworld","properties":{"roadId":"951-Newwworld","width":116.4,"hidden":true},"geometry":{"type":"LineString","coordinates":[[98.795943,-159.114967],[98.491923,-159.613675],[98.615152,-160.047383],[98.702279,-160.253972],[98.705456,-160.513365],[98.476766,-160.797342],[98.17904,-161.193238],[97.9412,-161.555062],[97.981027,-161.768057],[97.939803,-162.028171]]}},{"type":"Feature","id":"953-Newwworld","properties":{"roadId":"953-Newwworld","width":101.2,"hidden":true},"geometry":{"type":"LineString","coordinates":[[90.386817,-171.231839],[90.472295,-171.49362],[90.423848,-171.755739],[90.351652,-171.838708],[90.233778,-171.963812],[90.198874,-172.098813],[90.24686,-172.220098],[90.39752,-172.287043],[90.510993,-172.347789],[90.518632,-172.521496],[90.710811,-172.675386],[90.711098,-172.977514],[90.753441,-173.342289],[90.714049,-173.459902],[90.318674,-173.697186],[90.071208,-174.035009],[90.100931,-174.251737],[89.77711,-174.46573],[89.568889,-174.521798],[89.393072,-174.710349],[89.286831,-175.013336],[89.285364,-176.013644],[89.307829,-176.519652],[89.026578,-177.374768],[88.824806,-177.705863],[88.790917,-177.980143],[89.012732,-178.348973],[88.808443,-178.943367],[88.948322,-179.111493],[88.897949,-179.230721],[88.887107,-179.566503]]}},{"type":"Feature","id":"954-Newwworld-INGAME","properties":{"roadId":"954-Newwworld-INGAME","width":87.9,"hidden":false},"geometry":{"type":"LineString","coordinates":[[90.388214,-89.317855],[90.529213,-88.795926],[90.584456,-88.156098]]}},{"type":"Feature","id":"955-Newwworld","properties":{"roadId":"955-Newwworld","width":125.9,"hidden":true},"geometry":{"type":"LineString","coordinates":[[91.187123,-158.731363],[91.518878,-158.617942],[91.823228,-158.548923],[92.17849,-158.151153],[92.311962,-158.15367],[92.43698,-158.133028],[92.497926,-157.873261]]}},{"type":"Feature","id":"956-Newwworld","properties":{"roadId":"956-Newwworld","width":116.4,"hidden":true},"geometry":{"type":"LineString","coordinates":[[91.187123,-158.731363],[91.143043,-159.072449],[91.091854,-159.569473],[91.252827,-160.107262],[91.307367,-160.680606],[91.192471,-161.120321],[91.030534,-161.240312],[91.01925,-161.411745],[90.975864,-161.621867],[90.81635,-161.813535],[90.659292,-162.049751],[90.499656,-162.156548],[90.415984,-162.45516],[90.358475,-162.563806]]}},{"type":"Feature","id":"957-Newwworld","properties":{"roadId":"957-Newwworld","width":116.4,"hidden":false},"geometry":{"type":"LineString","coordinates":[[97.853847,-162.712279],[97.901955,-162.908834]]}},{"type":"Feature","id":"958-Newwworld","properties":{"roadId":"958-Newwworld","width":86.0,"hidden":false},"geometry":{"type":"LineString","coordinates":[[85.500602,-170.439241],[85.576236,-170.133381],[85.661593,-169.657277],[85.835083,-169.414264],[86.294329,-169.085391]]}},{"type":"Feature","id":"958-Newwworld-INGAME","properties":{"roadId":"958-Newwworld-INGAME","width":105.0,"hidden":true},"geometry":{"type":"LineString","coordinates":[[215.496824,-158.374192],[216.195264,-158.16551],[217.055858,-158.372021],[218.104125,-158.6321],[218.635811,-158.926251],[219.096403,-159.05014],[219.370101,-159.033334],[219.773835,-159.142163],[220.008038,-159.144342],[220.212639,-159.421556],[220.371147,-159.427607]]}},{"type":"Feature","id":"959-Newwworld","properties":{"roadId":"959-Newwworld","width":116.4,"hidden":true},"geometry":{"type":"LineString","coordinates":[[79.561876,-172.786775],[79.725479,-172.729692],[79.987346,-172.659648]]}},{"type":"Feature","id":"960-Newwworld","properties":{"roadId":"960-Newwworld","width":86.0,"hidden":true},"geometry":{"type":"LineString","coordinates":[[86.294329,-169.085391],[86.286013,-168.763324],[86.41084,-168.380311],[86.568236,-168.070744],[86.700381,-167.984189],[86.772803,-167.92392],[86.869722,-167.721541],[86.857126,-167.36055],[86.951293,-167.287859],[86.955651,-167.122259]]}},{"type":"Feature","id":"961-Newwworld","properties":{"roadId":"961-Newwworld","width":86.0,"hidden":false},"geometry":{"type":"LineString","coordinates":[[86.672672,-169.421243],[86.402185,-169.181129],[86.294329,-169.085391]]}},{"type":"Feature","id":"962-Newwworld","properties":{"roadId":"962-Newwworld","width":116.4,"hidden":true},"geometry":{"type":"LineString","coordinates":[[79.987346,-172.659648],[79.931243,-173.062332]]}},{"type":"Feature","id":"963-Newwworld","properties":{"roadId":"963-Newwworld","width":86.0,"hidden":false},"geometry":{"type":"LineString","coordinates":[[107.545208,-188.962698],[108.104368,-189.200355],[108.42048,-189.548742],[109.225917,-190.070445]]}},{"type":"Feature","id":"964-Newwworld","properties":{"roadId":"964-Newwworld","width":116.4,"hidden":true},"geometry":{"type":"LineString","coordinates":[[79.931243,-173.062332],[79.561876,-172.786775]]}},{"type":"Feature","id":"965-Newwworld","properties":{"roadId":"965-Newwworld","width":116.4,"hidden":false},"geometry":{"type":"LineString","coordinates":[[90.306287,-162.852037],[90.396357,-162.719319],[90.358475,-162.563806]]}},{"type":"Feature","id":"966-Newwworld","properties":{"roadId":"966-Newwworld","width":93.6,"hidden":true},"geometry":{"type":"LineString","coordinates":[[90.306287,-162.852037],[90.214872,-163.078773],[90.296435,-163.588376]]}},{"type":"Feature","id":"967-Newwworld","properties":{"roadId":"967-Newwworld","width":116.4,"hidden":true},"geometry":{"type":"LineString","coordinates":[[81.723506,-172.491705],[82.13981,-172.362798],[82.558153,-172.585195],[83.433859,-172.48641],[83.661186,-172.250888],[83.876231,-171.862527],[84.359088,-171.235919],[84.585365,-170.713808],[84.669107,-170.49458],[84.872145,-170.389753],[85.226114,-170.325821],[85.500602,-170.439241]]}},{"type":"Feature","id":"968-Newwworld","properties":{"roadId":"968-Newwworld","width":116.4,"hidden":true},"geometry":{"type":"LineString","coordinates":[[81.723506,-172.491705],[81.775086,-172.943911],[81.97592,-173.211638],[82.016363,-173.408522],[82.085469,-173.509807],[82.013551,-173.64446]]}},{"type":"Feature","id":"969-Newwworld","properties":{"roadId":"969-Newwworld","width":91.7,"hidden":false},"geometry":{"type":"LineString","coordinates":[[79.568239,-184.14513],[79.354193,-184.221319],[78.944738,-184.539923],[78.461655,-184.885748],[78.117348,-185.642539],[77.819934,-186.093174],[77.644065,-186.274234],[77.531608,-186.575798],[77.203899,-186.940773],[77.048794,-187.076954],[76.790937,-187.364984],[75.162894,-187.373057],[74.757458,-187.204741],[74.230312,-187.132562],[73.656517,-186.903221],[73.368261,-186.857127],[72.72003,-186.446413],[72.392199,-186.375979],[72.117467,-186.289764],[72.014767,-186.157263],[71.829836,-185.968434],[71.304565,-185.757592],[71.037055,-185.506159],[70.807523,-185.253397],[70.469831,-185.008553]]}},{"type":"Feature","id":"969-Newwworld-INGAME","properties":{"roadId":"969-Newwworld-INGAME","width":87.9,"hidden":false},"geometry":{"type":"LineString","coordinates":[[91.544599,-94.578984],[91.596682,-94.062585],[91.114276,-92.897233],[91.003998,-92.076831],[90.798624,-91.700094],[90.597104,-91.587186],[90.611106,-91.128174],[90.188561,-90.616392],[90.103561,-90.269994],[90.321174,-89.83231],[90.388214,-89.317855]]}},{"type":"Feature","id":"970-Newwworld","properties":{"roadId":"970-Newwworld","width":116.4,"hidden":true},"geometry":{"type":"LineString","coordinates":[[79.931243,-173.062332],[80.265454,-173.494338],[80.427807,-173.822933],[80.277234,-174.498925],[80.199491,-174.910159],[80.394552,-175.270638],[80.61214,-175.545517],[80.764658,-176.014625],[80.826333,-176.436458],[80.954528,-176.583949],[80.888252,-176.888829],[80.876698,-177.309846],[80.991611,-177.444577],[81.404191,-177.724439],[81.56512,-178.046081],[81.510346,-178.429129],[81.417828,-178.70137],[81.154694,-178.95697],[80.966933,-179.056302],[80.566671,-179.32349],[80.346644,-179.605817],[80.231097,-179.632797],[79.950731,-179.66442],[79.861521,-179.734507],[79.794073,-180.124031],[79.578976,-180.360664],[79.434401,-180.741377],[78.983844,-180.911134],[78.928453,-181.044077],[79.114964,-181.37328],[79.177604,-181.68013],[79.185104,-182.115913],[79.428594,-182.624118],[79.508889,-183.076636],[79.359019,-183.754833],[79.432882,-183.969027],[79.568239,-184.14513]]}},{"type":"Feature","id":"971-Newwworld","properties":{"roadId":"971-Newwworld","width":76.5,"hidden":false},"geometry":{"type":"LineString","coordinates":[[88.777853,-184.721555],[89.221066,-185.113501],[89.251344,-185.532252],[89.205268,-185.661984],[89.347586,-185.902861],[89.859003,-186.265562],[89.965244,-186.520763],[90.114932,-186.631562],[90.185853,-186.74993],[90.275801,-187.174367],[90.258257,-187.521243],[90.509517,-187.631496],[90.790638,-188.165299],[91.912013,-188.562688],[93.178997,-188.671803],[93.920787,-189.152907],[94.560937,-190.207164],[95.26034,-190.586436],[95.717156,-191.431925],[95.880238,-191.863663],[96.261359,-192.157848],[96.430518,-193.120082],[96.036697,-194.214851],[96.286082,-195.547512]]}},{"type":"Feature","id":"972-Newwworld","properties":{"roadId":"972-Newwworld","width":76.5,"hidden":true},"geometry":{"type":"LineString","coordinates":[[88.777853,-184.721555],[88.891794,-184.541459],[88.880597,-184.240243],[88.993001,-183.937629],[88.854642,-183.510232],[88.642801,-182.923884],[88.593,-182.834847],[88.652037,-182.694057]]}},{"type":"Feature","id":"973-Newwworld","properties":{"roadId":"973-Newwworld","width":86.0,"hidden":false},"geometry":{"type":"LineString","coordinates":[[89.702335,-182.656349],[89.650807,-182.52535],[89.593377,-182.487129],[89.450364,-182.496704]]}},{"type":"Feature","id":"974-Newwworld","properties":{"roadId":"974-Newwworld","width":120.2,"hidden":true},"geometry":{"type":"LineString","coordinates":[[73.906822,-169.200409],[73.760736,-169.464559],[73.861613,-169.663987],[74.116614,-169.78107],[74.16908,-169.850316],[74.293299,-169.914969],[74.664255,-169.951687],[74.888292,-170.540491],[75.406584,-171.267517],[75.656724,-171.579063],[75.657409,-171.840244],[75.766394,-172.323614],[75.890891,-172.698138],[75.957107,-173.044745],[76.06551,-173.234372]]}},{"type":"Feature","id":"975-Newwworld","properties":{"roadId":"975-Newwworld","width":101.2,"hidden":true},"geometry":{"type":"LineString","coordinates":[[88.083068,-181.996016],[87.834951,-182.070114],[87.689143,-182.343648],[87.550661,-182.591079],[87.170304,-182.806618],[86.876657,-182.916905],[86.719513,-183.074275],[86.311256,-183.146619],[86.256673,-183.168434],[86.061099,-183.246611]]}},{"type":"Feature","id":"976-Newwworld","properties":{"roadId":"976-Newwworld","width":76.5,"hidden":true},"geometry":{"type":"LineString","coordinates":[[88.652037,-182.694057],[88.473937,-182.541096],[88.263303,-182.294333],[88.083068,-181.996016]]}},{"type":"Feature","id":"977-Newwworld","properties":{"roadId":"977-Newwworld","width":86.0,"hidden":false},"geometry":{"type":"LineString","coordinates":[[89.697101,-182.174446],[89.734306,-182.368118],[89.71862,-182.493075],[89.702335,-182.656349]]}},{"type":"Feature","id":"978-Newwworld","properties":{"roadId":"978-Newwworld","width":101.2,"hidden":true},"geometry":{"type":"LineString","coordinates":[[88.887107,-179.566503],[88.855492,-179.727745],[88.86465,-180.008232],[88.659936,-180.123519],[88.556055,-180.326879],[88.278598,-180.409214],[88.037746,-180.562236],[87.937,-180.67701],[87.989048,-180.901143],[87.857503,-181.141769],[87.834899,-181.260068],[87.900055,-181.346839],[88.001462,-181.360476],[88.099491,-181.450737],[88.209119,-181.812084],[88.083068,-181.996016]]}},{"type":"Feature","id":"979-Newwworld","properties":{"roadId":"979-Newwworld","width":82.2,"hidden":false},"geometry":{"type":"LineString","coordinates":[[107.602405,-191.925304],[107.970948,-191.327836],[108.140783,-191.172263],[108.367503,-191.089728],[108.699084,-190.601124],[108.793155,-190.507078]]}},{"type":"Feature","id":"980-Newwworld","properties":{"roadId":"980-Newwworld","width":86.0,"hidden":true},"geometry":{"type":"LineString","coordinates":[[88.887107,-179.566503],[89.097325,-179.659073],[89.40309,-179.858874],[89.521163,-180.070637],[89.679913,-180.224977],[89.78533,-180.462279],[90.039246,-180.683877],[90.143665,-181.006612],[90.295679,-181.348306],[90.364221,-181.517447],[90.346036,-181.612708],[90.218509,-181.821545]]}},{"type":"Feature","id":"980-Newwworld-INGAME","properties":{"roadId":"980-Newwworld-INGAME","width":101.2,"hidden":true},"geometry":{"type":"LineString","coordinates":[[84.799793,-28.728049],[84.808838,-29.167547],[84.772015,-29.871455],[84.883109,-30.331613],[84.788708,-30.547499],[84.901208,-31.035348],[85.005757,-31.313214]]}},{"type":"Feature","id":"981-Newwworld","properties":{"roadId":"981-Newwworld","width":86.0,"hidden":true},"geometry":{"type":"LineString","coordinates":[[90.218509,-181.821545],[90.075045,-181.966147],[89.957171,-181.968247],[89.697101,-182.174446]]}},{"type":"Feature","id":"982-Newwworld","properties":{"roadId":"982-Newwworld","width":86.0,"hidden":false},"geometry":{"type":"LineString","coordinates":[[90.218509,-181.821545],[90.494491,-181.781884],[90.643432,-181.831476],[90.804804,-181.851815],[90.950187,-181.921841],[91.193807,-182.202988],[91.537055,-182.288474],[92.078906,-182.557034],[92.752979,-182.958528],[93.897159,-183.29491],[94.829723,-183.476551],[95.216529,-183.419085],[95.41607,-183.425362],[95.693884,-183.394381],[95.95602,-183.385144],[96.226854,-183.315899],[96.545223,-183.474719],[97.389697,-183.393052],[98.342773,-183.454251],[98.680908,-183.587289],[98.978895,-183.77709],[99.14327,-183.756639],[99.43736,-183.479546],[99.569687,-183.024796],[99.832474,-182.658276],[100.313118,-182.486617],[100.739534,-182.463197],[101.473582,-182.489074],[101.982004,-182.646783]]}},{"type":"Feature","id":"984-Newwworld","properties":{"roadId":"984-Newwworld","width":78.4,"hidden":false},"geometry":{"type":"LineString","coordinates":[[107.545208,-188.962698],[107.517682,-189.120173],[107.261692,-189.701676],[107.146796,-190.080306],[107.146153,-190.576575],[107.377534,-191.176968],[107.414991,-191.46045],[107.528177,-191.669817],[107.602405,-191.925304]]}},{"type":"Feature","id":"985-Newwworld","properties":{"roadId":"985-Newwworld","width":76.5,"hidden":true},"geometry":{"type":"LineString","coordinates":[[89.369626,-182.568978],[89.561502,-182.686722],[89.702335,-182.656349]]}},{"type":"Feature","id":"986-Newwworld","properties":{"roadId":"986-Newwworld","width":99.3,"hidden":true},"geometry":{"type":"LineString","coordinates":[[86.569504,-151.625332],[86.523106,-151.446139],[86.377559,-151.279671],[86.170518,-151.122387],[86.023017,-150.876388],[85.903755,-150.752586],[85.89747,-150.560866],[85.545715,-150.228226],[85.268501,-150.16419],[85.135202,-150.184416],[85.051469,-150.1886],[84.946781,-150.086577],[84.915722,-150.016377],[84.876165,-150.00379],[84.824237,-150.067193],[84.717492,-150.034467],[84.618855,-149.92635],[84.457257,-149.82188],[84.331684,-149.927843],[84.241675,-149.893234],[84.152759,-149.896533],[83.928097,-149.850204],[83.764685,-149.818885],[83.69143,-149.861177],[83.520465,-149.854041],[83.44445,-149.909623],[83.289883,-149.831176],[83.068285,-149.779796],[83.017382,-149.672495],[82.921106,-149.601436],[82.868797,-149.527]]}},{"type":"Feature","id":"987-Newwworld","properties":{"roadId":"987-Newwworld","width":116.4,"hidden":true},"geometry":{"type":"LineString","coordinates":[[80.683737,-172.47338],[81.196412,-172.411435],[81.37637,-172.599188],[81.723506,-172.491705]]}},{"type":"Feature","id":"988-Newwworld","properties":{"roadId":"988-Newwworld","width":86.0,"hidden":false},"geometry":{"type":"LineString","coordinates":[[89.450364,-182.496704],[89.346371,-182.352632],[89.345589,-182.26317],[89.38947,-182.191937],[89.414869,-182.069281],[89.454965,-182.14521],[89.52954,-182.114654],[89.593168,-182.106486],[89.697101,-182.174446]]}},{"type":"Feature","id":"989-Newwworld","properties":{"roadId":"989-Newwworld","width":89.8,"hidden":true},"geometry":{"type":"LineString","coordinates":[[92.842745,-147.250768],[92.637762,-147.653808],[92.103064,-148.036335],[91.946518,-148.549592],[91.853897,-148.909133],[91.408982,-149.216756],[91.271881,-149.481826],[90.987166,-149.640282],[90.492772,-150.035847],[90.453883,-150.047592]]}},{"type":"Feature","id":"989-Newwworld-INGAME","properties":{"roadId":"989-Newwworld-INGAME","width":148.7,"hidden":false},"geometry":{"type":"LineString","coordinates":[[97.13072,-42.54879],[95.97944,-42.018788],[94.442438,-41.807685]]}},{"type":"Feature","id":"990-Newwworld","properties":{"roadId":"990-Newwworld","width":84.1,"hidden":false},"geometry":{"type":"LineString","coordinates":[[113.765143,-158.839454],[113.588258,-158.573333],[113.574856,-158.428315],[113.439673,-158.333862],[113.399499,-158.173713],[113.42107,-157.884589],[113.328084,-157.630995],[113.075548,-157.406766],[113.000861,-157.168502],[113.03146,-157.037407],[112.900174,-156.868848],[112.667951,-156.746408],[112.539626,-156.807572],[112.316318,-156.556876],[112.279912,-156.396902],[112.124382,-156.330053],[111.740092,-156.298638],[111.594536,-156.31704],[111.295525,-156.085087],[111.166505,-155.568713],[111.266584,-155.111325],[111.198424,-154.954805],[111.092686,-154.827461],[110.984317,-154.998633],[110.690072,-155.062904],[110.637927,-154.911046],[110.540809,-154.857287],[110.282127,-154.435888],[110.326225,-154.120748],[110.479281,-153.691103],[110.21632,-153.094651],[110.237891,-152.527106]]}},{"type":"Feature","id":"991-Newwworld","properties":{"roadId":"991-Newwworld","width":120.2,"hidden":false},"geometry":{"type":"LineString","coordinates":[[92.842745,-147.250768],[93.774997,-147.163459],[94.026161,-147.268763],[94.338879,-147.250378],[94.696441,-147.214284],[94.92843,-147.513104],[95.118378,-147.560795],[95.434803,-147.587436],[95.618901,-147.738947],[95.906992,-147.818001],[96.061237,-147.905258],[96.173095,-148.090112],[96.440214,-148.159461],[96.563574,-148.438047],[96.828835,-148.668238],[97.083767,-148.729966],[97.365217,-148.386797],[97.747163,-148.32631],[97.980141,-148.336267],[98.473112,-148.593924],[98.538016,-148.697145],[98.706064,-148.84817],[98.732166,-149.108709],[98.852071,-149.299656],[98.926368,-149.520637],[99.177515,-149.516566],[99.344825,-149.499214],[99.482056,-149.38101],[99.78118,-149.273119],[100.238014,-149.115714],[100.407389,-149.132259],[100.53811,-149.033899],[101.027183,-149.055167],[101.35484,-149.063509],[101.723965,-149.017519],[102.076726,-149.107901],[102.354019,-149.015167],[102.626268,-148.929802],[102.965931,-148.76218],[103.185584,-148.618777],[103.357104,-148.48072],[103.498294,-148.427595],[103.712053,-148.393212],[103.993669,-148.200338],[104.088764,-148.345243],[104.319599,-148.555591],[104.582516,-148.774853],[104.725537,-148.867067],[104.942995,-148.886755],[105.093681,-148.97396],[105.111198,-149.132849],[105.06862,-149.363744],[105.063351,-149.520993],[105.120825,-149.760265],[105.164471,-149.971741],[105.357241,-150.252966],[105.610358,-150.316855],[105.890142,-150.316838],[106.319926,-150.297142],[106.656803,-150.337541],[107.025528,-150.375545],[107.313689,-150.432793],[107.63454,-150.532177],[107.730956,-150.665268],[107.88448,-150.725468],[108.068092,-150.728133],[108.204291,-150.858984],[108.312234,-150.983333],[108.669761,-151.354593],[108.758346,-151.506364],[108.951047,-151.68166],[109.09504,-151.73015],[109.82644,-152.191063],[110.237891,-152.527106]]}},{"type":"Feature","id":"991-Newwworld-INGAME","properties":{"roadId":"991-Newwworld-INGAME","width":101.2,"hidden":true},"geometry":{"type":"LineString","coordinates":[[69.015981,-10.91028],[70.323988,-10.07894],[70.733113,-9.667654],[70.761967,-9.482411],[70.780301,-9.170604],[70.968696,-9.158798],[71.062567,-9.268434],[71.438515,-9.073555],[71.668672,-8.541088]]}},{"type":"Feature","id":"992-Newwworld","properties":{"roadId":"992-Newwworld","width":89.8,"hidden":false},"geometry":{"type":"LineString","coordinates":[[92.771947,-144.363536],[92.776261,-144.444587],[92.995446,-145.385128],[93.135029,-146.185036],[92.965784,-146.778657],[92.866053,-146.894969],[92.819716,-147.076297],[92.842745,-147.250768]]}},{"type":"Feature","id":"993-Newwworld","properties":{"roadId":"993-Newwworld","width":87.9,"hidden":false},"geometry":{"type":"LineString","coordinates":[[83.006879,-144.51983],[82.240227,-145.280388],[82.193577,-146.373561],[82.355904,-147.030499],[82.061754,-147.529936],[82.239011,-147.922602],[82.337119,-148.853847],[82.452866,-148.942232],[82.724074,-148.907866],[82.84035,-149.019203],[82.817876,-149.141634],[82.849257,-149.269291],[82.868797,-149.527]]}},{"type":"Feature","id":"994-Newwworld","properties":{"roadId":"994-Newwworld","width":89.8,"hidden":false},"geometry":{"type":"LineString","coordinates":[[92.771947,-144.363536],[92.297587,-144.3795],[92.083854,-144.26239],[91.912412,-144.282468],[91.725337,-144.373432],[91.475241,-144.339561],[91.294797,-144.218397],[91.120882,-144.190133],[90.893416,-144.227789],[90.780065,-144.098674],[90.671349,-144.062042],[90.466921,-144.080037],[90.174446,-144.108423],[89.671485,-144.097572],[89.394635,-143.927797],[89.308671,-143.860115],[89.232976,-143.994837],[89.137429,-144.091426],[88.900466,-144.110688],[88.444388,-144.268475],[88.13786,-144.426705],[87.81127,-144.475056],[87.594342,-144.400472],[87.379654,-144.650143],[87.392302,-144.899849],[87.342327,-145.165336],[87.421555,-145.297151],[87.317779,-145.388141],[86.56446,-145.74776],[85.987922,-145.810798],[85.639049,-145.738281],[85.399482,-145.768402],[85.34535,-145.912995],[85.345767,-146.184758],[85.217181,-146.250192],[85.037597,-146.313977],[84.82955,-146.272024],[84.53579,-146.056381],[84.271909,-145.858307],[84.235867,-145.637143],[84.025146,-145.555381],[83.871847,-145.28248],[83.509745,-144.998],[83.418937,-144.739206],[83.221515,-144.6399],[83.006879,-144.51983]]}},{"type":"Feature","id":"994-Newwworld-INGAME","properties":{"roadId":"994-Newwworld-INGAME","width":105.0,"hidden":false},"geometry":{"type":"LineString","coordinates":[[116.141583,-52.961551],[116.676785,-52.490708],[117.017402,-52.03088]]}},{"type":"Feature","id":"995-Newwworld","properties":{"roadId":"995-Newwworld","width":125.9,"hidden":true},"geometry":{"type":"LineString","coordinates":[[92.497926,-157.873261],[92.966991,-157.908617],[93.223276,-157.691299],[93.512235,-157.635118],[93.617574,-157.357044],[93.851707,-157.245438],[94.32907,-157.127521],[95.0083,-157.099283],[95.603145,-157.121114],[96.052574,-157.21516],[96.497471,-157.379535],[96.788696,-157.574388],[97.152057,-157.948895],[97.599992,-158.676128],[98.328033,-158.973595],[98.795943,-159.114967]]}},{"type":"Feature","id":"997-Newwworld","properties":{"roadId":"997-Newwworld","width":80.0,"hidden":true},"geometry":{"type":"LineString","coordinates":[[92.66225,-154.800525],[92.635141,-154.979406],[92.44876,-155.2559]]}},{"type":"Feature","id":"998-Newwworld","properties":{"roadId":"998-Newwworld","width":80.0,"hidden":false},"geometry":{"type":"LineString","coordinates":[[92.66225,-154.800525],[92.577137,-154.68187],[92.443083,-154.568519],[92.461503,-154.475645],[92.546,-154.418735],[92.689412,-154.36489],[92.801174,-154.491027],[92.647467,-154.444447],[92.760827,-154.615837],[92.808848,-154.72332],[92.81357,-154.865282],[92.731139,-154.851706],[92.66225,-154.800525]]}},{"type":"Feature","id":"999-Newwworld","properties":{"roadId":"999-Newwworld","width":89.8,"hidden":true},"geometry":{"type":"LineString","coordinates":[[90.453883,-150.047592],[90.056686,-150.167627],[89.785009,-150.349208],[89.405234,-150.476734],[89.026352,-150.544104],[88.906551,-150.746284],[88.772775,-151.01868],[88.722558,-151.218386],[88.593043,-151.338274],[88.41872,-151.461069],[87.954994,-151.499689],[87.870949,-151.447866],[87.715219,-151.484394],[87.37869,-151.431555],[87.183342,-151.425852],[86.813992,-151.517597],[86.569504,-151.625332]]}}]}